id,displayName,name,craftingCategory,tooltipTypeName,galoisPath,action,isPlaceable,isBlueprint,isBlock,isCollidable,boxSize,collidableSize,description
7539420629350438,? Block,? Block,Block,Block,,place,false,false,true,false,,,
7539420629350327,? Block,? Block,Item,Block,blocks/template,place,false,false,true,false,,,
1534621126189853,? Block,? Block,Block,Block,,place,false,false,true,false,,,
7539420629350048,? Seed,? Seed,Item,,items/seed_generic,plant,false,false,false,false,,,
7051539283438759,???,???,Recipe,,,,false,false,false,false,,,
4964950702354494,???,???,Recipe,,,,false,false,false,false,,,
7564917253356134,???,???,Recipe,,,,false,false,false,false,,,
3342814137006934,???,???,Recipe,,,,false,false,false,false,,,
881356273198625,???,???,Recipe,,,,false,false,false,false,,,
6508530101835755,???,???,Recipe,,,,false,false,false,false,,,
1317555273134507,???,???,Recipe,,,,false,false,false,false,,,
4537020877769724,???,???,Recipe,,,,false,false,false,false,,,
6191545046585227,???,???,Recipe,,,,false,false,false,false,,,
3587443907906135,???,???,Recipe,,,,false,false,false,false,,,
2784644800587916,???,???,Recipe,,,,false,false,false,false,,,
6064751024484756,???,???,Recipe,,,,false,false,false,false,,,
1534621126189253,???,???,Recipe,,,,false,false,false,false,,,
7539420629350207,???,???,Recipe,,,,false,false,false,false,,,
8249880611875620,???,???,Recipe,,,,false,false,false,false,,,
8508292341699048,???,???,Recipe,,,,false,false,false,false,,,
3779702234895359,???,???,Recipe,,,,false,false,false,false,,,
5973100997644100,???,???,Item,,,,false,false,false,false,,,
8428356979940632,???,???,Recipe,,,,false,false,false,false,,,
4537020877769868,???,???,Recipe,,,,false,false,false,false,,,
2508316524162437,???,???,Recipe,,,,false,false,false,false,,,
2059024663244695,???,???,Item,,,,false,false,false,false,,,
1137700709176466,???,???,Recipe,,,,false,false,false,false,,,
7492561969004741,???,???,Recipe,,,,false,false,false,false,,,
7539420629350213,???,???,Recipe,,,,false,false,false,false,,,
7083237788963999,???,???,Recipe,,,,false,false,false,false,,,
2970701246063770,???,???,Item,,,,false,false,false,false,,,
7539420629350198,???,???,Recipe,,,,false,false,false,false,,,
1532553832347428,???,???,Recipe,,,,false,false,false,false,,,
3865150380224382,???,???,Recipe,,,,false,false,false,false,,,
7303749131747209,???,???,Recipe,,,,false,false,false,false,,,
7539420629350225,???,???,Recipe,,,,false,false,false,false,,,
5091055626506796,???,???,Recipe,,,,false,false,false,false,,,
276328276433364,???,???,Item,,,,false,false,false,false,,,
8198887363861912,???,???,Item,,,,false,false,false,false,,,
760075034702784,???,???,recipe,,,,false,false,false,false,,,Convert deprecated muckshroom spores to muckshroom spores
7121138176005033,???,???,Recipe,,,,false,false,false,false,,,
4537020877769808,???,???,Item,,,place,true,false,false,false,,,
7254134079620563,???,???,Recipe,,,,false,false,false,false,,,
7539420629350201,???,???,Recipe,,,,false,false,false,false,,,
5973100997644103,???,???,Item,,,,false,false,false,false,,,
6443065796946966,???,???,Recipe,,,,false,false,false,false,,,
2548284205041105,???,???,Recipe,,,,false,false,false,false,,,
6081289375193994,???,???,Recipe,,,,false,false,false,false,,,
7857094782548109,???,???,Item,,,,false,false,false,false,,,
4537020877769733,???,???,Recipe,,,,false,false,false,false,,,
4537020877769877,???,???,Recipe,,,,false,false,false,false,,,
7194871656255347,???,???,Recipe,,,,false,false,false,false,,,
1534621126189550,???,???,Recipe,,,,false,false,false,false,,,
4122873012108377,???,???,Recipe,,,,false,false,false,false,,,
753184055201246,???,???,Recipe,,,,false,false,false,false,,,
2970701246063782,???,???,Item,,,,false,false,false,false,,,
4537020877769886,???,???,Recipe,,,,false,false,false,false,,,
47547758292538,???,???,Recipe,,,,false,false,false,false,,,
161248919418265,???,???,Item,,,,false,false,false,false,,,
4537020877769862,???,???,Recipe,,,,false,false,false,false,,,
542,???,???,Item,,,,false,false,false,false,,,
4537020877769829,???,???,Item,,,,false,false,false,false,,,
4537020877769880,???,???,Recipe,,,,false,false,false,false,,,
5781531768597825,???,???,Recipe,,,,false,false,false,false,,,
2021813374147231,???,???,Recipe,,,,false,false,false,false,,,
7539420629350228,???,???,Recipe,,,,false,false,false,false,,,
5426646326306344,???,???,Recipe,,,,false,false,false,false,,,
2550351498879549,???,???,Recipe,,,,false,false,false,false,,,
365221911496551,???,???,Item,,,,false,false,false,false,,,
8975500749224439,???,???,Item,,,,false,false,false,false,,,
7539420629350210,???,???,Recipe,,,,false,false,false,false,,,
7518747690965830,???,???,Recipe,,,,false,false,false,false,,,
1005393903506618,???,???,Recipe,,,,false,false,false,false,,,
3878932339155602,???,???,Recipe,,,,false,false,false,false,,,
4056030511320970,???,???,Recipe,,,,false,false,false,false,,,
844144984096565,???,???,Recipe,,,,false,false,false,false,,,
2970701246063767,???,???,Item,,,,false,false,false,false,,,
5973100997644097,???,???,Item,,,,false,false,false,false,,,
8975500749224436,???,???,Item,,,,false,false,false,false,,,
7539420629350204,???,???,Recipe,,,,false,false,false,false,,,
1762712546376813,???,???,Recipe,,,,false,false,false,false,,,
4674151369063693,???,???,Recipe,,,,false,false,false,false,,,
4537020877769769,???,???,Recipe,,,,false,false,false,false,,,
5317079752868734,???,???,Recipe,,,,false,false,false,false,,,
7827463570856744,???,???,Recipe,,,,false,false,false,false,,,
1534621126189820,???,???,Wearable,,,,false,false,false,false,,,
5973100997644109,???,???,Item,,,,false,false,false,false,,,
4018819222226017,???,???,Recipe,,,,false,false,false,false,,,
8668852163163395,???,???,Recipe,,,,false,false,false,false,,,
1534621126189394,???,???,Recipe,,,,false,false,false,false,,,
2970701246063776,???,???,Item,,,,false,false,false,false,,,
649819363268654,???,???,Recipe,,,,false,false,false,false,,,
7169375032238749,???,???,Recipe,,,,false,false,false,false,,,
7539420629350192,???,???,Recipe,,,,false,false,false,false,,,
6166048422578925,???,???,Item,,,,false,false,false,false,,,
3797618781496849,???,???,Recipe,,,,false,false,false,false,,,
6201192417831117,???,???,Recipe,,,,false,false,false,false,,,
1534621126189703,???,???,Item,,,,false,false,false,false,,,
7539420629350189,???,???,Recipe,,,,false,false,false,false,,,
6740067011757686,???,???,Recipe,,,,false,false,false,false,,,
8300184761948080,???,???,Recipe,,,,false,false,false,false,,,
6375534198219781,???,???,Recipe,,,,false,false,false,false,,,
4537020877770036,???,???,Item,,,,false,false,false,false,,,
7148012995906398,???,???,Recipe,,,,false,false,false,false,,,
2970701246063773,???,???,Item,,,,false,false,false,false,,,
438266293785994,???,???,Recipe,,,,false,false,false,false,,,
1534621126189532,???,???,Recipe,,,,false,false,false,false,,,
6639458711616945,???,???,Recipe,,,,false,false,false,false,,,
1534621126189706,???,???,Item,,,,false,false,false,false,,,
161248919418268,???,???,Item,,,,false,false,false,false,,,
7892238777798975,???,???,Recipe,,,,false,false,false,false,,,
1684844478456511,???,???,Recipe,,,,false,false,false,false,,,
3322141198620907,???,???,Recipe,,,,false,false,false,false,,,
8409751335400312,???,???,Item,,,,false,false,false,false,,,
8090009888358074,???,???,Recipe,,,,false,false,false,false,,,
7539420629350216,???,???,Recipe,,,,false,false,false,false,,,
1534621126189709,???,???,Item,,,,false,false,false,false,,,
8434558861498957,???,???,Recipe,,,,false,false,false,false,,,
6377601492058096,???,???,Recipe,,,,false,false,false,false,,,
513377969922164,???,???,Recipe,,,,false,false,false,false,,,
2970701246063764,???,???,Item,,,,false,false,false,false,,,
3977473345458814,???,???,Recipe,,,,false,false,false,false,,,
4537020877769772,???,???,Recipe,,,,false,false,false,false,,,
7539420629350222,???,???,Recipe,,,,false,false,false,false,,,
7734435348128006,???,???,Recipe,,,,false,false,false,false,,,
2937624544642546,???,???,Recipe,,,,false,false,false,false,,,
3258055089624985,???,???,Recipe,,,,false,false,false,false,,,
5309499675453359,???,???,Recipe,,,,false,false,false,false,,,
8975500749224424,???,???,Item,,,,false,false,false,false,,,
8463500975196394,???,???,Recipe,,,,false,false,false,false,,,
1501544424768410,???,???,Recipe,,,,false,false,false,false,,,
1534621126189556,???,???,Recipe,,,,false,false,false,false,,,
2608235726361039,???,???,Recipe,,,,false,false,false,false,,,
1534621126189700,???,???,Item,,,,false,false,false,false,,,
8975500749224421,???,???,Item,,,,false,false,false,false,,,
821404751871728,???,???,Recipe,,,,false,false,false,false,,,
3172606944300963,???,???,Item,,,,false,false,false,false,,,
4537020877770033,???,???,Item,,,,false,false,false,false,,,
4537020877769874,???,???,Recipe,,,,false,false,false,false,,,
1419541769170767,???,???,Recipe,,,,false,false,false,false,,,
5190974828717287,???,???,Recipe,,,,false,false,false,false,,,
4537020877769895,???,???,Recipe,,,,false,false,false,false,,,
4537020877769901,???,???,Item,,,,false,false,false,false,,,
6161913834898737,???,???,Recipe,,,,false,false,false,false,,,
8493821284829160,???,???,Recipe,,,,false,false,false,false,,,
4657613018350789,???,???,Recipe,,,,false,false,false,false,,,
4537020877770030,???,???,Item,,,,false,false,false,false,,,
7539420629350333,???,???,Recipe,,,,false,false,false,false,,,
140,???,???,Item,,,,false,false,false,false,,,
7251377687835918,???,???,Recipe,,,,false,false,false,false,,,
7520814984798826,???,???,Recipe,,,,false,false,false,false,,,
3982986129031422,???,???,Recipe,,,,false,false,false,false,,,
6469251518902538,???,???,Recipe,,,,false,false,false,false,,,
8733627370112916,???,???,Recipe,,,,false,false,false,false,,,
5973100997644094,???,???,Item,,,,false,false,false,false,,,
1572521513226834,???,???,Recipe,,,,false,false,false,false,,,
7539420629350087,???,???,Recipe,,,,false,false,false,false,,,
4859518716591561,???,???,Item,,,,false,false,false,false,,,
3567460067466840,???,???,Recipe,,,,false,false,false,false,,,
922702149970094,???,???,Item,,,,false,false,false,false,,,
3597780377099117,???,???,Recipe,,,,false,false,false,false,,,
3974716953673260,???,???,Item,,,,false,false,false,false,,,
1534621126189439,???,???,Recipe,,,,false,false,false,false,,,
1534621126189544,???,???,Recipe,,,,false,false,false,false,,,
4537020877769889,???,???,Recipe,,,,false,false,false,false,,,
4537020877770042,???,???,Recipe,,,,false,false,false,false,,,
7539420629350096,???,???,Recipe,,,,false,false,false,false,,,
8163743368601008,???,???,Recipe,,,,false,false,false,false,,,
6148820973920480,???,???,Recipe,,,,false,false,false,false,,,
1534621126189538,???,???,Recipe,,,,false,false,false,false,,,
8069336949972140,???,???,Recipe,,,,false,false,false,false,,,
150912450222301,???,???,Recipe,,,,false,false,false,false,,,
2069361132441967,???,???,Recipe,,,,false,false,false,false,,,
1534621126189541,???,???,Recipe,,,,false,false,false,false,,,
3563325479789679,???,???,Recipe,,,,false,false,false,false,,,
4537020877769892,???,???,Recipe,,,,false,false,false,false,,,
3551610814704673,???,???,Recipe,,,,false,false,false,false,,,
626390033102677,???,???,Item,,,,false,false,false,false,,,
8905212758717493,???,???,Recipe,,,,false,false,false,false,,,
178476368070449,???,???,Recipe,,,,false,false,false,false,,,
7539420629349919,???,???,Drink Buffs,,,,false,false,false,false,,,
7539420629350357,???,???,Item,,,,false,false,false,false,,,
1534621126189427,???,???,Item,,npcs/doc,,false,false,false,false,,,
1534621126189562,???,???,Recipe,,,,false,false,false,false,,,
7539420629350360,???,???,Item,,,,false,false,false,false,,,
3448935220721357,???,???,Recipe,,,,false,false,false,false,,,
662223126300101,???,???,Recipe,,,,false,false,false,false,,,
4776137865096377,???,???,Recipe,,,,false,false,false,false,,,
1534621126189484,???,???,Recipe,,,,false,false,false,false,,,
2306410825926888,???,???,Recipe,,,,false,false,false,false,,,
2001829533707081,???,???,Recipe,,,,false,false,false,false,,,
3231869367669185,???,???,Recipe,,,,false,false,false,false,,,
4537020877769865,???,???,Recipe,,,,false,false,false,false,,,
4727901008862682,???,???,Recipe,,,,false,false,false,false,,,
4537020877769709,???,???,Buffs,,,,false,false,false,false,,,
8975500749224433,???,???,Item,,,,false,false,false,false,,,
5835970506347410,???,???,Recipe,,,,false,false,false,false,,,
3278728028013694,???,???,Item,,,,false,false,false,false,,,
6044078086098792,???,???,Recipe,,,,false,false,false,false,,,
1534621126189559,???,???,Recipe,,,,false,false,false,false,,,
3163648670998598,???,???,Item,,,,false,false,false,false,,,
8030058367038461,???,???,Recipe,,,,false,false,false,false,,,
732511116855413,???,???,Item,,,,false,false,false,false,,,
1534621126189259,???,???,Debuffs,,,,false,false,false,false,,,
4059476001056466,???,???,Item,,,,false,false,false,false,,,
4240708760905115,???,???,Item,,,,false,false,false,false,,,
1448483882911386,???,???,Recipe,,,,false,false,false,false,,,
4537020877770027,???,???,Item,,,,false,false,false,false,,,
2123799870184748,???,???,Recipe,,,,false,false,false,false,,,
3163648670998595,???,???,Item,,,,false,false,false,false,,,
5504514394234011,???,???,Recipe,,,,false,false,false,false,,,
7518747690960916,???,???,Recipe,,,,false,false,false,false,,,
5474194084594120,???,???,Recipe,,,,false,false,false,false,,,
3029274571486466,???,???,Recipe,,,,false,false,false,false,,,
8908658248438139,???,???,Recipe,,,,false,false,false,false,,,
5980681075049041,???,???,Recipe,,,,false,false,false,false,,,
8098279063715444,???,???,Item,,,,false,false,false,false,,,
7539420629350366,???,???,Item,,,,false,false,false,false,,,
90960928903306,???,???,Recipe,,,,false,false,false,false,,,
7250688589893899,???,???,Item,,,,false,false,false,false,,,
5702974602737559,???,???,Recipe,,,,false,false,false,false,,,
1990114868622189,???,???,Recipe,,,,false,false,false,false,,,
6402409018121293,???,???,Recipe,,,,false,false,false,false,,,
321119642937506,???,???,Recipe,,,,false,false,false,false,,,
5973100997644106,???,???,Item,,,,false,false,false,false,,,
4033290279096271,???,???,Recipe,,,,false,false,false,false,,,
8975500749224427,???,???,Item,,,,false,false,false,false,,,
6667022629461094,???,???,Recipe,,,,false,false,false,false,,,
7539420629350267,???,???,Recipe,,,,false,false,false,false,,,
2905236941171537,???,???,Recipe,,,,false,false,false,false,,,
7539420629350363,???,???,Item,,,,false,false,false,false,,,
7729611662496631,???,???,Recipe,,,,false,false,false,false,,,
8293982880438190,???,???,Recipe,,,,false,false,false,false,,,
5962764528448136,???,???,Recipe,,,,false,false,false,false,,,
8975500749224430,???,???,Item,,,,false,false,false,false,,,
8751543916714418,???,???,Recipe,,,,false,false,false,false,,,
3060973077017163,???,???,Recipe,,,,false,false,false,false,,,
8783931520178119,???,???,Recipe,,,,false,false,false,false,,,
1426432748637232,???,???,Recipe,,,,false,false,false,false,,,
7275496115953286,???,???,Recipe,,,,false,false,false,false,,,
3552299912650784,???,???,Recipe,,,,false,false,false,false,,,
4537020877770039,???,???,Item,,,,false,false,false,false,,,
4086350820952980,???,???,Recipe,,,,false,false,false,false,,,
6281127779594024,???,???,Item,,,,false,false,false,false,,,
1534621126189547,???,???,Recipe,,,,false,false,false,false,,,
4537020877769871,???,???,Recipe,,,,false,false,false,false,,,
8570311156857612,???,???,Recipe,,,,false,false,false,false,,,
7539420629350219,???,???,Recipe,,,,false,false,false,false,,,
1534621126189568,???,???,Recipe,,,,false,false,false,false,,,
647752069434983,???,???,Item,,,,false,false,false,false,,,
4537020877769589,???,???,Food Buffs,,,,false,false,false,false,,,
3784525920527466,???,???,Recipe,,,,false,false,false,false,,,
1534621126189553,???,???,Recipe,,,,false,false,false,false,,,
7274117920061241,???,???,Recipe,,,,false,false,false,false,,,
7539420629350195,???,???,Recipe,,,,false,false,false,false,,,
2970701246063779,???,???,Item,,,,false,false,false,false,,,
3710792440276546,???,???,Recipe,,,,false,false,false,false,,,
3811400740420524,???,???,Recipe,,,,false,false,false,false,,,
1534621126189697,???,???,Item,,,,false,false,false,false,,,
1701382829165482,???,???,Recipe,,,,false,false,false,false,,,
4537020877769883,???,???,Recipe,,,,false,false,false,false,,,
1959105461043696,???,???,Recipe,,,,false,false,false,false,,,
4335115179530638,???,???,Recipe,,,,false,false,false,false,,,
5215093256824107,???,???,Recipe,,,,false,false,false,false,,,
5482463259956995,???,???,recipe,,,,false,false,false,false,,,Convert deprecated purple mushrooms to muckshrooms
7539420629349910,???,???,Recipe,,,,false,false,false,false,,,
1462265841838292,???,???,Recipe,,,,false,false,false,false,,,
1268629318953897,???,???,Recipe,,,,false,false,false,false,,,
5574802384741974,??????????,??????????,Item,,,,false,false,false,false,,,"You can let Jackie know we're making good progress! Maybe don't mention the pick thing, hah!"
7407802921630496,(Deprecated) Mushroom Kingdom,(Deprecated) Mushroom Kingdom,Item,,,,false,false,false,false,,,
5488665141468139,A Good Day To Dye,A Good Day To Dye,Item,,,,false,false,false,false,,,
7397466452428643,A Good Sign,A Good Sign,Item,,,,false,false,false,false,,,These frames are something I like to make when things are slow out here! They’re not much but they really help make your campsite feel like your own! 
7285832585148644,ADMIN — Green Thumb,ADMIN — Green Thumb,Item,,,,false,false,false,false,,,If we work together we can breathe life back into this place. Go ahead and fill one of these planters with that grass you've got...
6782791084425085,ADMIN — Tree is Company,ADMIN — Tree is Company,Item,,,,false,false,false,false,,,These gardens are as much yours as they are mine! Pick whichever seed you'd like and plant it.
4537020877769898,Admin Axe,Admin Axe,Tools,Admin Tool,,destroy,false,false,false,false,,,
4537020877769745,Admin Beamer,Admin Beamer,Tools,Shaping,items/slabber_silver,shape,false,false,false,false,,,
1600085431082299,Admin Builder's Hat,Admin Builder's Hat,Hat,Hat,,,false,false,false,false,,,
4537020877769820,Admin Cornerer,Admin Cornerer,Tools,Shaping Tool,items/stepper_stone,shape,false,false,false,false,,,
3318006610950421,Admin Fish Meter,Admin Fish Meter,Tools,Fish Meter,items/nega_wand,fishMeter,false,false,false,false,,,
4537020877769823,Admin Framer,Admin Framer,Tools,Shaping Tool,items/stepper_stone,shape,false,false,false,false,,,
4033290279105049,Admin Hoe,Admin Hoe,Tools,,items/wooden_hoe,till,false,false,false,false,,,
7539420629350153,Admin Inseter,Admin Inseter,Tool,Shaping Tool,items/stepper_stone,shape,false,false,false,false,,,
1534621126189490,Admin Knobber,Admin Knobber,Tool,Shaping Tool,items/stepper_stone,shape,false,false,false,false,,,
7539420629350156,Admin Logger,Admin Logger,Tool,Shaping Tool,items/stepper_stone,shape,false,false,false,false,,,
1534621126189487,Admin Outseter,Admin Outseter,Tool,Shaping Tool,items/stepper_stone,shape,false,false,false,false,,,
1534621126189496,Admin Pather,Admin Pather,Tool,Shaping Tool,items/stepper_stone,shape,false,false,false,false,,,
7539420629350150,Admin Pegger,Admin Pegger,Tool,Shaping Tool,items/stepper_stone,shape,false,false,false,false,,,
5424579032474707,Admin Robot,Admin Robot,Objects,,npcs/helping_robot,placeRobot,true,false,false,false,"[1,1.5,1]",,
1534621126189493,Admin Slicer,Admin Slicer,Tool,Shaping Tool,items/stepper_stone,shape,false,false,false,false,,,
4537020877769817,Admin Stooler,Admin Stooler,Tool,Shaping Tool,items/stepper_stone,shape,false,false,false,false,,,
5608568184106756,Admin Straw Hat,Admin Straw Hat,Hats,Hat,,,false,false,false,false,,,
7539420629350075,Admin Stubber,Admin Stubber,Tool,Shaping Tool,items/stepper_stone,shape,false,false,false,false,,,
1305840608055756,Admin Swimfin,Admin Swimfin,Feet,Feet,,,false,false,false,false,,,
4537020877769736,Admin Tracker,Admin Tracker,Tool,Shaping,items/fencer_silver,shape,false,false,false,false,,,
4537020877769826,Admin Waller,Admin Waller,Tool,Shaping Tool,items/stepper_stone,shape,false,false,false,false,,,
7539420629350147,Admin Windower,Admin Windower,Tool,Shaping Tool,items/stepper_stone,shape,false,false,false,false,,,
1571143317340792,Advanced Network Tower,Advanced Network Tower,Communications,Communications,placeables/network_tower,place,true,false,false,false,"[3,6,3]",,
273571884706028,Ajiri's Frog Hat,Ajiri's Frog Hat,Wearable,Hat,,,false,false,false,false,,,
6576750798562769,Ajiri's Froggy,Ajiri's Froggy,Item,,,,false,false,false,false,,,
6009623188797676,Algae,Algae,Block,Block,florae/algae,place,false,false,true,true,,,
3983675226965866,All in a Day's Work,All in a Day's Work,Item,,,,false,false,false,false,,,"I thinky-dink a sturdy Workbench at camp will be much needed when you’re on your adventures! Go pick some blue blossoms, press some paper, and it'll be up and running in no time!!"
1582168884469283,An Old Soul,An Old Soul,Item,,,,false,false,false,false,,,The mountains around here are quite treacherous this time of year. Ol' Coop makes sure nothing that’s brewing up there gets too close to the city. I think they could use your help!
1534621126189718,Androgenous,Androgenous,Wearable,,,,false,false,false,false,,,
1716542983985195,Anette <Fish Buyer>,Anette <Fish Buyer>,Item,,npcs/ranger_jane,,false,false,false,false,"[1,2,1]",,
6321095460477987,Angler Wrangler,Angler Wrangler,Item,,,,false,false,false,false,,,
65464304897922,Angler's Table,Angler's Table,Crafting Station,Crafting Station,,place,true,false,false,false,"[2,2,3]",,
7539420629350051,Any Kind of Stone,Any Kind of Stone,Block,Stone,blocks/stone,place,false,false,true,false,,,
8081740713011027,Arbre Acrobatics,Arbre Acrobatics,Item,,,,false,false,false,false,,,
4537020877769721,Arcade Machine,Arcade Machine,Crafting Station,,placeables/arcade_machine,place,true,false,false,false,"[1,2,1]",,
7934273752526344,Architect's Pendant,Architect's Pendant,Neck,Neck,,,false,false,false,false,,,
6528513942282700,Are You A Cat Person?,Are You A Cat Person?,Item,,,,false,false,false,false,,,
2874227533596773,Arena Marker,Arena Marker,Minigame,,placeables/minigames/bbox_marker,place,true,false,false,false,"[1,1,1]",,
4537020877770072,Arrow Through Head,Arrow Through Head,Hats,Ears,,,false,false,false,false,,,
4739615673952779,Asio's Carrot Soup Notes,Asio's Carrot Soup Notes,Materials,Notes,items/paper_written,,false,false,false,false,,,
7539420629350060,Asphalt,Asphalt,Stone,Stone,blocks/asphalt,place,false,false,true,false,,,
2509694720108407,Astrah's Mushroom,Astrah's Mushroom,Item,,,,false,false,false,false,,,
1849538887644675,Astrah's Mushroom Hat,Astrah's Mushroom Hat,Wearable,Hat,,,false,false,false,false,,,
4537020877769619,Aviator Glasses,Aviator Glasses,Face,Face,,,false,false,false,false,,,
8505535949917847,Aviator Hat,Aviator Hat,Hats,Hat,,,false,false,false,false,,,
1534621126189775,Azalea,Azalea,Block,Flower,florae/azalea_flower,place,false,false,true,false,,,
7539420629350426,Azalea Petal,Azalea Petal,Materials,Dye,items/azalea_petal,,false,false,false,false,,,
1534621126189370,Azalea Seed,Azalea Seed,Seeds,,,plant,false,false,false,false,,,
7910155324407911,Azalea Seed,Azalea Seed,Recipe,Seed Recipe,,,false,false,false,false,,,
2511072915985617,B-01 Camera,B-01 Camera,Cameras,Tool Recipe,,,false,false,false,false,,,
7539420629350492,B-01 Camera,B-01 Camera,Cameras,Camera,items/camera,photo,false,false,false,false,,,
5061424414825016,Baa,Baa,Item,,npcs/sheep,,false,false,false,false,"[1,0.8,1]",,
1534621126189823,Backwards Cap,Backwards Cap,Hats,Hat,,,false,false,false,false,,,
2356714976003770,Bagged,Bagged,Item,,,,false,false,false,false,,,
7539420629350450,Baggy Pants,Baggy Pants,Bottoms,Bottoms,,,false,false,false,false,,,
7697913156978978,Baked Fish,Baked Fish,Food,Food,,eat,false,false,false,false,,,
4244843348583062,Ball Is Life,Ball Is Life,Item,,,,false,false,false,false,,,
4537020877769727,Bamboo Bush,Bamboo Bush,Block,Block,florae/bamboo_bush,place,false,false,true,true,,,
8091388084258471,Banana,Banana,Fruit,Banana,,eat,false,false,false,false,,,
1534621126189361,Banana Seed,Banana Seed,Item,,items/seed_generic,plant,false,false,false,false,,,
3787971410255810,Bandana Around Neck,Bandana Around Neck,Outerwear,,,,false,false,false,false,,,
4537020877769985,Bangs,Bangs,Hair,Hair,,,false,false,false,false,,,
1534621126189667,Basalt,Basalt,Item,Stone,blocks/basalt,place,false,false,true,false,,,
4537020877770024,Basalt Brick,Basalt Brick,Blocks,Stone,blocks/basalt_brick,place,false,false,true,false,,,
7003302427212357,Basalt of the Earth,Basalt of the Earth,Item,,,,false,false,false,false,,,
7539420629350342,Basalt Shingles,Basalt Shingles,Blocks,Stone,blocks/basalt_shingles,place,false,false,true,false,,,
5044886064109325,Basecamp,Basecamp,Item,,,,false,false,false,false,,,Your Campsite is your home away from home. It’s simple-dimple to set up and you can pack it and move-diddly-oove it whenever you’d like. Oh yeah! And whatever you build on top of it is protected from others. Let me show you...
4902242789258042,Battery Not Included,Battery Not Included,Item,,,,false,false,false,false,,,
4537020877770150,Beanie,Beanie,Hats,Hat,,,false,false,false,false,,,
4537020877770051,Beard,Beard,Face,Face,,,false,false,false,false,,,
1534621126189847,Bedrock,Bedrock,Block,,blocks/bedrock,place,false,false,true,false,,,
6347281182432905,Beet It,Beet It,Item,,,,false,false,false,false,,,
7539420629349958,Bell Bottoms,Bell Bottoms,Bottoms,Bottoms,,,false,false,false,false,,,
7539420629350432,Bellflower,Bellflower,Block,Flower,florae/bell_flower,place,false,false,true,false,,,
1534621126189577,Bellflower Petal,Bellflower Petal,Materials,Dye,items/bellflower_petal,,false,false,false,false,,,
7112179902712580,Bellflower Seed,Bellflower Seed,Recipe,Seed Recipe,,,false,false,false,false,,,
7539420629350027,Bellflower Seed,Bellflower Seed,Seeds,,items/seed_bellflower,plant,false,false,false,false,,,
4750641241092382,Bench Test,Bench Test,Item,,,,false,false,false,false,,,
4537020877769649,Big Bow Ribbon,Big Bow Ribbon,Hats,Hat,,,false,false,false,false,,,
4537020877769685,Bigeye Tuna,Bigeye Tuna,Item,,items/fish/bigeye_tuna,eat,false,false,false,false,,,
7917046303869165,BigMuc,BigMuc,Food,Food,,eat,false,false,false,false,,,
7539420629350081,Bikkie Wand,Bikkie Wand,Tools,Bikkie Wand,items/nega_wand,bikkie,false,false,false,false,,,
4155260615577796,Billy's Pick,Billy's Pick,Tools,Tool,items/pickaxe_stone,destroy,false,false,false,false,,,
4537020877769910,Bio-Tex,Bio-Tex,Materials,Fabric,items/zone_tex,,false,false,false,false,,,
567816707675895,Biomes Bot,Biomes Bot,Objects,,npcs/helping_robot,placeRobot,true,false,false,false,"[1,1.5,1]",,
7539420629350177,Biomes Dev Badge,Biomes Dev Badge,Item,,,,false,false,false,false,,,
4310307653473645,Biomes Quest Bot,Biomes Quest Bot,Objects,,npcs/helping_robot,placeRobot,true,false,false,false,"[1,1.5,1]",,
7539420629350135,Birch Door,Birch Door,Objects,Door,placeables/doors/birch_door,place,true,false,false,false,"[0.2,2,1]",,
1534621126189778,Birch Leaf,Birch Leaf,Materials,Foliage,florae/birch_leaf,place,false,false,true,true,,,
1534621126189694,Birch Log,Birch Log,Blocks,Wood,blocks/birch_log,place,false,false,true,false,,,
7539420629350351,Birch Lumber,Birch Lumber,Blocks,Wood,blocks/birch_lumber,place,false,false,true,false,,,
29631211699655,Birch Seed,Birch Seed,Recipe,Seed Recipe,,,false,false,false,false,,,
1534621126189373,Birch Seed,Birch Seed,Tree Seeds,,items/seed_tree_birch,plant,false,false,false,false,,,
3840342854166198,Birch Tree,Birch Tree,Block,Block,florae/birch_sapling,place,false,false,true,false,,,
2067293850511,Bird Watching,Bird Watching,Item,,,,false,false,false,false,,,
1031579625468094,biscuit:1031579625468094,biscuit:1031579625468094,Item,,,,false,false,false,false,,,
1207299601747531,biscuit:1207299601747531,biscuit:1207299601747531,Item,,,,false,false,false,false,,,
1234863519597047,biscuit:1234863519597047,biscuit:1234863519597047,Item,,,,false,false,false,false,,,
2149296494197488,biscuit:2149296494197488,biscuit:2149296494197488,Item,,,,false,false,false,false,,,
2220273582656248,biscuit:2220273582656248,biscuit:2220273582656248,Item,,,,false,false,false,false,,,
2605479334583324,biscuit:2605479334583324,biscuit:2605479334583324,Item,,,,false,false,false,false,,,
4530818996257572,biscuit:4530818996257572,biscuit:4530818996257572,Item,,,,false,false,false,false,,,
5588584343666330,biscuit:5588584343666330,biscuit:5588584343666330,Item,,,,false,false,false,false,,,
5689192643814067,biscuit:5689192643814067,biscuit:5689192643814067,Item,,,,false,false,false,false,,,
6297666130306430,biscuit:6297666130306430,biscuit:6297666130306430,Item,,,,false,false,false,false,,,
6536094019688496,biscuit:6536094019688496,biscuit:6536094019688496,Item,,,,false,false,false,false,,,
7286521683096411,biscuit:7286521683096411,biscuit:7286521683096411,Item,,,,false,false,false,false,,,
8285024607138441,biscuit:8285024607138441,biscuit:8285024607138441,Item,,,,false,false,false,false,,,
1534621126189382,Bizzy Cola,Bizzy Cola,Drinks,Drink,items/bizzy_cola,drink,false,false,false,false,,,
7539420629350039,Black Coffee,Black Coffee,Drinks,Drink,items/coffee,drink,false,false,false,false,,,
7646919908960896,Black Dye,Black Dye,Dyes,Dye Recipe,,,false,false,false,false,,,
1534621126189337,Black Dye,Black Dye,Dyes,Dye,items/ink_pot_black,dye,false,false,false,false,,,
5840794191978407,Blazing Trails,Blazing Trails,Item,,,,false,false,false,false,,,
1534621126189655,Blended Canvas Patch,Blended Canvas Patch,Materials,Fabric,items/blended_canvas_patch,,false,false,false,false,,,
1534621126189715,Bling,Bling,Currency,,items/zeal,,false,false,false,false,,,
8063824166405349,Bloop,Bloop,Item,,npcs/fish,,false,false,false,false,"[0.4,0.3,0.4]",,
7539420629350459,Blouse,Blouse,Tops,Top,,,false,false,false,false,,,
8842504845613100,Blue Dye,Blue Dye,Dyes,Dye Recipe,,,false,false,false,false,,,
7539420629349991,Blue Dye,Blue Dye,Dyes,Dye,items/ink_pot_blue,dye,false,false,false,false,,,
265991807245725,Blue Key,Blue Key,Keys,,,,false,false,false,false,,,
1208677797639849,Blue Mucker State Inscription,Blue Mucker State Inscription,Notes,Notes,items/paper,,false,false,false,false,,,
4854695030971274,Blue Mushroom (DEPRECATED),Blue Mushroom (DEPRECATED),Block,Funghi,florae/blue_mushroom,eat,false,false,true,false,,,
2339487527352552,Blue Mushroom Spores,Blue Mushroom Spores,Spores,,,plant,false,false,false,false,,,
2537258637911351,Blue Mushroom Spores,Blue Mushroom Spores,Recipe,,,,false,false,false,false,,,
7539420629350162,Blueprint,Blueprint,Blueprint,,items/blueprint,place,false,true,false,false,,,
2677834618934639,Blueprint: Angler's Table,Blueprint: Angler's Table,Recipe,,,,false,false,false,false,,,
8176147131639241,Blueprint: Angler's Table,Blueprint: Angler's Table,Blueprints,Blueprint,items/blueprint,place,false,true,false,false,"[2,2,3]",,
4590081419630270,Blueprint: Composter,Blueprint: Composter,Blueprints,Blueprint,items/blueprint,place,false,true,false,false,"[1,2,3]",,
3085780603082451,Blueprint: Dye-O-Matic,Blueprint: Dye-O-Matic,Blueprints,Blueprint,items/blueprint,place,false,true,false,false,"[3,3,3]",,
6465116931230474,Blueprint: Fishing Bench,Blueprint: Fishing Bench,Blueprints,Blueprint,items/blueprint,place,false,true,false,false,"[3,1,1]",,
8958273300572669,Blueprint: Fishing Bench,Blueprint: Fishing Bench,Blueprints,Blueprint,items/blueprint,place,false,true,false,false,"[3,1,1]",,
7642096223334102,Blueprint: Kitchen,Blueprint: Kitchen,Blueprints,Blueprint,items/blueprint,place,false,true,false,false,"[4,1,1]",,
6977805803201177,Blueprint: Marina Table,Blueprint: Marina Table,Blueprints,Blueprint,items/blueprint,place,false,true,false,false,"[2,1,3]",,
3243584032760191,Blueprint: Network Tower,Blueprint: Network Tower,Blueprints,Blueprint,items/blueprint,place,false,true,false,false,"[3,6,3]",,
5165478204705300,Blueprint: Seed Mill,Blueprint: Seed Mill,Blueprints,Blueprint,items/blueprint,place,false,true,false,false,"[1,3,1]",,
8594429584981088,Blueprint: Seed Mill,Blueprint: Seed Mill,Recipe,,,,false,false,false,false,,,
7868809447633355,Blueprint: Shelter Frame,Blueprint: Shelter Frame,Blueprints,Blueprint,items/blueprint,place,false,true,false,false,"[9,7,9]",,
7443636014830386,Blueprint: Table,Blueprint: Table,Blueprints,Blueprint,items/blueprint,place,false,true,false,false,"[3,1,2]",,
1534621126189445,Blueprint: Tailoring Booth,Blueprint: Tailoring Booth,Blueprints,Blueprint,items/blueprint,place,false,true,false,false,"[4,1,3]",,
3948531231714016,Blueprint: Thermoblaster,Blueprint: Thermoblaster,Recipe,,,,false,false,false,false,,,
7539420629350102,Blueprint: Thermoblaster,Blueprint: Thermoblaster,Blueprints,Blueprint,items/blueprint,place,false,true,false,false,"[3,3,3]",,
5013876656537945,Blueprint: Thermolite,Blueprint: Thermolite,Blueprints,Blueprint,items/blueprint,place,false,true,false,false,"[3,2,1]",,
3545408933194717,Blueprint: Thermolite,Blueprint: Thermolite,Recipe,,,,false,false,false,false,,,
7539420629350099,Blueprint: Workbench,Blueprint: Workbench,Recipe,,,,false,false,false,false,,,
7539420629350159,Blueprint: Workbench,Blueprint: Workbench,Blueprints,Blueprint,items/blueprint,place,false,true,false,false,"[1,1,3]",,
7043959206034484,Bob Burr,Bob Burr,Item,,npcs/alexis,,false,false,false,false,"[1,2,1]",,
6972293019634374,Bobbers Hoop,Bobbers Hoop,Ears,Ears,wearables/ears/hoop_silver,,false,false,false,false,,,
1216946972993346,Bobot,Bobot,Item,,npcs/robot,,false,false,false,false,"[1,2,1]",,
7539420629350240,Bohair,Bohair,Materials,Fabric,items/zohair,,false,false,false,false,,,
8863177783996661,Bolo Tie,Bolo Tie,Item,,,,false,false,false,false,,,
7025353561527908,Books,Books,Objects,,,place,true,false,false,false,"[1,1,1]",,
4537020877769751,Boombox,Boombox,Objects,Speaker,placeables/boombox,place,true,false,false,false,"[1,1,2]",,
30320309644809,Boombox,Boombox,Objects,Speaker,,place,true,false,false,false,"[1,1,2]",,
170896290702189,Boop's Bee Blockers,Boop's Bee Blockers,Face,Face,,,false,false,false,false,,,
4887082634472151,Boop's Bee Hat,Boop's Bee Hat,Hats,Hat,,,false,false,false,false,,,
2546216911243956,Boop's Bee Top,Boop's Bee Top,Tops,Top,,,false,false,false,false,,,
386583947824390,Boot,Boot,Item,,,,false,false,false,false,,,
4022264711964075,Boot & Rally,Boot & Rally,Item,,,,false,false,false,false,,,
1534621126189784,Boots,Boots,Feet,Feet,,,false,false,false,false,,,
3484768313930799,Botanical Bounty,Botanical Bounty,Item,,,,false,false,false,false,,,
4537020877770126,Bottoms,Bottoms,Wearable,,,,false,false,false,false,,,
7539420629350000,Bounce,Bounce,Drink Buffs,,,,false,false,false,false,,,
4501876882517394,Bounty: Carrots,Bounty: Carrots,Item,,,,false,false,false,false,,,
3750760121162678,Bounty: Limestone Bricks,Bounty: Limestone Bricks,Item,,,,false,false,false,false,,,
6720772269271927,Bounty: Mushrooms,Bounty: Mushrooms,Item,,,,false,false,false,false,,,
4568719383299275,Bounty: Royal Gramma,Bounty: Royal Gramma,Item,,,,false,false,false,false,,,
1006083001460253,Bounty: Silver Bars,Bounty: Silver Bars,Item,,,,false,false,false,false,,,
7193493460362756,Bounty: Stone,Bounty: Stone,Item,,,,false,false,false,false,,,
1404381614361788,Bounty: Stunkfish,Bounty: Stunkfish,Item,,,,false,false,false,false,,,
4589392321684603,Bounty: Wheat,Bounty: Wheat,Item,,,,false,false,false,false,,,
7539420629349943,Bow Tie Tiara,Bow Tie Tiara,Neck,Neck,,,false,false,false,false,,,
1534621126189280,Boxing Gloves,Boxing Gloves,Hands,Hands,,,false,false,false,false,,,
7539420629350054,Boxwood Shrub,Boxwood Shrub,Block,Block,florae/boxwood_shrub,place,false,false,true,true,,,
4537020877769607,Bracelet,Bracelet,Hands,Hands,,,false,false,false,false,,,
4537020877769664,Braids,Braids,Hat,Hat,,,false,false,false,false,,,
4537020877769805,Branches Door,Branches Door,Objects,Door,placeables/doors/branches_door,place,true,false,false,false,"[0.2,2,1]",,
2071428426278062,Bread,Bread,Food,Food,items/bread,eat,false,false,false,false,,,
4022264711963940,"Bready, Set, Grow","Bready, Set, Grow",Item,,,,false,false,false,false,,,
7210720909018297,Bright Blue Dye,Bright Blue Dye,Dyes,Dye Recipe,,,false,false,false,false,,,
3225667486160846,Bright Blue Dye,Bright Blue Dye,Dyes,Dye,items/ink_pot_brightblue,dye,false,false,false,false,,,
6383803373581450,Bright Green Dye,Bright Green Dye,Dyes,Dye,items/ink_pot_brightgreen,dye,false,false,false,false,,,
3974716953677094,Bright Green Dye,Bright Green Dye,Dyes,Dye Recipe,,,false,false,false,false,,,
847590473835172,Bright Orange Dye,Bright Orange Dye,Dyes,Dye Recipe,,,false,false,false,false,,,
4009171850986448,Bright Orange Dye,Bright Orange Dye,Dyes,Dye,items/ink_pot_brightorange,dye,false,false,false,false,,,
5545171173059468,Bright Pink Dye,Bright Pink Dye,Dyes,Dye,items/ink_pot_brightpink,dye,false,false,false,false,,,
7180400599385354,Bright Pink Dye,Bright Pink Dye,Dyes,Dye Recipe,,,false,false,false,false,,,
5385989547488447,Bright Purple Dye,Bright Purple Dye,Dyes,Dye Recipe,,,false,false,false,false,,,
1282411277885249,Bright Purple Dye,Bright Purple Dye,Dyes,Dye,items/ink_pot_brightpurple,dye,false,false,false,false,,,
7071523123886277,Bright Red Dye,Bright Red Dye,Dyes,Dye,items/ink_pot_brightred,dye,false,false,false,false,,,
5351534650178523,Bright Red Dye,Bright Red Dye,Dyes,Dye Recipe,,,false,false,false,false,,,
7447081504564814,Bright Yellow Dye,Bright Yellow Dye,Dyes,Dye,items/ink_pot_brightyellow,dye,false,false,false,false,,,
7245864904274317,Bright Yellow Dye,Bright Yellow Dye,Dyes,Dye Recipe,,,false,false,false,false,,,
1728257649074563,Brown Dye,Brown Dye,Dyes,Dye,items/ink_pot_brown,dye,false,false,false,false,,,
1633162132499731,Brown Dye,Brown Dye,Dyes,Dye Recipe,,,false,false,false,false,,,
4537020877769799,Bucket,Bucket,Tools,Tool,items/silver_bucket,dump,false,false,false,false,,,
7539420629350477,Bucket Hat,Bucket Hat,Hats,Hat,,,false,false,false,false,,,
5995152131921986,Buddy,Buddy,Item,,npcs/buddy,,false,false,false,false,"[1,2,1]",,
8187861796725882,Build-A-Bot,Build-A-Bot,Item,,,,false,false,false,false,,,
6138484504735775,Builder's Stud,Builder's Stud,Ears,Ears,wearables/ears/stud_silver,,false,false,false,false,,,
7539420629350501,Builder's Wand,Builder's Wand,Tool,Wand,items/wand,wand,false,false,false,false,,,
7405046529843322,Busted,Busted,Item,,,,false,false,false,false,,,
5840794192014578,Busy Human Being,Busy Human Being,Item,,,,false,false,false,false,"[0.75,1.8,0.75]",,
7539420629350312,Button,Button,Materials,Fastener,items/button,,false,false,false,false,,,
4089107212747129,Cabbage,Cabbage,Item,Plant,florae/hemp_bush,,false,false,false,false,,,
7010193406705285,Cabbage Patch,Cabbage Patch,Block,Block,florae/cabbage,place,false,false,true,false,,,
4847114953563630,Cabbage Seed,Cabbage Seed,Seeds,,,plant,false,false,false,false,,,
556102042593754,Cache and Carry,Cache and Carry,Item,,,,false,false,false,false,,,
8153406899416894,Cactus,Cactus,Block,Cactus,florae/cactus,place,false,false,true,true,,,
5883518264638750,Camper Bella,Camper Bella,Item,,npcs/ranger_jane,,false,false,false,false,"[1,2,1]",,
7539420629350084,Campfire,Campfire,Camping,,placeables/camping/campfire,place,true,false,false,false,"[1,1,1]",,
1647633189366316,Camping Supplies,Camping Supplies,Objects,,placeables/quests/cargo_crate,place,true,false,false,false,"[1,1,1]",,
4537020877769754,Campsite,Campsite,Camping,,items/campsite_packed,place,false,false,false,false,,,
4537020877769760,Campsite Storage Bag,Campsite Storage Bag,Camping,,items/campsite_unpacked,store,false,false,false,false,,,
7539420629350453,Capris,Capris,Bottoms,Bottoms,,,false,false,false,false,,,
1534621126189811,Cardigan,Cardigan,Outerwear,Outerwear,,,false,false,false,false,,,
4938764980403185,Carrot,Carrot,Vegetable,Vegetable,items/carrot,eat,false,false,false,false,,,
4560450207940471,Carrot Bush,Carrot Bush,Block,Block,florae/carrot_bush,place,false,false,true,false,,,
5357736531691434,Carrot Gold,Carrot Gold,Item,,,,false,false,false,false,,,
4537020877769703,Carrot Seed,Carrot Seed,Item,Seed,items/seed_carrot,plant,false,false,false,false,,,
1160440941407834,Carrot Soup,Carrot Soup,Food,Food,/item_meshes/baked_fish.vox,eat,false,false,false,false,,,
8634397265856843,Carrot Soup,Carrot Soup,Food,Food,items/carrot_stew,eat,false,false,false,false,,,
4537020877770165,Carved Basalt Brick,Carved Basalt Brick,Blocks,Stone,blocks/basalt_carved,place,false,false,true,false,,,
4537020877770000,Carved Clay Brick,Carved Clay Brick,Blocks,Stone,blocks/clay_carved,place,false,false,true,false,,,
4537020877769853,Carved Cobblestone Brick,Carved Cobblestone Brick,Blocks,Stone,blocks/cobblestone_carved,place,false,false,true,false,,,
1534621126189520,Carved Granite Brick,Carved Granite Brick,Blocks,Stone,blocks/granite_carved,place,false,false,true,false,,,
7539420629350174,Carved Limestone Brick,Carved Limestone Brick,Blocks,Stone,blocks/limestone_carved,place,false,false,true,false,,,
4537020877769841,Carved Quartzite Brick,Carved Quartzite Brick,Blocks,Stone,blocks/quartzite_carved,place,false,false,true,false,,,
1534621126189508,Carved Stone Brick,Carved Stone Brick,Blocks,Stone,blocks/stone_carved,place,false,false,true,false,,,
5832525016619711,Cast of Characters,Cast of Characters,Item,,,,false,false,false,false,,,"A real cast of characters around here, huh?
{break} I'm talking to some friends about getting you your own plot of land but it might take a bit.
{break} It might be helpful to meet with some folks who have left The Grove to learn about life beyond these walls."
6033741616908993,Cat Ears,Cat Ears,Hats,Hat,,,false,false,false,false,,,
7310640111217409,Catch of the Day: Advanced,Catch of the Day: Advanced,Item,,,,false,false,false,false,,,
6984696782665779,Catch of the Day: Expert,Catch of the Day: Expert,Item,,,,false,false,false,false,,,
1206610503803502,Catch of the Day: Novice,Catch of the Day: Novice,Item,,,,false,false,false,false,,,
7251377687845092,Cave Mushroom,Cave Mushroom,Materials,Funghi,florae/blue_mushroom,place,false,false,true,false,,,
8961029692358676,"Cave, Cast & Catch","Cave, Cast & Catch",Item,,,,false,false,false,false,,,
8834924768201406,Ceramic Cup,Ceramic Cup,Ceramics,Ceramic,items/ceramic_cup,,false,false,false,false,,,
7539420629349970,Chefs Hat,Chefs Hat,Hats,Hat,,,false,false,false,false,,,
7539420629349964,Chefs Jacket,Chefs Jacket,Outerwear,Outerwear,,,false,false,false,false,,,
5979991977107628,Chest,Chest,Objects,,placeables/quests/treasure_chest,place,true,false,false,false,"[1,1,1]",,
7824018081132528,Chest The Grove Underwater Main,Chest The Grove Underwater Main,Item,,,,false,false,false,false,,,
4909822866665902,Chest The Grove Underwater Secret,Chest The Grove Underwater Secret,Item,,,,false,false,false,false,,,
1574588807069421,Chicken,Chicken,Item,,npcs/chicken,,false,false,false,false,"[1,1,1]",,
8063824166405352,Chirp,Chirp,Item,,npcs/bird,,false,false,false,false,"[0.2,0.2,0.2]",,
804866401170731,Choose Your Path,Choose Your Path,Item,,,,false,false,false,false,,,
1534621126189274,Chromefish,Chromefish,Item,,items/fish/chromefish,eat,false,false,false,false,,,
7573186428713498,Chrominer,Chrominer,Item,,npcs/chrominer,,false,false,false,false,"[3,3,3]",,
2992752380341659,Chromover,Chromover,Item,,npcs/silver_round_robot,,false,false,false,false,"[1.5,1.5,1.5]",,
4537020877769982,Clasp,Clasp,Materials,Fastener,items/clasp,,false,false,false,false,,,
1534621126189565,Clay,Clay,Recipe,,,,false,false,false,false,,,
4537020877770021,Clay,Clay,Blocks,Soil,blocks/clay,place,false,false,true,false,,,
1534621126189691,Clay Brick,Clay Brick,Blocks,Stone,blocks/clay_brick,place,false,false,true,false,,,
7539420629350183,Clay Shingles,Clay Shingles,Blocks,Stone,blocks/clay_shingles,place,false,false,true,false,,,
1534621126189652,Clean Cut,Clean Cut,Hair,Hair,,,false,false,false,false,,,
4568030285350437,Clearwater Fish,Clearwater Fish,Item,,,,false,false,false,false,,,
5289515835017799,Clearwater Fish,Clearwater Fish,Item,,npcs/fish,,false,false,false,false,,,
7539420629350441,Clogs,Clogs,Feet,Feet,,,false,false,false,false,,,
7539420629350420,Clout Shades,Clout Shades,Face,Face,,,false,false,false,false,,,
1534621126189355,Clownfish,Clownfish,Item,,items/fish/clownfish,eat,false,false,false,false,,,
5997908523710774,Coal Fusion,Coal Fusion,Item,,,,false,false,false,false,,,
7539420629350231,Coal Nuggets,Coal Nuggets,Materials,Combustable,items/coal_dust,,false,false,false,false,,,
7539420629350348,Coal Ore,Coal Ore,Block,Stone,blocks/coal_ore,place,false,false,true,false,,,
8997551883502319,Cobbled Muckling,Cobbled Muckling,Item,,npcs/cobble_mucker,,false,false,false,false,"[1,1,1]",,
1534621126189724,Cobbled Stone Ring,Cobbled Stone Ring,Hands,Hands,,,false,false,false,false,,,
4537020877770018,Cobblestone Brick,Cobblestone Brick,Blocks,Stone,blocks/cobblestone_brick,place,false,false,true,false,,,
4537020877769850,Cobblestone Shingles,Cobblestone Shingles,Blocks,Stone,blocks/cobblestone_shingles,place,false,false,true,false,,,
5758791536377875,Coffee Bush,Coffee Bush,Block,Block,florae/coffee_bush,place,false,false,true,false,,,
6991587762124087,Coffee Delivery DEP,Coffee Delivery DEP,Item,,,,false,false,false,false,,,"Murray sent ya, eh? Great! Here's the thing...{break}After the Muckkening we've lost a handful of key seeds.{break}We've discovered we can get them back by **crossbreeding**.{break}We've discovered that when different species are grown next to each other, sometimes a completely new seed pops out!{break}We recently grew coffee but are still trying to find the exact pattern.{break}Can you study the plants behind me and see if you can't recreate it yourself?"
7539420629350021,Coffee Seeds,Coffee Seeds,Item,,items/seed,plant,false,false,false,false,,,
1247956380575517,Collective Signet Necklace,Collective Signet Necklace,Neck,Neck,wearables/neck/chain_silver,,false,false,false,false,,,
5913149476328417,Collective Token,Collective Token,Token,Reputation Token,items/reputation_medal,,false,false,false,false,,,
6257698449427345,Combat · Juggment Day,Combat · Juggment Day,Item,,,,false,false,false,false,,,
7039135520414527,Combat · Seedy Sappers,Combat · Seedy Sappers,Item,,,,false,false,false,false,,,
3814157132212639,Composter,Composter,Crafting Station,Crafting Station,,place,true,false,false,false,"[1,2,3]",,
1534621126189481,Container,Container,Item,,,place,true,false,false,false,,,
2976214029638871,Contribution Request Sheet,Contribution Request Sheet,Objects,Wall Decoration,,place,true,false,false,false,"[0.1,1,1]",,
1465022233627440,Contribution Request Sheet,Contribution Request Sheet,Objects,Wall Decoration,,place,true,false,false,false,"[0.1,1,1]",,
2961053874821378,Contribution: Member,Contribution: Member,Item,,,,false,false,false,false,,,
3953354917343066,Contribution: Recruit,Contribution: Recruit,Item,,,,false,false,false,false,,,
1201097720233432,Cooking · Minced Meat,Cooking · Minced Meat,Item,,,,false,false,false,false,,,
6685628274015553,Cooking · Roasted,Cooking · Roasted,Item,,,,false,false,false,false,,,
7539420629350063,Copper Cube,Copper Cube,Blocks,Block,blocks/copper,place,false,false,true,false,,,
1397490634911136,Coral,Coral,Block,Flower,florae/coral,place,false,false,true,false,,,
2185129587402304,Corn,Corn,Vegetable,Vegetable,,eat,false,false,false,false,,,
4111158347024835,Corn Bush,Corn Bush,Block,Block,florae/corn,place,false,false,true,false,,,
1534621126189334,Corn Rows,Corn Rows,Hat,Hat,,,false,false,false,false,,,
7329245755763306,Corn Seeds,Corn Seeds,Item,,,plant,false,false,false,false,,,
8691592395396758,Cosmos,Cosmos,Materials,Dye,items/azalea_petal,,false,false,false,false,,,
8864555979891520,Cosmos Seed,Cosmos Seed,Seeds,,,plant,false,false,false,false,,,
7539420629350243,Cotton,Cotton,Block,Plant,florae/cotton_bush,place,false,false,true,false,,,
7539420629350315,Cotton Ball,Cotton Ball,Materials,Raw Material,items/cotton_boll,,false,false,false,false,,,
7539420629350186,Cotton Block,Cotton Block,Blocks,Block,blocks/cotton_fabric,place,false,false,true,false,,,
7539420629350309,Cotton Fibers,Cotton Fibers,Item,N/A,items/cotton_fiber,,false,false,false,false,,,
4475691160562026,Cotton Seed,Cotton Seed,Recipe,Seed Recipe,,,false,false,false,false,,,
1760645252542797,Cotton Seed,Cotton Seed,Shrub Seeds,,items/seed_cotton,plant,false,false,false,false,,,
4793365313756004,Cotton The Act,Cotton The Act,Item,,,,false,false,false,false,,,
4537020877769928,Cotton Thread,Cotton Thread,Item,Material,items/cotton_thread,,false,false,false,false,,,
4537020877769979,Cotton Twill Patch,Cotton Twill Patch,Materials,Fabric,items/woven_cotton_patch,,false,false,false,false,,,
1534621126189295,Country Boots,Country Boots,Feet,Feet,,,false,false,false,false,,,
4537020877769628,Country Pants,Country Pants,Bottoms,Bottoms,,,false,false,false,false,,,
4537020877769640,Cowboy Outerwear,Cowboy Outerwear,Outerwear,Outerwear,,,false,false,false,false,,,
3827939091136626,Cozy Crabby,Cozy Crabby,Item,,,eat,false,false,false,false,,,
4521171625011211,Crabby,Crabby,Item,,,eat,false,false,false,false,,,
6720083171323032,Crate,Crate,Objects,,placeables/quests/cargo_crate,place,true,false,false,false,"[1.5,1,2]",,
4537020877769634,Crochet Shirt,Crochet Shirt,Tops,Top,,,false,false,false,false,,,
1534621126189319,Crown,Crown,Hats,Hat,,,false,false,false,false,,,
4537020877769814,CryptoKickers,CryptoKickers,Feet,Feet,,,false,false,false,false,,,
1534621126189649,Curly Hair,Curly Hair,Hair,Hair,,,false,false,false,false,,,
4537020877770156,Currency,Currency,Currency,,,,false,false,false,false,,,
7539420629349931,Cutthroat Trout,Cutthroat Trout,Item,,items/fish/cutthroat_trout,eat,false,false,false,false,,,
2686103794288889,Cyan Dye,Cyan Dye,Dyes,Dye Recipe,,,false,false,false,false,,,
3880310535046960,Cyan Dye,Cyan Dye,Dyes,Dye,items/ink_pot_cyan,dye,false,false,false,false,,,
791773540240675,Cycloptic,Cycloptic,Item,,,,false,false,false,false,,,
6203259711678048,D-Mucker,D-Mucker,Muck Clearing Devices,,placeables/runic_stone,place,true,false,false,false,"[1,1,1]",,
3428262282343790,Damage +5,Damage +5,Food Buffs,,,,false,false,false,false,,,
4537020877770102,Dandelion,Dandelion,Block,Flower,florae/dandelion_flower,place,false,false,true,false,,,
7539420629350237,Dandelion Petal,Dandelion Petal,Materials,Dye,items/dandelion_petal,,false,false,false,false,,,
4537020877769697,Dandelion Seed,Dandelion Seed,Seeds,,,plant,false,false,false,false,,,
5061424414829381,Dandelion Seed,Dandelion Seed,Recipe,Seed Recipe,,,false,false,false,false,,,
1534621126189271,Dankwater Gunkus ,Dankwater Gunkus ,Item,,,eat,false,false,false,false,,,
734578410658445,Dankwater Skeleton,Dankwater Skeleton,Objects,,,place,true,false,false,false,"[1,1,1]",,
7539420629350429,Daylily,Daylily,Block,Flower,florae/daylily_flower,place,false,false,true,false,,,
4537020877769907,Daylily Petal,Daylily Petal,Materials,Dye,items/daylily_petal,,false,false,false,false,,,
128172218005903,Daylily Seed,Daylily Seed,Recipe,Seed Recipe,,,false,false,false,false,,,
1534621126189367,Daylily Seed,Daylily Seed,Seeds,,,plant,false,false,false,false,,,
4537020877769580,Deathmatch Enter,Deathmatch Enter,Minigame,,placeables/minigames/deathmatch_enter,place,true,false,false,false,"[1,2,1]",,
1534621126189469,Debug Item,Debug Item,Item,,,,false,false,false,false,,,
2592386473601710,Decoding This Muck,Decoding This Muck,Item,,,,false,false,false,false,,,Bring this to Jo in the den immediately. They've been studying the Mucker language since they first arrived...
6616718479425168,Deleted Cactus,Deleted Cactus,Block,Cactus,florae/cactus,place,false,false,true,false,,,
2386346187692390,Dennis' Needle,Dennis' Needle,Objects,Item,,place,true,false,false,false,"[1,1,1]",,
2872160239761731,dep,dep,Vegetable,Vegetable,,eat,false,false,false,false,,,
4537020877769688,DEP Potato Seed,DEP Potato Seed,Item,,items/seed_potato,plant,false,false,false,false,,,
4911201062559759,DEP Purple Mushroom,DEP Purple Mushroom,Materials,Funghi,,eat,false,false,true,false,,,
2393237167156092,Depracated Muck Stone,Depracated Muck Stone,Item,,placeables/runic_stone,place,true,false,false,false,"[1,1,1]",,
7301681837913214,Deprecated Clearing Stone,Deprecated Clearing Stone,Objects,,placeables/runic_stone,place,true,false,false,false,"[1,1,1]",,
5893854733832257,Deprecated Small Clearing Stone,Deprecated Small Clearing Stone,Objects,,placeables/runic_stone,place,true,false,false,false,"[1,1,1]",,
8643355539158857,deprecated8643355539158857,deprecated8643355539158857,Objects,Friendly robot,npcs/helping_robot,place,true,false,false,false,"[1,1,1]",,
8160297878921879,Despawn Wand,Despawn Wand,Tools,Despawn Wand,,despawnWand,false,false,false,false,,,
1534621126189688,Diamond,Diamond,Metals & Gems,Gem,items/diamond_gem,,false,false,false,false,,,
4537020877769976,Diamond Axe,Diamond Axe,Tools,Tool,items/axe_diamond,destroy,false,false,false,false,,,
1534621126189646,Diamond Cube,Diamond Cube,Metals & Gems,Gem,blocks/diamond,place,false,false,true,false,,,
7539420629350303,Diamond Fencer,Diamond Fencer,Tools,Shaping Tool,items/fencer_diamond,shape,false,false,false,false,,,
4537020877770015,Diamond Ore,Diamond Ore,Blocks,Stone,blocks/diamond_ore,place,false,false,true,false,,,
4537020877769973,Diamond Pick,Diamond Pick,Tools,Tool,items/pickaxe_diamond,destroy,false,false,false,false,,,
8462122779311978,Diamond Rod,Diamond Rod,Tools,,items/chrome_rod,fish,false,false,false,false,,,
1534621126189643,Diamond Slabber,Diamond Slabber,Tools,Shaping Tool,items/slabber_diamond,shape,false,false,false,false,,,
7539420629350300,Diamond Stepper,Diamond Stepper,Tools,Shaping Tool,items/stepper_diamond,shape,false,false,false,false,,,
7716518801526939,Diamonds Are Forever,Diamonds Are Forever,Item,,,,false,false,false,false,,,
2535191344071950,Dimlit Dimwit,Dimlit Dimwit,Item,,,eat,false,false,false,false,,,
8880405232654065,Dire Muck Sickness,Dire Muck Sickness,Debuffs,,,,false,false,false,false,,,
4537020877770180,Dirt,Dirt,Blocks,Soil,blocks/dirt,place,false,false,true,false,,,
1370615814995143,Dive In,Dive In,Item,,,,false,false,false,false,,,
1534621126189289,Diving Goggles,Diving Goggles,Face,Face,,,false,false,false,false,,,
2131379947595491,Doc's Mix CD,Doc's Mix CD,,,items/cd_rom,,false,false,false,false,,,
822093849827169,Doc's Shipwreck Chest,Doc's Shipwreck Chest,Item,,,,false,false,false,false,,,
6259765743305899,Doctor Top,Doctor Top,Outerwear,Outerwear,,,false,false,false,false,,,
8641977343264634,DoNotUses,DoNotUses,Tools,Magic Stick,items/fishing_rod,,false,false,false,false,,,
1534621126189478,Door,Door,Item,,,place,true,false,false,false,,,
952333361653467,Dory Droppings,Dory Droppings,Item,,,,false,false,false,false,,,
8272620844108617,Double Jump,Double Jump,Food Buffs,,,,false,false,false,false,,,
4317198632936150,Double Jump,Double Jump,Food Buffs,,,,false,false,false,false,,,
7539420629350405,Drops with Gem,Drops with Gem,Ears,Ears,wearables/ears/drops_with_gem_gold,,false,false,false,false,,,
8287780998923911,Dye-O-Matic,Dye-O-Matic,Crafting Station,Crafting Station,,place,true,false,false,false,"[3,3,3]",,
7539420629350417,Ears,Ears,Wearable,,,,false,false,false,false,,,
6425838348299471,Eel-Mucker,Eel-Mucker,Item,,,,false,false,false,false,,,
3879621437098308,Electrician's Bag,Electrician's Bag,Item,,npcs/chicken,,false,false,false,false,"[1,2,1]",,
8101724553448603,Electrician's Bag,Electrician's Bag,Objects,,placeables/quests/bag1,place,true,false,false,false,"[1,1,1]",,
6811733198167399,Electrician's Bag,Electrician's Bag,Objects,,placeables/quests/bag1,place,true,false,false,false,"[1,1,1]",,
2784644800587760,Emberstone,Emberstone,Recipe,,,,false,false,false,false,,,
7539420629350078,Emberstone,Emberstone,Lights,Light,blocks/emberstone,place,false,false,true,false,,,
2085210385200414,Emma,Emma,Item,,npcs/sil,,false,false,false,false,"[1,2,1]",,
456182840394405,Empty Power Cell,Empty Power Cell,Item,,,place,false,false,false,false,,,Refill to increase Robot power supply by 15%
908231093142338,Enbentz Cyclops Glasses,Enbentz Cyclops Glasses,Face,Face,,,false,false,false,false,,,
7539420629350486,Environment Group,Environment Group,Item,,,place,false,false,false,false,,,
4537020877769787,Extra Large Gold Frame,Extra Large Gold Frame,Objects,Frame,placeables/frames/gold_frame_extralarge,place,true,false,false,false,"[0.1,6,6]",,
1534621126189460,Extra Large Silver Frame,Extra Large Silver Frame,Objects,Frame,placeables/frames/silver_frame_extralarge,place,true,false,false,false,"[0.1,6,6]",,
4537020877769793,Extra Large Wood Frame,Extra Large Wood Frame,Objects,Frame,placeables/frames/oak_frame_extralarge,place,true,false,false,false,"[0.1,6,6]",,
7539420629349946,Eye Patch,Eye Patch,Face,Face,,,false,false,false,false,,,
7261025059088240,Eye Plant,Eye Plant,Materials,Foliage,florae/eye_plant,place,false,false,true,true,,,
7539420629350375,Eyelashes and Lipstick,Eyelashes and Lipstick,Wearable,,,,false,false,false,false,,,
4537020877770096,Face,Face,Wearable,,,,false,false,false,false,,,
7539420629350354,Facial Hair,Facial Hair,Item,,,,false,false,false,false,,,
8061067774625657,Farmer's Basket,Farmer's Basket,Objects,Container,,place,true,false,false,false,"[1,1,1]",,
3115411814768521,Farming · Shredded Wheat,Farming · Shredded Wheat,Item,,,,false,false,false,false,,,
2592386473606978,Farming Crossbreeding +1,Farming Crossbreeding +1,Food Buffs,,,,false,false,false,false,,,
6958511060710735,Farming Speed +1,Farming Speed +1,Food Buffs,,,,false,false,false,false,,,
1253469164164001,Fashion Glasses,Fashion Glasses,Face,Face,,,false,false,false,false,,,
4729279204758057,Fast Farming (Admin),Fast Farming (Admin),Food,Food,florae/sapling,eat,false,false,false,false,,,
680828770851200,Fast Farming (Admin),Fast Farming (Admin),Item,,,,false,false,false,false,,,
8309832133201527,Feathered Necklace,Feathered Necklace,Neck,Neck,,,false,false,false,false,,,
1534621126189379,Feel Good,Feel Good,Food Buffs,,,,false,false,false,false,,,
4537020877770117,Feet,Feet,Wearable,,,,false,false,false,false,,,
5472126790760839,Fence,Fence,Furniture,Furniture,placeables/furniture/fence,place,true,false,false,false,"[5,1,1]",,
663601322198230,Fence Blueprint,Fence Blueprint,Blueprints,Blueprint,items/blueprint,place,false,true,false,false,"[5,1,1]",,
4537020877770162,Fencer,Fencer,Tools,Shaping Tool,items/fencer_stone,shape,false,false,false,false,,,
7908777128515170,Fertile Grounds,Fertile Grounds,Item,,,,false,false,false,false,,,
7722031585092164,Fertilizer,Fertilizer,Item,,items/fertilizer,fertilize,false,false,false,false,,,
4537020877769730,Fescue Grass,Fescue Grass,Block,Block,florae/fescue_grass,place,false,false,true,false,,,
1534621126189712,Fez,Fez,Hats,Hat,,,false,false,false,false,,,
8149272311739127,Fielder's Straw,Fielder's Straw,Neck,Neck,,,false,false,false,false,,,
8964475182088583,Find The Bellflower Petal,Find The Bellflower Petal,Item,,,,false,false,false,false,,,
3898227081648018,Find The Grass Blade,Find The Grass Blade,Item,,,,false,false,false,false,,,
8197509167971166,Find The Rose Petal,Find The Rose Petal,Item,,,,false,false,false,false,,,
6706990310348612,Fire Flower,Fire Flower,Block,Flower,florae/fire_flower,place,false,false,true,false,,,
4818172839822144,Fire Flower Petal,Fire Flower Petal,Materials,Dye,items/rose_petal,,false,false,false,false,,,
1987358476844909,Fire Flower Seed,Fire Flower Seed,Seeds,,,plant,false,false,false,false,,,
7539420629350036,Fish,Fish,Item,,npcs/fish,,false,false,false,false,,,
1534621126189349,Fish Bait,Fish Bait,Item,,items/bait_fish,,false,false,false,false,,,
6367954120816499,Fish Food,Fish Food,Item,,,,false,false,false,false,,,
6511975591573036,Fish Goop Fertilizer,Fish Goop Fertilizer,Item,,items/fertilizer,fertilize,false,false,false,false,,,
2383589795907514,Fish Sandwich,Fish Sandwich,Food,Food,,eat,false,false,false,false,,,
4505322372247292,Fish Wall Mount,Fish Wall Mount,Objects,Fish Display,placeables/fish_wall_mount,place,true,false,false,false,"[0.1,1,2]",,
4349586236408326,Fish Wanted Board,Fish Wanted Board,Objects,,,place,true,false,false,false,"[1,3,6]",,
3562636381851146,Fish-hook Earring,Fish-hook Earring,Ears,Ears,,,false,false,false,false,,,
154357939959384,Fisher's Coat,Fisher's Coat,Outerwear,,,,false,false,false,false,,,
6268034918619667,Fisher's Rain Hat,Fisher's Rain Hat,Item,,,,false,false,false,false,,,
4879502557032659,Fishing · Punk'd,Fishing · Punk'd,Item,,,,false,false,false,false,,,
214309461279408,Fishing · Royal Flush,Fishing · Royal Flush,Item,,,,false,false,false,false,,,
7959081278587042,Fishing 3,Fishing 3,Item,,,,false,false,false,false,,,
8972744357441678,Fishing Bench,Fishing Bench,Furniture,Furniture,placeables/furniture/bench,place,true,false,false,false,"[3,1,1]",,
4829887504907771,Fishing for Fame,Fishing for Fame,Item,,,,false,false,false,false,,,
5838726898137002,Fishing Hat,Fishing Hat,Hats,Hat,,,false,false,false,false,,,
5051087945632178,Fishing Hat,Fishing Hat,Hats,Hat,,,false,false,false,false,,,
1719988473717676,Fishing Hat,Fishing Hat,Hats,Hat,,,false,false,false,false,,,
2913506116529081,Fishing Rod,Fishing Rod,Tools,,items/fishing_rod,fish,false,false,false,false,,,
6518177473086208,Fishing Vest,Fishing Vest,Outerwear,Outerwear,,,false,false,false,false,,,
2573780829057112,Fishing Wader's Pants,Fishing Wader's Pants,Item,,,,false,false,false,false,,,
4810592762412103,Fishing Wader's Top,Fishing Wader's Top,Outerwear,,,,false,false,false,false,,,
2429759358301745,fishing2,fishing2,Item,,,,false,false,false,false,,,
4537020877770153,Fitted Cap,Fitted Cap,Hats,Hat,,,false,false,false,false,,,
4537020877769670,Fizzy,Fizzy,Drink Buffs,,,,false,false,false,false,,,
1534621126189406,Flare,Flare,Lights,Block,florae/simple_flare,place,false,false,true,false,,,
4049828629812034,Flare,Flare,Recipe,Lights,,,false,false,false,false,,,
4537020877769970,Flat Top,Flat Top,Hair,Hair,,,false,false,false,false,,,
2780510212918918,Flax Seed,Flax Seed,Seeds,,,plant,false,false,false,false,,,
768344210024754,Flax Strand,Flax Strand,Materials,Raw Material,items/hemp_strand,,false,false,false,false,,,
4537020877770141,Fleece,Fleece,Outerwear,Outerwear,,,false,false,false,false,,,
1534621126189781,Flip,Flip,Hair,Hair,,,false,false,false,false,,,
6715259485700099,Floor Plate,Floor Plate,Objects,,placeables/quests/plate_floor,place,true,false,false,false,"[1,0.1,1]",,
7482225499818776,Flower Crown,Flower Crown,Hats,Hat,,,false,false,false,false,,,
7539420629349976,Flower Crown,Flower Crown,Hats,Hat,,,false,false,false,false,,,
2065226544764071,Flower Crown,Flower Crown,Hats,Hat,,,false,false,false,false,,,
5377720372134110,Flower Pot,Flower Pot,Objects,,,place,true,false,false,false,"[1,1,1]",,
4173866260125256,Flowers,Flowers,Item,,,,false,false,false,false,,,
1453996666485782,Fly Trap,Fly Trap,Materials,Foliage,florae/fly_trap,place,false,false,true,true,,,
871708901947233,Foo,Foo,Item,,,,false,false,false,false,,,
4406781365938017,FOV Warp,FOV Warp,Item,,,,false,false,false,false,,,
2887320394577910,Fowl Play,Fowl Play,Item,,,,false,false,false,false,,,
1593194451646182,Friendly Human Being,Friendly Human Being,Item,,,,false,false,false,false,"[0.75,1.8,0.75]",,
7911533520288799,From The Top,From The Top,Item,,,,false,false,false,false,,,Let’s get you out of those rags and into something nicer...
8533788965712880,Fruit,Fruit,Item,,items/carrot,,false,false,false,false,,,
5973100997645477,Fruit,Fruit,Item,,items/carrot,,false,false,false,false,,,
5721580247335569,Fruit Smoothie,Fruit Smoothie,Drinks,Drink,,drink,false,false,false,false,,,
1301706020415207,Fruit Smoothie,Fruit Smoothie,Drinks,Drink,,drink,false,false,false,false,,,
6150888267768629,Fruits,Fruits,Item,,,,false,false,false,false,,,
4847804051505883,Fugugugu,Fugugugu,Item,,npcs/fish,,false,false,false,false,,,
5270910190473177,Fungal Bungle,Fungal Bungle,Item,,,,false,false,false,false,,,
8757056700330694,Fur Boots,Fur Boots,Feet,Feet,,,false,false,false,false,,,
2551729694812271,Fur Gloves,Fur Gloves,Hands,Hands,,,false,false,false,false,,,
1912246800708145,Game Leaderboard,Game Leaderboard,Item,,,,false,false,false,false,,,
4005037263305075,Gardening Gloves,Gardening Gloves,Hands,Hands,,,false,false,false,false,,,
687030652370627,Gate,Gate,Minigame,,,place,true,false,false,false,"[1,2,2]","[1,0.05,2]",
5352223748124547,Gellraiser,Gellraiser,Item,,,eat,false,false,false,false,,,
771100601800015,Get Blasted,Get Blasted,Item,,,,false,false,false,false,,,"Ay! Welcome back! It looks like you've been busy! Ready to continue your Engineering training? Let me help ya scrap together a Thermoblaster on your new land! here, take this recipe..."
817959262145055,Get the Muck Out,Get the Muck Out,Item,,,,false,false,false,false,,,
5343954572758639,Get the Muck Outta Here,Get the Muck Outta Here,Item,,,,false,false,false,false,,,"There's an overgrowth of Mossy Mucklings! To keep Mosslawn’s ecology thriving we need to turn a few of these muckers back into spores! They're feisty, but if you get chomped I've got a cozy campfire outside for you to rest at."
6114366076614510,Getting Your Hands Dirty,Getting Your Hands Dirty,Item,,,,false,false,false,false,,,"Good to see ya again, {username}!
{break} Ready to get yer hands dirty?"
6642215103394111,Getting Your Hands Dirty,Getting Your Hands Dirty,Item,,,,false,false,false,false,,,Ah shoot! To make the matching skirt you’ll need a little something extra to bind the grass together. I know just the spot...
4855384128913191,Gia's Camera,Gia's Camera,Tool,Camera,items/camera,photo,false,false,false,false,,,
8045218521859125,Gia's Lost Wallet,Gia's Lost Wallet,Item,,,,false,false,false,false,,,My wallet! Oh no! It must either be in our room? Or did I lose it on the boat? Or during our swim? It must be around here somewhere!
5520363647038355,Gift,Gift,Item,,placeables/containers/treasure_chest,reveal,false,false,false,false,,,Someone has left you a gift!
7745460915304320,Gifting Reward,Gifting Reward,Item,,placeables/containers/treasure_chest,reveal,false,false,false,false,,,A gift for the gifter!
6604314716360556,Gimme Shelter,Gimme Shelter,Item,,,,false,false,false,false,,,"Dear {username}, it’s Taye here writing you from Watt! {break} If you’re reading this then you must be staring at a freshly claimed plot of land. Congratulations! {break} Your land is a blank canvas. What you build here will define how you contribute back to the world. A farm, a restaurant, a shop, a place to play games, or all of the above! {break} However, to accomplish any of those goals, you’re going to need a sturdy floor, strong walls, and a solid roof over your head.  {break} Enclosed in this package you’ll find three blueprints, choose one to get you started."
3741112749915015,Gimme Shelter,Gimme Shelter,Item,,,,false,false,false,false,,,
8316723112660879,Glass,Glass,Glass,Glass,glass/simple_glass,place,false,false,true,false,,,
7539420629350390,Gloves,Gloves,Hands,Hands,,,false,false,false,false,,,
4472934768777528,Go Fish,Go Fish,Item,,,,false,false,false,false,,,
1534621126189721,Goatee,Goatee,Face,Face,,,false,false,false,false,,,
1534621126189640,Gold Axe,Gold Axe,Tools,Tool,items/axe_gold,destroy,false,false,false,false,,,
7539420629350297,Gold Bar,Gold Bar,Metals & Gems,Metal,items/bar_gold,,false,false,false,false,,,
1534621126189739,Gold Chain,Gold Chain,Neck,Neck,wearables/neck/chain_gold,,false,false,false,false,,,
7539420629350396,Gold Chains,Gold Chains,Neck,Neck,wearables/neck/chains_gold,,false,false,false,false,,,
8997551883502316,Gold Chromoverseer,Gold Chromoverseer,Item,,npcs/round_robot,,false,false,false,false,"[1.5,1.5,1.5]",,
1534621126189685,Gold Cube,Gold Cube,Metals & Gems,Metal,blocks/gold,place,false,false,true,false,,,
4537020877770078,Gold Drops,Gold Drops,Ears,Ears,wearables/ears/drops_gold,,false,false,false,false,,,
4537020877769967,Gold Fencer,Gold Fencer,Tools,Shaping Tool,items/fencer_gold,shape,false,false,false,false,,,
1534621126189745,Gold Hoop,Gold Hoop,Ears,Ears,wearables/ears/hoop_gold,,false,false,false,false,,,
1534621126189757,Gold Hoops,Gold Hoops,Ears,Ears,wearables/ears/hoops_gold,,false,false,false,false,,,
7539420629350387,Gold Knuckles,Gold Knuckles,Hands,Hands,wearables/hands/knuckles_gold,,false,false,false,false,,,
4537020877769652,Gold Medal,Gold Medal,Neck,Neck,wearables/neck/medal_gold,,false,false,false,false,,,
1108069497496786,Gold Mushroom Spores,Gold Mushroom Spores,Spores,N/A,items/mushroom_spores,plant,false,false,false,false,,,
4537020877769991,Gold Nugget,Gold Nugget,Metals & Gems,Raw Metal,items/nugget_gold,,false,false,false,false,,,
4537020877770012,Gold Ore,Gold Ore,Block,Stone,blocks/gold_ore,place,false,false,true,false,,,
1534621126189637,Gold Pick,Gold Pick,Tools,Tool,items/pickaxe_gold,destroy,false,false,false,false,,,
7539420629350384,Gold Ring,Gold Ring,Hands,Hands,wearables/hands/ring_gold,,false,false,false,false,,,
7539420629350294,Gold Slabber,Gold Slabber,Tools,Shaping Tool,items/slabber_gold,shape,false,false,false,false,,,
4537020877769964,Gold Stepper,Gold Stepper,Tools,Shaping Tool,items/stepper_gold,shape,false,false,false,false,,,
1534621126189634,Gold Stud,Gold Stud,Ears,Ears,,,false,false,false,false,,,
7539420629350411,Gold Studs,Gold Studs,Ears,Ears,wearables/ears/studs_gold,,false,false,false,false,,,
7539420629349994,Gold Tiara,Gold Tiara,Hats,Hat,wearables/hat/tiara_gold,,false,false,false,false,,,
5673343391053040,Golden Glowtopia,Golden Glowtopia,Item,,,,false,false,false,false,,,
2122421674296498,Golden Mushroom,Golden Mushroom,Materials,Funghi,florae/golden_mushroom,place,false,false,true,false,,,
3242894934816699,Golden Mushroom Spores,Golden Mushroom Spores,Recipe,Seed Recipe,,,false,false,false,false,,,
4540466367502298,Golden Opportunity,Golden Opportunity,Item,,,,false,false,false,false,,,
4537020877769601,Golden Starfish,Golden Starfish,Item,,items/fish/golden_starfish,eat,false,false,false,false,,,
6797951239279598,Golden Turnip,Golden Turnip,Item,Seed,,plant,false,false,false,false,,,
6412745487369325,Golden Turnip (Planted),Golden Turnip (Planted),Block,Block,florae/golden_turnip,place,false,false,true,false,,,A golden turnip with soil still around it.
2294696160906826,Golden Turnip Seed,Golden Turnip Seed,Seeds,,,plant,false,false,false,false,,,
6731797836407141,Good Vibrations,Good Vibrations,Item,,,,false,false,false,false,,,
1080505579642980,Got A Light?,Got A Light?,Item,,,,false,false,false,false,,,"Alright, alright, I’ve heard about you! Well, by now you know the moon ain’t enough to keep your land lit. You’ll need a little something extra for those long nights at the Thermoblaster!"
1534621126189835,Granite,Granite,Block,Stone,blocks/granite,place,false,false,true,false,,,
7539420629350291,Granite Brick,Granite Brick,Blocks,Stone,blocks/granite_brick,place,false,false,true,false,,,
1534621126189517,Granite Shingles,Granite Shingles,Blocks,Stone,blocks/granite_shingles,place,false,false,true,false,,,
8085875300689262,Grape,Grape,Fruit,Fruit,,eat,false,false,false,false,,,
7539420629350018,Grape Seed,Grape Seed,Item,,,plant,false,false,false,false,,,
7387819081191717,Grape Vines,Grape Vines,Block,Block,florae/grapes,place,false,false,true,false,,,
3588133005856146,Grass,Grass,Block,Plant,blocks/grass,place,false,false,true,false,,,
4537020877769904,Grass Blade,Grass Blade,Materials,Dye,items/grass_blade,,false,false,false,false,,,
8233342261170015,Grassy Gear,Grassy Gear,Item,,,,false,false,false,false,,,"Hah! I see your outfit hasn't changed...
{break} I could give you something I've made, but what would that teach you?
{break} Here, take the Grassy Top recipe. Craft it, wear it, and then come back to me!"
1534621126189841,Gravel,Gravel,Materials,Stone,blocks/gravel,place,false,false,true,false,,,
2992752380341656,Greater Hexer,Greater Hexer,Item,,npcs/purple_hexer,,false,false,false,false,"[1,2,1]",,
4058097805166920,Green Dye,Green Dye,Dyes,Dye Recipe,,,false,false,false,false,,,
4537020877769661,Green Dye,Green Dye,Dyes,Dye,items/ink_pot_green,dye,false,false,false,false,,,
2369807836981916,Green Mucker State Inscription,Green Mucker State Inscription,Notes,Notes,items/paper_written,,false,false,false,false,,,
3417925813145567,Grove A-Go-Go,Grove A-Go-Go,Item,,,,false,false,false,false,,,"You're back, {username}! I've been testing a new game if you're interested in trying it out?"
3133328361370464,Gunkskimmer,Gunkskimmer,Item,,,eat,false,false,false,false,,,
4537020877770111,Hair,Hair,Wearable,Hair,,,false,false,false,false,,,
4537020877769961,Half-shaved Hair ,Half-shaved Hair ,Hair,Hair,,,false,false,false,false,,,
1534621126189502,Handcraft,Handcraft,Crafting Station,,,place,true,false,false,false,,,
1534621126189733,Hands,Hands,Wearable,,,,false,false,false,false,,,
7539420629350483,Hat,Hat,Wearable,,,,false,false,false,false,,,
3038921942736880,Haulin' Grass,Haulin' Grass,Item,,,,false,false,false,false,,,"Grass ain't quite sturdy enough for roads but if you pack it tightly it can be a really useful!
{break} Try placing your grass blocks under the road extension over there to support it."
4537020877769613,Hawaiian Necklace,Hawaiian Necklace,Neck,Neck,,,false,false,false,false,,,
4537020877769832,Hay,Hay,Block,Block,blocks/hay,place,false,false,true,false,,,
8124464785675261,Haystack,Haystack,Objects,,,place,true,false,false,false,"[1,1,1]",,
4537020877770048,Head,Head,Wearable,,,,false,false,false,false,,,
1534621126189817,Headband,Headband,Hats,Hat,,,false,false,false,false,,,
4537020877770147,Headphones,Headphones,Hats,Hat,,,false,false,false,false,,,
4388864819341675,Health +10,Health +10,Food Buffs,,,,false,false,false,false,,,
8573756646596690,Health +20,Health +20,Food Buffs,,,,false,false,false,false,,,
3843099245953627,Health +5,Health +5,Food Buffs,,,,false,false,false,false,,,
2659228974387077,Health Regeneration +10,Health Regeneration +10,Food Buffs,,,,false,false,false,false,,,
178476368078060,Health Regeneration +15,Health Regeneration +15,Food Buffs,,,,false,false,false,false,,,
3527492386595630,Health Regeneration +5,Health Regeneration +5,Food Buffs,,,,false,false,false,false,,,
4653478430681095,Health Regeneration +5,Health Regeneration +5,Food Buffs,,,,false,false,false,false,,,
8435247959408876,Help Muck Researcher,Help Muck Researcher,Item,,,,false,false,false,false,,,
1534621126189529,Hemp,Hemp,Block,Plant,florae/hemp_bush,place,false,false,true,false,,,
1534621126189631,Hemp Rope,Hemp Rope,Materials,Fastener,items/hemp_rope,,false,false,false,false,,,
2831503460936133,Hemp Seed,Hemp Seed,Shrub Seed,Seed Recipe,,,false,false,false,false,,,
4913268356398047,Hemp Seed,Hemp Seed,Seeds,,,plant,false,false,false,false,,,
4537020877769988,Hemp Stalk,Hemp Stalk,Materials,N/A,items/hemp_stalk,,false,false,false,false,,,
7539420629350288,Hemp Strand,Hemp Strand,Materials,Raw Material,items/hemp_strand,,false,false,false,false,,,
5752589654865165,Henley,Henley,Tops,Top,,,false,false,false,false,,,
4124940305948066,Henley,Henley,Tops,Top,,,false,false,false,false,,,
7539420629350462,Henley,Henley,Tops,Top,,,false,false,false,false,,,
3142975732617239,Hermit Crab,Hermit Crab,Item,,,,false,false,false,false,,,
306648586067057,Hidden,Hidden,Item,,,,false,false,false,false,,,
6200503319892827,High Low Silo Silver Trophy,High Low Silo Silver Trophy,Objects,Race Medal,,place,true,false,false,false,"[1,1,1]",,
4816794643929202,High Speed,High Speed,Item,,,,false,false,false,false,,,
4537020877770114,High Tops,High Tops,Feet,Feet,,,false,false,false,false,,,
4537020877769958,High Tops,High Tops,Feet,Feet,,,false,false,false,false,,,
7247243100166497,Highs and Lows,Highs and Lows,Item,,,,false,false,false,false,,,
1443660197294591,Hiker Beware,Hiker Beware,Item,,,,false,false,false,false,,,
6884088482516485,Hit the Road,Hit the Road,Item,,,,false,false,false,false,,,"Right then! Nice to meet ya {username}!
{break} I'm Billy, head of construction for the new roads in and out of The Grove.
{break} These roads are useful for finding your way around this place, also the Muckers seem to stay off 'em.
{break} Say, would you mind clearing up some of the Grass blocks on road over there?"
570573099459937,Hoedown,Hoedown,Item,,,,false,false,false,false,,,
7539420629349928,Holy Mackerel,Holy Mackerel,Item,,items/fish/holy_mackerel,eat,false,false,false,false,,,
8393212984680559,Home on the Range,Home on the Range,Item,,,,false,false,false,false,,,It’s pretty safe around the city but to survive far beyond these walls you’ll need a bit more training. I know just the person you should meet...
4537020877770105,Homestone,Homestone,Tool,Homestone,items/homestone,warpHome,false,false,false,false,,,
1534621126189808,Hoodie,Hoodie,Outerwear,Outerwear,,,false,false,false,false,,,
7625557872628557,Hooked on Crafting,Hooked on Crafting,Item,,,,false,false,false,false,,,
4537020877770084,Hoops with Gem,Hoops with Gem,Ears,Ears,,,false,false,false,false,,,
5609257282052933,"Hop, Skip, Jump","Hop, Skip, Jump",Item,,,,false,false,false,false,,,
5119308642308264,Horizontal Stripped Shirt,Horizontal Stripped Shirt,Item,,,,false,false,false,false,,,
7710316920007608,Human Being,Human Being,Item,,,,false,false,false,false,"[0.75,1.8,0.75]",,
3488213803703351,HydroHaste,HydroHaste,Drink Buffs,,buffs/drink_bounce,,false,false,false,false,,,
5342576376866231,I Can't Contain Myself,I Can't Contain Myself,Item,,,,false,false,false,false,,,You've got a Workbench don't ya? That recipe I just gave ya should really help lighten your load...
4884326242652709,I've Been Framed,I've Been Framed,Item,,,,false,false,false,false,,,"You've got quite the artistic eye!
{break} The Grove walls are covered in picture frames. Choose a frame of your liking and replace it's contents with that photo you just took."
288042941520359,iantester,iantester,Item,,,,false,false,false,false,,,
4025021103745675,Ice,Ice,Block,Block,blocks/ice,place,false,false,true,false,,,
5000094697617345,Ice,Ice,Recipe,,,,false,false,false,false,,,
7620045089055367,In Rod We Trust DEP,In Rod We Trust DEP,Item,,,,false,false,false,false,,,Holy mackerel! This is worse than I thought! {break} I'd venture a guess that we've got ourselves some Muck Suckers in our very own Rolland Pond! {break} It won't be easy but if you're up for the challenge you'll need to talk with Rod about what it takes to bag a beast like that.
1614556487948596,In Ruins,In Ruins,Item,,,,false,false,false,false,,,
1543579399492851,In Storage,In Storage,Item,,,,false,false,false,false,,,
2438028533657873,Increase Catch Bar 5%,Increase Catch Bar 5%,Food Buffs,,,,false,false,false,false,,,
4537020877769667,Increase HP 20,Increase HP 20,Food Buffs,,,,false,false,false,false,,,
8861110490155796,Introductions,Introductions,Item,,,,false,false,false,false,,,"Speaking of friends, you should introduce yourself to a few more of the folks who are helping out around here."
5405973387924040,Introductions I,Introductions I,Item,,,,false,false,false,false,,,
4512213351706056,Introductions II,Introductions II,Item,,,,false,false,false,false,,,
3000332457750215,Introductions III,Introductions III,Item,,,,false,false,false,false,,,
3668757465561648,Introductions IV,Introductions IV,Item,,,,false,false,false,false,,,
2867336554133686,Introductions V,Introductions V,Item,,,,false,false,false,false,,,
4989758228422197,Irrational,Irrational,Item,,,,false,false,false,false,,,
1534621126189424,Isometric Camera,Isometric Camera,Tool,Camera,,photo,false,false,false,false,,,
1534621126189397,Ivy Vine,Ivy Vine,Block,Block,florae/ivy_vine,place,false,false,true,true,,,
5907636692755401,Izzy,Izzy,Item,,npcs/dimmi,,false,false,false,false,"[1,2,1]",,
1569076023499576,Jack <Lumber Buyer>,Jack <Lumber Buyer>,Item,,npcs/alexis,,false,false,false,false,"[1,2,1]",,
1534621126189433,Jackie,Jackie,Item,,npcs/jackie,,false,false,false,false,,,
6255631155586810,Jean Jacket,Jean Jacket,Outerwear,,,,false,false,false,false,,,
5042818770280607,Jean Jacket Vest,Jean Jacket Vest,Outerwear,,,,false,false,false,false,,,
2512451111844299,Jeans,Jeans,Bottoms,Bottoms,,,false,false,false,false,,,
1534621126189793,Jeans,Jeans,Bottoms,Bottoms,,,false,false,false,false,,,
6407921801695863,Jeans,Jeans,Bottoms,Bottoms,,,false,false,false,false,,,
1774427211468284,Jeans with Belt Buckle,Jeans with Belt Buckle,Item,,,,false,false,false,false,,,
5871114501608740,Jeans with Work Belt,Jeans with Work Belt,Pants,Pants,,,false,false,false,false,,,
4537020877769646,Jester Hat,Jester Hat,Hats,Hat,,,false,false,false,false,,,
5907636692755560,Jitter Juice,Jitter Juice,Item,,,,false,false,false,false,,,
7520814984799849,Juggement Day,Juggement Day,Item,,,,false,false,false,false,,,"Taller than an oak tree, wider than a campsite, teeth like neptunium... you’ve probably heard those whispers around Stoke. I’ve encountered a few Jugger Muckers in my travels so if you’re crazy enough to go looking I’d advise not to do it alone!"
6333499223509677,Jugger Tooth,Jugger Tooth,Materials,Raw Material,items/mucker_tooth,,false,false,false,false,,,
2992752380341668,Juggermucker,Juggermucker,Item,,npcs/jugger_mucker,,false,false,false,false,"[4,4,4]",,
2701953047052130,Jumbotron,Jumbotron,Objects,Jumbotron,,place,true,false,false,false,"[0.25,2.8,4.1]",,
6637391417828565,Jumbotron XL,Jumbotron XL,Objects,Jumbotron,,place,true,false,false,false,"[1,11.2,16.4]",,
3626033392936321,Katie's Cosmic Kitty Cap,Katie's Cosmic Kitty Cap,Wearable,Hat,,,false,false,false,false,,,
3200859960098333,Key,Key,Item,Item,,,false,false,false,false,,,
7567673645147967,Kinda Corny,Kinda Corny,Item,,,,false,false,false,false,,,
1485695172010242,Kitchen,Kitchen,Crafting Station,Crafting Station,placeables/crafting_stations/oak_kitchen,place,true,false,false,false,"[1,1,4]",,
222578636635416,Knapped Hoe,Knapped Hoe,Tools,,items/wooden_hoe,till,false,false,false,false,,,
214309461280758,Knapped Hoe,Knapped Hoe,Recipe,Tool Recipe,,,false,false,false,false,,,
4409537757759877,Knit Cap,Knit Cap,Hats,Hat,,,false,false,false,false,,,
7539420629350012,Koi,Koi,Item,,,eat,false,false,false,false,,,
4122183914163418,L Beamer,L Beamer,Tools,Shaping,items/stepper_silver,shape,false,false,false,false,,,
4856073226863508,L Pegger,L Pegger,Tools,Shaping,items/stepper_silver,shape,false,false,false,false,,,
7539420629350165,Land Claim Flag,Land Claim Flag,Land Flag,,items/land_flag,landClaim,false,false,false,false,,,
1534621126189511,Land Deed,Land Deed,Item,,items/land_deed,deedEdit,false,false,false,false,,,
7539420629350111,Land Flag Fabric,Land Flag Fabric,Materials,Raw Material,items/land_flag_fabric,,false,false,false,false,,,
4537020877769781,Land Flag Finial,Land Flag Finial,Materials,Raw Material,items/land_flag_finial,,false,false,false,false,,,
1534621126189451,Land Flag Hilt,Land Flag Hilt,Materials,Raw Material,items/land_flag_hilt,,false,false,false,false,,,
7539420629350108,Land Flag Pole,Land Flag Pole,Materials,Raw Material,items/land_flag_pole,,false,false,false,false,,,
4357855411758523,Land Ho!,Land Ho!,Item,,,,false,false,false,false,,,
7539420629350117,Large Gold Frame,Large Gold Frame,Objects,Frame,placeables/frames/gold_frame_large,place,true,false,false,false,"[0.1,4,4]",,
4537020877769790,Large Silver Frame,Large Silver Frame,Objects,Frame,placeables/frames/silver_frame_large,place,true,false,false,false,"[0.1,4,4]",,
7539420629350123,Large Wood Frame,Large Wood Frame,Objects,Frame,placeables/frames/oak_frame_large,place,true,false,false,false,"[0.1,4,4]",,
5414242563280771,Latex Gloves,Latex Gloves,Item,,,,false,false,false,false,,,
7908088030567301,Latex Gloves,Latex Gloves,Item,,,,false,false,false,false,,,
5301919598048127,Lava,Lava,Lights,Damage,blocks/lava,place,false,false,true,false,,,
7818505297564531,Lava Immunity,Lava Immunity,Food Buffs,,,,false,false,false,false,,,
4893973613892053,Lay of the Land,Lay of the Land,Item,,,,false,false,false,false,,,Has Jackie sent you off to learn how to craft a Land Flag? No? Let's bring 'em a little proof that you're up for any challenge...
8011452722498321,Leaderboard Sign,Leaderboard Sign,Objects,Frame,,place,true,false,false,false,"[1,2,1]",,
4537020877769811,LED,LED,Lights,Light,blocks/led,place,false,false,true,false,,,
5995152131921989,Lesser Hexer,Lesser Hexer,Item,,npcs/brown_hexer,,false,false,false,false,"[1,2,1]",,
2962432070713372,Light Blue Dye,Light Blue Dye,Dyes,Dye Recipe,,,false,false,false,false,,,
2739164336145541,Light Blue Dye,Light Blue Dye,Dyes,Dye,items/ink_pot_lightblue,dye,false,false,false,false,,,
8105859141128131,Light The Path,Light The Path,Item,,,,false,false,false,false,,,
4537020877770099,Lilac,Lilac,Block,Flower,florae/lilac_flower,place,false,false,true,false,,,
7539420629350234,Lilac Petal,Lilac Petal,Materials,Dye,items/lilac_petal,,false,false,false,false,,,
1676575303110307,Lilac Seed,Lilac Seed,Recipe,Seed Recipe,,,false,false,false,false,,,
7539420629350024,Lilac Seed,Lilac Seed,Seeds,,,plant,false,false,false,false,,,
3725952595099295,Lillypad Leap,Lillypad Leap,Item,,,,false,false,false,false,,,
1825420459488331,Lillypad Leap Gold Trophy,Lillypad Leap Gold Trophy,Objects,Home Decoration,,place,true,false,false,false,"[1,1,1]",,
173652682453948,Lillypad Leap Silver Trophy,Lillypad Leap Silver Trophy,Objects,Home Decoration,,place,true,false,false,false,"[1,1,1]",,
5321214340546900,Lillypad Leap-off,Lillypad Leap-off,Item,,,,false,false,false,false,,,
6542984999152837,Lillypad Leap-off,Lillypad Leap-off,Item,,,,false,false,false,false,,,
5001472893510275,Lillypad Legends,Lillypad Legends,Item,,,,false,false,false,false,,,
7539420629350339,Limestone,Limestone,Block,Stone,blocks/limestone,place,false,false,true,false,,,
4537020877770009,Limestone Brick,Limestone Brick,Blocks,Stone,blocks/limestone_brick,place,false,false,true,false,,,
7539420629350171,Limestone Shingles,Limestone Shingles,Blocks,Stone,blocks/limestone_shingles,place,false,false,true,false,,,
5172369184200862,Linarokii Wig,Linarokii Wig,Hats,Hat,,,false,false,false,false,,,
1534621126189523,Local Biomes Dev Badge,Local Biomes Dev Badge,Item,,,,false,false,false,false,,,
8068647852033316,Lockjawed Junksnuffer,Lockjawed Junksnuffer,Item,,,,false,false,false,false,,,
1534621126189436,Log,Log,Blocks,Block,blocks/oak_log,place,false,false,true,false,,,
5737429500046247,Log Test,Log Test,Item,,,,false,false,false,false,,,
2613748509938561,LOG TEST,LOG TEST,Item,,,,false,false,false,false,,,
7156282171268022,Loggenfogger,Loggenfogger,Item,,,eat,false,false,false,false,,,
8832857474398965,Loki's Shirt,Loki's Shirt,Tops,Top,,,false,false,false,false,,,
7539420629350306,Long Curly Hair,Long Curly Hair,Hair,Hair,,,false,false,false,false,,,
7539420629349997,Long Distance,Long Distance,Food Buffs,,,,false,false,false,false,,,
5135157895072651,Long Distance,Long Distance,Food Buffs,,,,false,false,false,false,,,
79935361767978,Long Distance,Long Distance,Food Buffs,,,,false,false,false,false,,,
1924650563741827,Long Distance,Long Distance,Food Buffs,,,,false,false,false,false,,,
1534621126189628,Long Hair,Long Hair,Hair,Hair,,,false,false,false,false,,,
1534621126189805,Long Sleeve Shirt,Long Sleeve Shirt,Tops,Top,,,false,false,false,false,,,
6987453174497359,Loretje's Latte,Loretje's Latte,Objects,Home Decoration,,place,true,false,false,false,"[1,1,1]",,
6662198943842175,Lost and Found,Lost and Found,Item,,,,false,false,false,false,,,
1534621126189760,Love Shades,Love Shades,Face,Face,,,false,false,false,false,,,
500285108949196,Low Tops,Low Tops,Feet,Feet,,,false,false,false,false,,,
4419185128971810,Low Tops,Low Tops,Feet,Feet,,,false,false,false,false,,,
7539420629350444,Low Tops,Low Tops,Feet,Feet,,,false,false,false,false,,,
7539420629350285,Low Tops,Low Tops,Feet,Feet,,,false,false,false,false,,,
7539420629350093,Lumber,Lumber,Block,Block,blocks/birch_lumber,place,false,false,true,false,,,
8666095771386844,Luminescent Flowers,Luminescent Flowers,Item,,,,false,false,false,false,,,
4911201062559267,Luminescent Lily,Luminescent Lily,Item,,,,false,false,false,false,,,
1534621126189316,Maang Tikka,Maang Tikka,Hats,Hat,,,false,false,false,false,,,
4537020877769598,Mackerel,Mackerel,Item,,items/fish/mackerel,eat,false,false,false,false,,,
8359447185324471,Maddie,Maddie,Item,,npcs/ranger_jane,,false,false,false,false,"[1,2,1]",,
1325824448495246,Magenta Dye,Magenta Dye,Dyes,Dye Recipe,,,false,false,false,false,,,
5678167076676150,Magenta Dye,Magenta Dye,Dyes,Dye,items/ink_pot_magenta,dye,false,false,false,false,,,
3324897590409143,Mailbox,Mailbox,Mailbox,,placeables/mailbox/mailbox,place,true,false,false,false,"[1,2,1]",,
8063824166405340,Mairu,Mairu,Item,,npcs/dimmi,,false,false,false,false,"[1,2,1]",,
4537020877770093,Mairu's Monocle,Mairu's Monocle,Face,Face,,,false,false,false,false,,,
8701928864620211,Maitê's Watermelon,Maitê's Watermelon,Item,,,,false,false,false,false,,,
8373918242247291,Maite's Watermelon Hat,Maite's Watermelon Hat,Wearable,Hat,,,false,false,false,false,,,
2571024437270283,Mariana's Muckerburger,Mariana's Muckerburger,Item,,,,false,false,false,false,,,
3942329350205395,Marigold,Marigold,Block,Flower,florae/marigold_flower,place,false,false,true,false,,,
3805198858913376,Marigold Petal,Marigold Petal,Materials,Dye,items/daylily_petal,,false,false,false,false,,,
7088750572541545,Marigold Seed,Marigold Seed,Seeds,,,plant,false,false,false,false,,,
1825420459484848,Marina Shopping Stall Blueprint,Marina Shopping Stall Blueprint,Blueprints,Blueprint,items/blueprint,place,false,true,false,false,"[3,4,4]",,
4084972625066308,Marina Table,Marina Table,Furniture,Furniture,placeables/furniture/ttable,place,true,false,false,false,"[2,1,3]",,
7226570161777716,Marina Table,Marina Table,Furniture,Furniture,placeables/furniture/table,place,true,false,false,false,"[3,1,2]",,
4537020877769616,Mask,Mask,Face,Face,,,false,false,false,false,,,
6197057830157478,Max Diggs,Max Diggs,Item,,npcs/alexis,,false,false,false,false,"[1,2,1]",,
7539420629350120,Medium Silver Frame,Medium Silver Frame,Objects,Frame,placeables/frames/silver_frame_medium,place,true,false,false,false,"[0.1,2,2]",,
1534621126189466,Medium Wood Frame,Medium Wood Frame,Objects,Frame,placeables/frames/oak_frame_medium,place,true,false,false,false,"[0.1,2,2]",,
5882140068746936,Mega Axe,Mega Axe,Tools,Super Tool,items/axe_stone,destroy,false,false,false,false,,,
5459033929785333,Members Only,Members Only,Item,,,,false,false,false,false,,,
8063824166405346,Meow,Meow,Item,,npcs/cat,,false,false,false,false,"[0.9,0.7,0.9]",,
2019746080346764,Meow,Meow,Item,,npcs/cat_black,,false,false,false,false,"[0.9,0.7,0.9]",,
1306529706037369,Meowter Space,Meowter Space,Item,,,,false,false,false,false,,,
7119759980118961,Metagame Leaderboard,Metagame Leaderboard,Metagame,,placeables/frames/silver_frame_large,place,true,false,false,false,"[0.1,4,4]",,
7469132638841053,Metagame Team Leaderboard,Metagame Team Leaderboard,Metagame,,placeables/frames/silver_frame_large,place,true,false,false,false,"[0.1,4,4]",,
8975500749224706,Minced,Minced,Item,,,,false,false,false,false,,,"I was a chef in Watt before the Muckers showed up and I've never seen anything quite like this!
{break} Take a few slabs of Raw Mucker Meat to a workbench, a quick dice, chop, pop, and voila!"
1534621126189376,Minced Mucker Meat,Minced Mucker Meat,Food,Food,items/mucker_meat_minced,eat,false,false,false,false,,,
1825420459488457,Mine Your Business,Mine Your Business,Item,,,,false,false,false,false,,,I want to make a name for myself as a miner...
280462864114905,Mini-fridge,Mini-fridge,Objects,Container,,place,true,false,false,false,"[1,2,1]",,
4537020877769583,Minigame Deed,Minigame Deed,Minigame,,items/minigame_deed,minigameEdit,false,false,false,false,,,
5745009577454038,Minigame Gates,Minigame Gates,Minigame,,placeables/minigames/minigame_gates,place,true,false,false,false,"[1,2,2]",,
7539420629349913,Minigame Leaderboard,Minigame Leaderboard,Race,,placeables/frames/silver_frame_large,place,true,false,false,false,"[0.1,4,4]",,
2158254767500408,Mining · Limelight,Mining · Limelight,Item,,,,false,false,false,false,,,
6399652626343596,Mining · Silver Spoon,Mining · Silver Spoon,Item,,,,false,false,false,false,,,
4413672345403417,Missing: Goggles,Missing: Goggles,Item,,,,false,false,false,false,,,
1239687205221489,Mixed Tree Seed,Mixed Tree Seed,Tree Seeds,,items/seed_tree_birch,plant,false,false,false,false,,,
5244724468556557,MJ Shoes,MJ Shoes,Feet,Feet,,,false,false,false,false,,,
3504752154366770,Modern Shelter Frame Blueprint,Modern Shelter Frame Blueprint,Blueprints,Blueprint,items/blueprint,place,false,true,false,false,"[11,11,13]",,
4432967087898065,Module,Module,Item,,robot_wearables/chip/slot,,false,false,false,false,,,
3888579710408152,Moe Muckers Moe Problems,Moe Muckers Moe Problems,Item,,,,false,false,false,false,,,
3453758906343525,Moe Problems,Moe Problems,Item,,,,false,false,false,false,,,While you were out we got word that Mosslawn has been overrun with Muckers. I think Moe could use your help...
5394258722838374,Moe Than Meats The Eye,Moe Than Meats The Eye,Item,,,,false,false,false,false,,,"You made your way over from The Grove? Well you must have heard quite a bit about the Muckers by now!
{break} I won't bore you with another story about the Muckopalypse. Our research is strictly forward looking.
{break} One positive thing we've learned about these Muckers is whatever mutation they've gone through turns parts of them edible.
{break} The results of eating their meat have been mixed but Izzy and I are discovering ways to prepare them as a proper food source.
{break} Bring us back as much as you can and we'll keep experimenting."
4537020877769955,Mohawk,Mohawk,Hair,Hair,,,false,false,false,false,,,
5735362206242030,MoJiwa Twitch Exclusive,MoJiwa Twitch Exclusive,Item,,,,false,false,false,false,,,
2992752380341662,Moo,Moo,Item,,npcs/cow,,false,false,false,false,"[1.7,1.4,1.7]",,
7539420629350141,Moo,Moo,Item,,npcs/cow,,false,false,false,false,,,
1534621126189415,Moonstone,Moonstone,Lights,Light,blocks/moonstone,place,false,false,true,false,,,
4392310309073055,Morning Glory,Morning Glory,Block,Flower,florae/morningglory_flower,place,false,false,true,false,,,
7421584880554870,Morning Glory Petal,Morning Glory Petal,Materials,Dye,items/bellflower_petal,,false,false,false,false,,,
3774189451333713,Morning Glory Seed,Morning Glory Seed,Seeds,,,plant,false,false,false,false,,,
6219108964433591,Morning Sun,Morning Sun,Item,,,,false,false,false,false,,,"The photos behind me? They're from Mairu's latest creation, the Temple of the Sun. Mairu was one of the greatest architects to ever pass through The Grove. His buildings are a labyrinth of passages, traps, and secrets. Follow the clues embedded into it's halls and you might find yourself standing in front of the master themself at the top."
7539420629350495,Moss,Moss,Block,Block,blocks/moss,place,false,false,true,false,,,
1534621126189400,Moss Grass,Moss Grass,Block,Block,florae/moss_grass,place,false,false,true,false,,,
1534621126189499,Mossy Muckling,Mossy Muckling,Item,,npcs/mossy_mucker,,false,false,false,false,,,
2992752380341653,Mossy Muckling,Mossy Muckling,Item,,npcs/mossy_mucker,,false,false,false,false,"[1,1,1]",,
5354980139910506,Muck Buster,Muck Buster,Recipe,Tool Recipe,,,false,false,false,false,,,
6857902760565950,Muck Buster,Muck Buster,Muck Clearing Device,,,place,true,false,false,false,"[0.875,0.875,0.875]",,
8456609995742763,Muck Buster Turbo,Muck Buster Turbo,Muck Clearing Device,,,place,true,false,false,false,"[0.875,0.875,0.875]",,
4937386784514824,Muck Buster Turbo,Muck Buster Turbo,Recipe,Tool Recipe,,,false,false,false,false,,,
8340841540780212,Muck Immunity,Muck Immunity,Food Buffs,,,,false,false,false,false,,,
760764132613777,Muck Shoot,Muck Shoot,Item,,,,false,false,false,false,,,
6684250078122011,Muck Sickness,Muck Sickness,Debuffs,,,,false,false,false,false,,,
1534621126189268,Muck Sucker,Muck Sucker,Item,Muckfish,,eat,false,false,false,false,,,
6502328220325688,Muck vs. Machine,Muck vs. Machine,Item,,,,false,false,false,false,,,
5739496793885069,Muck vs. Machine,Muck vs. Machine,Item,,,,false,false,false,false,,,
7539420629349952,Muck-covered Boots,Muck-covered Boots,Feet,Feet,,,false,false,false,false,,,
3815535328106091,Muck-dusted Finger Wrap,Muck-dusted Finger Wrap,Hands,Hands,,,false,false,false,false,,,
480990366457794,Muck-encrusted Necklace,Muck-encrusted Necklace,Neck,Neck,,,false,false,false,false,,,
7326489363979525,Muck-me-not,Muck-me-not,Block,Flower,florae/azalea_flower,place,false,false,true,false,,,
1641431307854275,Muck-Me-Not,Muck-Me-Not,Block,Flower,florae/lilac_flower,place,false,false,true,false,,,
922013052023689,Muck-me-not Seed,Muck-me-not Seed,Seeds,,items/seed_raspberry,plant,false,false,false,false,,,
3752138317055497,Muck-me-not Seeds,Muck-me-not Seeds,Recipe,Seed Recipe,,,false,false,false,false,,,
1671751617485949,Mucked Restoro Bot,Mucked Restoro Bot,Objects,,npcs/mucked_robot,placeRobot,true,false,false,false,"[1,1.5,1]",,
7019151679974512,Mucked Robot,Mucked Robot,Objects,,npcs/mucked_robot,placeRobot,true,false,false,false,"[1,1.5,1]",,
5754656948700981,Mucker Burger,Mucker Burger,Food,Food,items/mucker_burger,eat,false,false,false,false,,,
3482701020089979,Mucker Chief,Mucker Chief,Item,,npcs/big_mucker,,false,false,false,false,"[5,7,5]",,
4531508094204343,Mucker Den Dash,Mucker Den Dash,Item,,,,false,false,false,false,,,
4537020877769784,Mucker Hat,Mucker Hat,Wearable,Hat,,,false,false,false,false,,,
4693446111556910,Mucker Patty,Mucker Patty,Recipe,,,,false,false,false,false,,,
8289848292759112,Mucker Patty,Mucker Patty,Food,Food,items/mucker_patty,eat,false,false,false,false,,,
8244367828309153,Mucker Peace,Mucker Peace,Item,,,,false,false,false,false,,,
1534621126189454,Mucker Tooth,Mucker Tooth,Materials,Raw Material,items/mucker_tooth,,false,false,false,false,,,
2797737661568222,Mucker Treasure,Mucker Treasure,Item,,npcs/chicken,,false,false,false,false,"[1,2,1]",,
1534621126189403,Mucker Ward,Mucker Ward,Item,,placeables/mucker_ward,place,true,false,false,false,"[1,1,1]",,
115768454973817,Mucknose Necklace,Mucknose Necklace,Neck,Neck,,,false,false,false,false,,,
6127458937593352,Muckshroom,Muckshroom,Materials,Funghi,florae/purple_mushroom,eat,false,false,true,false,,,
3170539650465345,Muckshroom Spores,Muckshroom Spores,Spores,,,plant,false,false,false,false,,,
5737429500048392,Muckshroom Spores (Deprecated),Muckshroom Spores (Deprecated),Materials,Mucked Matter,items/mushroom_spores,,false,false,false,false,,,
1534621126189283,Mucktooth Necklace,Mucktooth Necklace,Neck,Neck,,,false,false,false,false,,,
4603863378554668,Muckwad,Muckwad,Block,Block,blocks/muckwad,place,false,false,true,false,,,
4121494816217460,Muckwad,Muckwad,Glass,Glass,glass/DEPRECATED_muckwad,place,false,false,true,false,,,
4832643896689956,Muckwater Fish,Muckwater Fish,Item,,npcs/fish,,false,false,false,false,,,
414147865674476,Muckwater Fish,Muckwater Fish,Item,,,,false,false,false,false,,,
8153406899414155,Mucky Brambles,Mucky Brambles,Materials,Foliage,florae/mucky_brambles,place,false,false,true,true,,,
1534621126189592,Mucky Headband,Mucky Headband,Clothing,Hat,,,false,false,false,false,,,
4537020877769763,Mucky Moccasins,Mucky Moccasins,Clothing,Feet,,,false,false,false,false,,,
7516680397131340,Mucky Mushroom (Deprecated),Mucky Mushroom (Deprecated),Materials,Funghi,florae/purple_mushroom,place,false,false,true,false,,,
7539420629350447,Mucky Skirt,Mucky Skirt,Clothing,Bottoms,,,false,false,false,false,,,
7539420629350456,Mucky Top,Mucky Top,Clothing,Top,,,false,false,false,false,,,
2256106675861097,Mucky Waters,Mucky Waters,Item,,,,false,false,false,false,,,
4122183914159587,Mucky Waters DEP,Mucky Waters DEP,Item,,,,false,false,false,false,,,**A Letter from Gil Hooker at Rolland Pond** {break}To whom it may concern... {break} There have recently been some rather mucky happenings in the waters at Rolland Pond and we could use any help we can get. {break} Grab a **Training Rod** and head over as soon as you can.
1534621126189625,Mullet,Mullet,Hair,Hair,,,false,false,false,false,,,
1534621126189772,Mullet,Mullet,Hair,Hair,,,false,false,false,false,,,
5530011018243325,Munchmouth,Munchmouth,Item,,,eat,false,false,false,false,,,
2569646241377305,Murray Needs Coffee,Murray Needs Coffee,Item,,,,false,false,false,false,,,
6135728112948334,Murray's Coffee Brewing Guide,Murray's Coffee Brewing Guide,Materials,Notes,items/paper_written,,false,false,false,false,,,
1534621126189580,Mushroom Leather,Mushroom Leather,Materials,Fabric,items/mushroom_leather,,false,false,false,false,,,
4537020877769856,Mushroom Leather Block,Mushroom Leather Block,Blocks,Block,blocks/mushroom_leather,place,false,false,true,false,,,
7539420629350378,Mustache,Mustache,Face,Face,,,false,false,false,false,,,
7539420629350282,Mycelium,Mycelium,Item,Raw Material,items/mycelium,,false,false,false,false,,,
980586377451419,Mycelium,Mycelium,Item,,,,false,false,false,false,,,
7565606351305683,Mystery Seed,Mystery Seed,Item,Seed,items/seed_mysterious,plant,false,false,false,false,,,
7735124446069827,Mystery Seeds,Mystery Seeds,Item,,items/seed_mysterious,plant,false,false,false,false,,,
8421466000486878,Nature's Bounty: Advanced,Nature's Bounty: Advanced,Item,,,,false,false,false,false,,,
4218657626631213,Nature's Bounty: Novice,Nature's Bounty: Novice,Item,,,,false,false,false,false,,,
8883161624472838,Nature's Snail Hat,Nature's Snail Hat,Wearable,Hat,,,false,false,false,false,,,
1534621126189742,Neck,Neck,Wearable,,,,false,false,false,false,,,
7352675085934209,Needle,Needle,Item,Item,,,false,false,false,false,,,
881356273198355,Needle,Needle,Key Items,Needle,,,true,false,false,false,,,
1586992570104051,Needle In A Haystack,Needle In A Haystack,Item,,,,false,false,false,false,,,
2163078453125810,Nega Wand,Nega Wand,Tools,Nega Wand,items/nega_wand,negaWand,false,false,false,false,,,
7539420629349973,Nemes Crown,Nemes Crown,Hats,Hat,,,false,false,false,false,,,
4537020877769952,Neptunium Axe,Neptunium Axe,Tools,Tool,items/axe_neptunium,destroy,false,false,false,false,,,
1534621126189622,Neptunium Bar,Neptunium Bar,Metals & Gems,Metal,items/bar_neptunium,,false,false,false,false,,,
4537020877770066,Neptunium Chain,Neptunium Chain,Neck,Neck,wearables/neck/chain_neptunium,,false,false,false,false,,,
1534621126189736,Neptunium Chains,Neptunium Chains,Neck,Necks,wearables/neck/chains_neptunium,,false,false,false,false,,,
1534621126189679,Neptunium Cube,Neptunium Cube,Metals & Gems,Metal,blocks/neptunium,place,false,false,true,false,,,
1534621126189748,Neptunium Drops,Neptunium Drops,Ears,Ears,wearables/ears/drops_neptunium,,false,false,false,false,,,
7539420629350279,Neptunium Fencer,Neptunium Fencer,Tools,Shaping Tool,items/fencer_neptunium,shape,false,false,false,false,,,
2497290957030493,Neptunium Hoe,Neptunium Hoe,Hoes,,items/wooden_hoe,till,false,false,false,false,,,
7539420629350402,Neptunium Hoop,Neptunium Hoop,Ears,Ears,wearables/ears/hoop_neptunium,,false,false,false,false,,,
7539420629350414,Neptunium Hoops,Neptunium Hoops,Ears,Ears,wearables/ears/hoops_neptunium,,false,false,false,false,,,
4537020877770057,Neptunium Knuckles,Neptunium Knuckles,Hands,Hands,wearables/hands/knuckles_neptunium,,false,false,false,false,,,
1534621126189322,Neptunium Medal,Neptunium Medal,Neck,Neck,wearables/neck/medal_neptunium,,false,false,false,false,,,
6271480408351665,Neptunium Nerd,Neptunium Nerd,Item,,,,false,false,false,false,,,
7539420629350318,Neptunium Nugget,Neptunium Nugget,Item,Raw Metal,items/nugget_neptunium,,false,false,false,false,,,
4537020877770006,Neptunium Ore,Neptunium Ore,Block,Stone,blocks/neptunium_ore,place,false,false,true,false,,,
4537020877769949,Neptunium Pick,Neptunium Pick,Tools,Tool,items/pickaxe_neptunium,destroy,false,false,false,false,,,
4537020877770054,Neptunium Ring,Neptunium Ring,Hands,Hands,wearables/hands/ring_neptunium,,false,false,false,false,,,
1534621126189619,Neptunium Slabber,Neptunium Slabber,Tools,Shaping Tool,items/slabber_neptunium,shape,false,false,false,false,,,
7539420629350276,Neptunium Stepper,Neptunium Stepper,Tools,Shaping Tool,items/stepper_neptunium,shape,false,false,false,false,,,
4537020877769946,Neptunium Stud,Neptunium Stud,Ears,Ears,wearables/ears/stud_neptunium,,false,false,false,false,,,
4537020877770081,Neptunium Studs,Neptunium Studs,Ears,Ears,wearables/ears/studs_neptunium,,false,false,false,false,,,
1534621126189325,Neptunium Tiara,Neptunium Tiara,Hats,Hat,wearables/hat/tiara_neptunium,,false,false,false,false,,,
4417117835137161,Nettle Seed,Nettle Seed,Seeds,,,plant,false,false,false,false,,,
2323638274590274,Nettle Strand,Nettle Strand,Materials,Raw Material,items/hemp_strand,,false,false,false,false,,,
5213715060937675,Network Tower,Network Tower,Communications,Communications,placeables/comms_tower,place,true,false,false,false,"[3,6,3]",,
1056387151531327,Network Tower Advanced Blueprint,Network Tower Advanced Blueprint,Blueprints,Blueprint,items/blueprint,place,false,true,false,false,"[3,6,3]",,
1534621126189829,NFT,NFT,Item,,,place,false,false,false,false,,,
7245175806324261,Nick Test 2,Nick Test 2,Item,,,,false,false,false,false,,,DO NOT USE: Test Quest
5124821425876333,Night Vision,Night Vision,Item,,,,false,false,false,false,,,
8586849507571143,Night Vision,Night Vision,Item,,,,false,false,false,false,,,
1737215922371237,Night Vision,Night Vision,Item,,,,false,false,false,false,,,
4446059948910393,Nina,Nina,Item,,npcs/dog_3,,false,false,false,false,"[0.9,0.7,0.9]",,
4495675001037984,Nina's Hair,Nina's Hair,Item,,,,false,false,false,false,,,
1492586151514501,Nina's Hair,Nina's Hair,Wearable,Hat,,,false,false,false,false,,,
3841721050055999,No Water Farming (Admin),No Water Farming (Admin),Food,Food,florae/sapling,eat,false,false,false,false,,,
8324303190068163,No Water Farming (Admin),No Water Farming (Admin),Item,,,,false,false,false,false,,,
4537020877770090,Nose Ring,Nose Ring,Face,Face,,,false,false,false,false,,,
3506819448245822,Nurse Hat,Nurse Hat,Hats,Hat,,,false,false,false,false,,,
2870092945966841,Nurse Top,Nurse Top,Tops,Top,,,false,false,false,false,,,
4595594203188592,Nuthin' to Muck With,Nuthin' to Muck With,Item,,,,false,false,false,false,,,"Jackie sent ya? Great! We need some warm bodies out here turning these Muckers into pebbles! Hold on to their teeth, us Engineering types can use them to make some pretty special things..."
1534621126189475,Oak Door,Oak Door,Objects,Door,placeables/doors/oak_door,place,true,false,false,false,"[0.2,2,1]",,
4537020877770108,Oak Leaf,Oak Leaf,Materials,Foliage,florae/oak_leaf,place,false,false,true,true,,,
4537020877770174,Oak Log,Oak Log,Blocks,Wood,blocks/oak_log,place,false,false,true,false,,,
1534621126189676,Oak Lumber,Oak Lumber,Blocks,Wood,blocks/oak_lumber,place,false,false,true,false,,,
7539420629350129,Oak Mucker,Oak Mucker,Item,,npcs/tree_mucker,,false,false,false,false,,,
6234958217204188,Oak Seed,Oak Seed,Recipe,Seed Recipe,,,false,false,false,false,,,
7539420629350030,Oak Seed,Oak Seed,Tree Seeds,,items/seed_tree_oak,plant,false,false,false,false,,,
2581360906463712,Oak Tree,Oak Tree,Block,Block,florae/oak_sapling,place,false,false,true,false,,,
3433085967963528,Oaky Dokey,Oaky Dokey,Item,,,,false,false,false,false,,,
2324327372530115,OG T-Shirt,OG T-Shirt,Wearable,Top,,,false,false,false,false,,,
2631665056538743,Okteleton,Okteleton,Item,,,eat,false,false,false,false,,,
2099681442073806,Old Boots,Old Boots,Item,,,,false,false,false,false,,,
3522668700969397,Olive Test,Olive Test,Item,,,,false,false,false,false,,,
1197652230491318,On the Chopping Block,On the Chopping Block,Item,,,,false,false,false,false,,,Head back out of the main entrance and grab yourself a few log-aroos! 
3161581377160925,On the Mend,On the Mend,Item,,,,false,false,false,false,,,Oh what joy to see your face! I could use a hand...{break}I need to upkeep my fence but my ol' rusty tools aren't cutting it.{break}Would you be a doll and fetch me a **Silver Fencer**? I'd repay you handsomely.
4169731672450180,On Top of Ol' Mucky,On Top of Ol' Mucky,Item,,,,false,false,false,false,,,
8051420403380148,Onion,Onion,Block,Block,florae/onion,place,false,false,true,false,,,
5510716275751533,Onion,Onion,Vegetable,Vegetable,,eat,false,false,false,false,,,
7539420629350015,Onion Seed,Onion Seed,Item,,items/seed_generic,plant,false,false,false,false,,,
6224621748042661,Oompajiwa Long Sleeve Shirt,Oompajiwa Long Sleeve Shirt,Tops,Top,,,false,false,false,false,,,
5043507868272609,Oompajiwa Overall Bottoms,Oompajiwa Overall Bottoms,Bottoms,Bottoms,,,false,false,false,false,,,
4774070571302537,Oompajiwa Overall Tops,Oompajiwa Overall Tops,Outerwear,Outerwear,,,false,false,false,false,,,
8507603243811293,Oompajiwa Wig,Oompajiwa Wig,Hats,Hat,,,false,false,false,false,,,
1088774755001340,Orange Dye,Orange Dye,Dyes,Dye Recipe,,,false,false,false,false,,,
1534621126189331,Orange Dye,Orange Dye,Dyes,Dye,items/ink_pot_orange,dye,false,false,false,false,,,
7629003362360831,Orchid,Orchid,Materials,Dye,items/azalea_petal,,false,false,false,false,,,
5960008136671390,Orchid Seed,Orchid Seed,Seeds,,,plant,false,false,false,false,,,
1467089527466139,Orville's Gold Note,Orville's Gold Note,Objects,,,place,true,false,false,false,"[0.1,1,1]",,
7664147357616014,Orville's Note,Orville's Note,Objects,,,place,true,false,false,false,"[0.1,1,1]",,
6602247422526696,Orville's Silver Note,Orville's Silver Note,Objects,,,place,true,false,false,false,"[0.1,1,1]",,
1534621126189814,Outerwear,Outerwear,Wearable,,,,false,false,false,false,,,
6555388762217860,Outfit Stand,Outfit Stand,Outfit Stand,,placeables/mailbox/mailbox,place,true,false,false,false,"[1,2,1]",,
4207632059487077,Overall Bottoms,Overall Bottoms,Bottoms,Bottoms,,,false,false,false,false,,,
6075087493681104,Overall Tops,Overall Tops,Outerwear,Outerwear,,,false,false,false,false,,,
2664052659998496,Pack Up Camp,Pack Up Camp,Item,,,,false,false,false,false,,,I’d say you’re a certified Rangeroo yourself now! If you wouldn’t mind packing up your Campsite before you head back would be much appreciated!
7797143261228217,Paintball Gun,Paintball Gun,Tools,Weapon,items/paintball_gun,destroy,false,false,false,false,,,
833808514941545,Palm Leaves,Palm Leaves,Objects,Flora,,place,true,false,false,false,"[17,6,17]",,
8497266774611465,Palm Log,Palm Log,Blocks,Wood,blocks/palm_log,place,false,false,true,false,,,
4537020877769766,Paper,Paper,Materials,,items/paper,,false,false,false,false,,,
195703816729314,Paper,Paper,Materials,,items/recipe_paper,,false,false,false,false,,,
4537020877769643,Paper Hat,Paper Hat,Hats,Hat,,,false,false,false,false,,,
6974360313521877,Parcel,Parcel,Item,,placeables/containers/treasure_chest,reveal,false,false,false,false,,,Someone has left you a parcel!
5543792977197888,Parcel Pursuit,Parcel Pursuit,Item,,,,false,false,false,false,,,
1534621126189616,Part Hair,Part Hair,Hair,Hair,,,false,false,false,false,,,
1534621126189286,Party Mask,Party Mask,Face,Face,,,false,false,false,false,,,
4537020877770120,Patterned Pants,Patterned Pants,Bottoms,Bottoms,,,false,false,false,false,,,
6828271548880156,Peace Lily,Peace Lily,Materials,Dye,items/azalea_petal,,false,false,false,false,,,
4425387010491444,Peace Lily,Peace Lily,Seeds,,,plant,false,false,false,false,,,
937862304787455,Peerless Rod,Peerless Rod,Recipe,,,,false,false,false,false,,,
6491302653185275,Peerless Rod,Peerless Rod,Tools,,,fish,false,false,false,false,,,
3861704890541935,Pegger 2.0,Pegger 2.0,Tool,Shaping Tool,items/fencer_stone,shaper,false,false,false,false,,,
7653810888422906,Peony,Peony,Block,Flower,florae/peony_flower,place,false,false,true,false,,,
5002161991456830,Peony Petal,Peony Petal,Materials,Dye,items/azalea_petal,,false,false,false,false,,,
1376817696514171,Peony Seed,Peony Seed,Seeds,,,plant,false,false,false,false,,,
2853554595211133,Perpetual Water Fertilizer,Perpetual Water Fertilizer,Item,,items/fertilizer,fertilize,false,false,false,false,,,
5531389214135613,Pete's Boot,Pete's Boot,Item,,,,false,false,false,false,,,
8910036444339370,Photography · Groupie,Photography · Groupie,Item,,,,false,false,false,false,,,
5730538520586241,Photography · Like Whoa,Photography · Like Whoa,Item,,,,false,false,false,false,,,
6963334746328856,Pick Me,Pick Me,Item,,,,false,false,false,false,,,
4537020877770159,Pickaxe,Pickaxe,Tool,Tool,items/pickaxe_stone,destroy,false,false,false,false,,,
448602762986488,Picky Eater: Albert,Picky Eater: Albert,Item,,,,false,false,false,false,,,
2902480549393510,Picky Eater: Felix,Picky Eater: Felix,Item,,,,false,false,false,false,,,
2992063282400165,Picky Eaters: Albert,Picky Eaters: Albert,Item,,,,false,false,false,false,,,
6685628274015970,Picky Eaters: Erwin,Picky Eaters: Erwin,Item,,,,false,false,false,false,,,
8213358420732589,pictureTest,pictureTest,Item,,,,false,false,false,false,,,
7539420629349988,Pink Dye,Pink Dye,Dyes,Dye,items/ink_pot_pink,dye,false,false,false,false,,,
6526446648444832,Pink Dye,Pink Dye,Dyes,Dye Recipe,,,false,false,false,false,,,
7319598384514074,Pink Mucker State Inscription,Pink Mucker State Inscription,Notes,Notes,items/paper_written,,false,false,false,false,,,
241873379127583,Pipe Dream,Pipe Dream,Item,,,,false,false,false,false,,,
1534621126189298,PJ Bottoms,PJ Bottoms,Bottoms,Bottoms,,,false,false,false,false,,,
1534621126189304,PJ Top,PJ Top,Tops,Top,,,false,false,false,false,,,
6086113060824097,Placeable Chirp,Placeable Chirp,Item,,npcs/mouse,,false,false,false,false,"[0.9,0.7,0.9]",,
1864699042421020,Placeable Chirp,Placeable Chirp,Item,,npcs/bird,,false,false,false,false,"[0.9,0.7,0.9]",,
3489591999553546,Placeable Cluck,Placeable Cluck,Item,,npcs/chicken,,false,false,false,false,"[1,1,1]",,
16538350718191,Placeable Cup,Placeable Cup,Objects,,items/carrot_stew,place,false,false,false,false,"[1,1,1]",,
2993441478291793,Placeable Meow,Placeable Meow,Item,,npcs/cat,,false,false,false,false,"[0.9,0.7,0.9]",,
3282173517770712,Placeable Meow,Placeable Meow,Item,,npcs/cat_black,,false,false,false,false,"[0.9,0.7,0.9]",,
4473623866724689,Placer Wand,Placer Wand,Tools,Placer Wand,items/nega_wand,placerWand,false,false,false,false,,,
7539420629349955,Plaid Pants,Plaid Pants,Bottoms,Bottoms,,,false,false,false,false,,,
7539420629349961,Plaid Shirt,Plaid Shirt,Tops,Top,,,false,false,false,false,,,
461006526016336,Plaid Shirt Rolled Up Sleeves,Plaid Shirt Rolled Up Sleeves,Item,,,,false,false,false,false,,,
5769817103520295,Plant Your Defense,Plant Your Defense,Item,,,,false,false,false,false,,,
2255417577913009,Plants,Plants,Item,,,,false,false,false,false,,,
7352675085933702,Playtest Metaquest,Playtest Metaquest,Item,,,,false,false,false,false,,,
4537020877770123,Pleated Trousers,Pleated Trousers,Bottoms,Bottoms,,,false,false,false,false,,,
7832976354439210,Ploofer,Ploofer,Item,,,eat,false,false,false,false,,,
5039373280552545,Plumeria,Plumeria,Materials,Dye,items/azalea_petal,,false,false,false,false,,,
1070858208404281,Plumeria Seed,Plumeria Seed,Seeds,,,plant,false,false,false,false,,,
4537020877769673,Pocket Bait,Pocket Bait,Bait,,items/bait_worm_small,,false,false,false,false,,,
4506011470195101,Pocket Bait,Pocket Bait,Recipe,Bait,,,false,false,false,false,,,
2189953273024592,Pocket Tee,Pocket Tee,Item,,,,false,false,false,false,,,
4499809588675497,Point and Shoot,Point and Shoot,Item,,,,false,false,false,false,,,"Ah ha! I could tell you had a knack for photography when we first met!
{break} Every photographer must keep their B-01 Camera on them at all times. Point. Shoot. Repeat.
{break} Find something inspiring to you and take a photo of it and then come back to me."
7539420629350345,Polished Basalt Brick,Polished Basalt Brick,Blocks,Stone,blocks/basalt_polished,place,false,false,true,false,,,
1534621126189526,Polished Clay Brick,Polished Clay Brick,Blocks,Stone,blocks/clay_polished,place,false,false,true,false,,,
7539420629350180,Polished Cobblestone Brick,Polished Cobblestone Brick,Blocks,Stone,blocks/cobblestone_polished,place,false,false,true,false,,,
4537020877769847,Polished Granite Brick,Polished Granite Brick,Blocks,Stone,blocks/granite_polished,place,false,false,true,false,,,
1534621126189514,Polished Limestone Brick,Polished Limestone Brick,Blocks,Stone,blocks/limestone_polished,place,false,false,true,false,,,
7539420629350168,Polished Quartzite Brick,Polished Quartzite Brick,Blocks,Stone,blocks/quartzite_polished,place,false,false,true,false,,,
6826204255039825,Polished Rod,Polished Rod,Recipe,,,,false,false,false,false,,,
239116987339293,Polished Rod,Polished Rod,Tools,,items/chrome_rod,fish,false,false,false,false,,,
2065915642704275,Polished Stone,Polished Stone,Recipe,,,,false,false,false,false,,,
4537020877769835,Polished Stone,Polished Stone,Blocks,Stone,blocks/stone_polished,place,false,false,true,false,,,
1979778399436305,Polished to Perfection,Polished to Perfection,Item,,,,false,false,false,false,,,
4182135435511540,Polo T-Shirt,Polo T-Shirt,Tops,Top,,,false,false,false,false,,,
1534621126189310,Poncho,Poncho,Outerwear,Outerwear,,,false,false,false,false,,,
7539420629350273,Ponytail,Ponytail,Hair,Hair,,,false,false,false,false,,,
7921180891548330,Popcorn,Popcorn,Recipe,,,,false,false,false,false,,,
6179830381508309,Popcorn,Popcorn,Food,Food,,eat,false,false,false,false,,,
6064751024492850,Potato,Potato,Item,,,plant,false,false,false,false,,,Maybe I could eat these if I roasted them...
3426194988500996,Potato Plant,Potato Plant,Block,Block,florae/potato,place,false,false,true,false,,,
8772905953047597,Potato Seeds,Potato Seeds,Seed,Seed,,plant,false,false,false,false,,,
3272526146499364,Power Cell,Power Cell,Item,,,place,false,false,false,false,,,
7539420629349937,Princess Glove,Princess Glove,Hands,Hands,,,false,false,false,false,,,
8865245077834457,Protection Stone,Protection Stone,Objects,,placeables/runic_stone,place,true,false,false,false,"[1,1,1]",,
5928309631144743,Protection Stone,Protection Stone,Objects,,placeables/runic_stone,place,true,false,false,false,"[1,1,1]",,
8212669322787081,Protective Eyewear,Protective Eyewear,Item,,,,false,false,false,false,,,
6354172161892590,Protecto Pack I,Protecto Pack I,Item,,placeables/runic_stone,place,false,false,false,false,,,Increase a robot's protection by 15%
5323970732327030,Puff Puff Muck,Puff Puff Muck,Item,,,,false,false,false,false,,,
6957132864817991,"Puff, Puff, Catch","Puff, Puff, Catch",Item,,,,false,false,false,false,,,
7539420629350468,Puffer,Puffer,Outerwear,Outerwear,,,false,false,false,false,,,
5607879086152104,Pull Up a Chair,Pull Up a Chair,Item,,,,false,false,false,false,,,Campsite? Check. Fire? Check. A few chairs to rest on? Let’s giddily-go!
2557931576293019,Pumpkin,Pumpkin,Block,Block,florae/pumpkin,place,false,false,true,false,,,
7539420629350498,Pumpkin,Pumpkin,Block,Fruit,blocks/pumpkin,place,false,false,true,false,,,
4537020877769718,Pumpkin Seed,Pumpkin Seed,Item,,items/seed_pumpkin,plant,false,false,false,false,,,
409324180050748,Punkfish,Punkfish,Item,,items/fish/muckling_fish,eat,false,false,false,false,,,
4537020877769658,Purple Dye,Purple Dye,Dyes,Dye,items/ink_pot_purple,dye,false,false,false,false,,,
1066034522779896,Purple Dye,Purple Dye,Dyes,Dye Recipe,,,false,false,false,false,,,
454804644502525,Purple-nosed Chum Curdler,Purple-nosed Chum Curdler,Item,,,eat,false,false,false,false,,,
5395636918734952,Puzzle · Grove A-Go-Go,Puzzle · Grove A-Go-Go,Item,,,,false,false,false,false,,,
7363700653073401,Puzzle · High Low Silo,Puzzle · High Low Silo,Item,,,,false,false,false,false,,,
5341198181010552,Qipao Bottoms,Qipao Bottoms,Bottoms,Bottoms,,,false,false,false,false,,,
195703816779924,Qipao Top,Qipao Top,Tops,Top,,,false,false,false,false,,,
5678856174621991,Quarry: Advanced,Quarry: Advanced,Item,,,,false,false,false,false,,,
5434226403722676,Quarry: Novice,Quarry: Novice,Item,,,,false,false,false,false,,,
7539420629350504,Quartzite,Quartzite,Block,Stone,blocks/quartzite,place,false,false,true,false,,,
4537020877770171,Quartzite Brick,Quartzite Brick,Blocks,Stone,blocks/quartzite_brick,place,false,false,true,false,,,
4537020877769838,Quartzite Shingles,Quartzite Shingles,Blocks,Stone,blocks/quartzite_shingles,place,false,false,true,false,,,
1534621126189250,Race Checkpoint,Race Checkpoint,Race,,,place,true,false,false,false,"[1,0.05,1]",,
5082786451161444,Race Checkpoint,Race Checkpoint,Item,,,,false,false,false,false,,,
4228994095824717,Race Checkpoint — Big,Race Checkpoint — Big,Minigame,,,place,true,false,false,false,"[2,0.05,2]",,
7878456818884249,Race Checkpoint — Ultra Wide,Race Checkpoint — Ultra Wide,Minigame,,,place,true,false,false,false,"[1,0.05,3]",,
3058905783180606,Race Checkpoint — Wide,Race Checkpoint — Wide,Minigame,,,place,true,false,false,false,"[1,0.05,2]",,
1534621126189256,Race End Plate,Race End Plate,Race,,,place,true,false,false,false,"[1,2,2]","[1,0.05,2]",
4537020877769586,Race Start Plate,Race Start Plate,Race,,,place,true,false,false,false,"[1,2,2]","[1,0.05,2]",
2373253326716704,Radish,Radish,Item,Seed,,plant,false,false,false,false,,,
4670705879337584,Radish Seed,Radish Seed,Seeds,,,plant,false,false,false,false,,,
7539420629349925,Rainbow Trout,Rainbow Trout,Item,,items/fish/rainbow_trout,eat,false,false,false,false,,,
7539420629349967,Raincoat,Raincoat,Outerwear,Outerwear,,,false,false,false,false,,,
2130001751708984,Ramie Seed,Ramie Seed,Seeds,,,plant,false,false,false,false,,,
1391288753385781,Ramie Strand,Ramie Strand,Materials,Raw Material,items/hemp_strand,,false,false,false,false,,,
4537020877769757,Ranger Jane,Ranger Jane,Item,,npcs/ranger_jane,,false,false,false,false,,,
388651241663983,Ranger Max,Ranger Max,Item,,npcs/ranger_jane,,false,false,false,false,"[1,2,1]",,
2599966551015150,Rare Flowers,Rare Flowers,Item,,,,false,false,false,false,,,
4732724694489497,Raspberry,Raspberry,Fruit,Fruit,items/raspberry,eat,false,false,false,false,,,
8612346131579137,Raspberry Bush,Raspberry Bush,Block,Block,florae/raspberry_bush,place,false,false,true,false,,,
7539420629350033,Raspberry Seed,Raspberry Seed,Item,,items/seed_raspberry,plant,false,false,false,false,,,
5337752691284692,Raspberry Seed,Raspberry Seed,Recipe,Seed Recipe,,,false,false,false,false,,,
2790846682107025,Raw Coffee Bean,Raw Coffee Bean,Seed,Seed,items/coffee_beans_raw,plant,false,false,false,false,,,
7539420629350042,Raw Mucker Meat,Raw Mucker Meat,Food,Food,items/mucker_meat_1,eat,false,false,false,false,,,
5203378591745959,Reaper's Neckpiece,Reaper's Neckpiece,Neck,Neck,,,false,false,false,false,,,
7031555443006367,Recipe for Baked Fish,Recipe for Baked Fish,Recipe,,,,false,false,false,false,,,
5774640789136340,Recipe for Basalt Shingles,Recipe for Basalt Shingles,Recipe,,,,false,false,false,false,,,
5963453626396920,Recipe for Carrot Stew,Recipe for Carrot Stew,Item,,,,false,false,false,false,,,
8000427155352727,Recipe for Carved Basalt Brick,Recipe for Carved Basalt Brick,Recipe,,,,false,false,false,false,,,
1122540554360593,Recipe for Carved Clay Brick,Recipe for Carved Clay Brick,Recipe,,,,false,false,false,false,,,
6128837133481326,Recipe for Carved Granite Brick,Recipe for Carved Granite Brick,Recipe,,,,false,false,false,false,,,
7081859593072158,Recipe for Carved Limestone Brick,Recipe for Carved Limestone Brick,Recipe,,,,false,false,false,false,,,
5854576150894996,Recipe for Carved Quartzite Brick,Recipe for Carved Quartzite Brick,Recipe,,,,false,false,false,false,,,
2393926265093305,Recipe for Carved Stone Brick,Recipe for Carved Stone Brick,Recipe,,,,false,false,false,false,,,
1782007288870600,Recipe for Clay Shingles,Recipe for Clay Shingles,Recipe,,,,false,false,false,false,,,
5269531994579542,Recipe for Fish Goop Fertilizer,Recipe for Fish Goop Fertilizer,Recipe,,,,false,false,false,false,,,
2495912761130828,Recipe for Granite Shingles,Recipe for Granite Shingles,Recipe,,,,false,false,false,false,,,
7538042433454013,Recipe for Large Silver Frame,Recipe for Large Silver Frame,Recipe,,,,false,false,false,false,,,
4662436703974283,Recipe for Limestone Shingles,Recipe for Limestone Shingles,Recipe,,,,false,false,false,false,,,
7867431251739867,Recipe for Minced Mucker Meat,Recipe for Minced Mucker Meat,Recipe,,,,false,false,false,false,,,
622255445421376,Recipe for Patterned Pants,Recipe for Patterned Pants,Recipe,,,,false,false,false,false,,,
7965972258042467,Recipe for Polished Basalt Brick,Recipe for Polished Basalt Brick,Recipe,,,,false,false,false,false,,,
3214641919014010,Recipe for Polished Clay Brick,Recipe for Polished Clay Brick,Recipe,,,,false,false,false,false,,,
440333587625545,Recipe for Polished Granite Brick,Recipe for Polished Granite Brick,Recipe,,,,false,false,false,false,,,
3316628415051533,Recipe for Polished Limestone Brick,Recipe for Polished Limestone Brick,Recipe,,,,false,false,false,false,,,
3301468260235036,Recipe for Polished Quartzite Brick,Recipe for Polished Quartzite Brick,Recipe,,,,false,false,false,false,,,
6099895019741283,Recipe for Quartzite Shingles,Recipe for Quartzite Shingles,Recipe,,,,false,false,false,false,,,
3006534339267719,Recipe for Roasted Carrot Stew,Recipe for Roasted Carrot Stew,Item,,,,false,false,false,false,,,
3646017233337963,Recipe for Roasted Carrots,Recipe for Roasted Carrots,Recipe,,,,false,false,false,false,,,
1467089527462194,Recipe for Shroom Tea,Recipe for Shroom Tea,Recipe,,,,false,false,false,false,,,
8115506512367346,Recipe for Stone Shingles,Recipe for Stone Shingles,Recipe,,,,false,false,false,false,,,
4537020877769859,Recipe for Unknown,Recipe for Unknown,Recipe,,,,false,false,false,false,,,
8119641100050318,Recipe Test,Recipe Test,Item,,,,false,false,false,false,,,
4440547165303438,Recipe Test,Recipe Test,Item,,,,false,false,false,false,,,
7839178235946121,Record Player,Record Player,Objects,Speaker,placeables/record_player,place,true,false,false,false,"[1,1,1]",,
4834711190527749,Red Dye,Red Dye,Dyes,Dye Recipe,,,false,false,false,false,,,
1534621126189328,Red Dye,Red Dye,Dyes,Dye,items/ink_pot_red,dye,false,false,false,false,,,
5650603158828368,Red Key,Red Key,Keys,,,,false,false,false,false,,,
1534621126189838,Red Mushroom,Red Mushroom,Materials,Funghi,florae/red_mushroom,place,false,false,true,false,,,
1534621126189658,Red Mushroom Spores,Red Mushroom Spores,Spores,Spores,items/mushroom_spores,plant,false,false,false,false,,,
7961837670372290,Red Mushroom Spores,Red Mushroom Spores,Recipe,Seed Recipe,,,false,false,false,false,,,
8212669322789232,Reduce Fish Bite Time 5%,Reduce Fish Bite Time 5%,Food Buffs,,,,false,false,false,false,,,
7660012769931227,Reinforced Birch Lumber,Reinforced Birch Lumber,Recipe,,,,false,false,false,false,,,
4537020877769742,Reinforced Birch Lumber,Reinforced Birch Lumber,Blocks,Wood,blocks/birch_reinforced,place,false,false,true,false,,,
8175458033693925,Reinforced Gold Stud,Reinforced Gold Stud,Ears,Ears,wearables/ears/stud_gold,,false,false,false,false,,,
7539420629350069,Reinforced Oak Lumber,Reinforced Oak Lumber,Blocks,Reinforced Wood,blocks/oak_reinforced,place,false,false,true,false,,,
8963786084135803,Reinforced Oak Lumber,Reinforced Oak Lumber,Recipe,,,,false,false,false,false,,,
3858259400762339,Reinforced Rubber Lumber,Reinforced Rubber Lumber,Recipe,,,,false,false,false,false,,,
1534621126189409,Reinforced Rubber Lumber,Reinforced Rubber Lumber,Blocks,Reinforced Wood,blocks/rubber_reinforced,place,false,false,true,false,,,
4192471904673985,Remote Control,Remote Control,Communications,Remote Control,items/remote_control,,false,false,false,false,,,
8641288245321979,Research Clownfish,Research Clownfish,Item,,,,false,false,false,false,,,
156425233797927,Research Dankwater Gunkus,Research Dankwater Gunkus,Item,,,,false,false,false,false,,,
1865388140368244,Research Initiative,Research Initiative,Item,,,,false,false,false,false,,,
8013520016336726,Research Mucksucker,Research Mucksucker,Item,,,,false,false,false,false,,,
394164025236477,Restoration Stone,Restoration Stone,Objects,,placeables/runic_stone,place,true,false,false,false,"[1,1,1]",,
1037781506984197,Restoro Bot,Restoro Bot,Objects,,npcs/helping_robot,place,true,false,false,false,"[1,1.5,1]",,
8172701641909544,Revitalization Initiative,Revitalization Initiative,Item,,,,false,false,false,false,,,
4537020877769625,Ripped Jeans,Ripped Jeans,Bottoms,Bottoms,,,false,false,false,false,,,
6845498997532862,Road Runner,Road Runner,Drink Buffs,,buffs/drink_bounce,,false,false,false,false,,,
1902599429459579,Roasted Carrot,Roasted Carrot,Food,Food,items/carrot_roasted,eat,false,false,false,false,,,
2573780829056209,Roasted Carrot Soup,Roasted Carrot Soup,Food,Food,items/carrot_stew,eat,false,false,false,false,,,
2817032404062192,Roasted Coffee Bean,Roasted Coffee Bean,Food,Food,items/coffee_beans_roasted,eat,false,false,false,false,,,
8879716134706718,Roasted Mushrooms,Roasted Mushrooms,Recipe,,,,false,false,false,false,,,
3925790999496475,Roasted Mushrooms,Roasted Mushrooms,Food,Food,,eat,false,false,false,false,,,
1729635844967157,Roasted Potatoes,Roasted Potatoes,Recipe,,,,false,false,false,false,,,
3724574399207457,Roasted Potatoes,Roasted Potatoes,Food,Food,,eat,false,false,false,false,,,
8241611436528618,Roasted Pumpkin,Roasted Pumpkin,Food,Food,,eat,false,false,false,false,,,
4698269797184310,Roasted Pumpkin,Roasted Pumpkin,Recipe,,,,false,false,false,false,,,
3422749498768551,Robbers Mask,Robbers Mask,Face,Face,,,false,false,false,false,,,
7539420629350369,Robot Claws,Robot Claws,Hands,Hands,,,false,false,false,false,,,
1445038393184935,Robot Motor Unit,Robot Motor Unit,Materials,Raw Material,items/robot_chipset,,true,false,false,false,,,
8767393169474251,Robot Power Supply,Robot Power Supply,Materials,Raw Material,items/robot_powersupply,,false,false,false,false,,,
5883518264640730,Robot Shell,Robot Shell,Materials,Raw Material,items/robot_shell,,false,false,false,false,,,
4521171625009657,Robot Test,Robot Test,Item,,,,false,false,false,false,,,
5973100997648366,Robot Test Quest,Robot Test Quest,Item,,,,false,false,false,false,,,Robot Test Quest
476855778779943,robotTest,robotTest,Item,,,,false,false,false,false,,,
5521741842884857,Rocky Climb,Rocky Climb,Item,,,,false,false,false,false,,,"Before you head back, I could actually use another pair of eyes.
{break} Max and I have been bringing gravel to and from these piles all week and at some point I lost my tools!
{break} Can you take a look around and see if you can find my Pick?"
4062232392839170,Rod McLure,Rod McLure,Item,,npcs/ranger_jane,,false,false,false,false,"[1,2,1]",,
835875808750262,Rodrigo's Corn Feed,Rodrigo's Corn Feed,Vegetable,Vegetable,,,false,false,false,false,,,
2778442919070205,Roll Model,Roll Model,Item,,,,false,false,false,false,,,"So, like, repairing my dock is a little out of my budget right now. But whoa, would you ever help me with some marketing photos? I can already feel my sales hitting an all time high!"
1534621126189769,Rose,Rose,Block,Flower,florae/rose_flower,place,false,false,true,false,,,
1534621126189574,Rose Petal,Rose Petal,Materials,Dye,items/rose_petal,,false,false,false,false,,,
977140887720507,Rose Seed,Rose Seed,Recipe,Seed Recipe,,,false,false,false,false,,,
4537020877769694,Rose Seed,Rose Seed,Seeds,,,plant,false,false,false,false,,,
1534621126189661,Rough Diamond,Rough Diamond,Metals & Gems,Uncut Gem,items/diamond_rough,,false,false,false,false,,,
4537020877769943,Rounded Glasses,Rounded Glasses,Face,,,,false,false,false,false,,,
1534621126189766,Rounded Glasses,Rounded Glasses,Face,Face,,,false,false,false,false,,,
1534621126189613,Rows,Rows,Hair,Hair,,,false,false,false,false,,,
4537020877769682,Royal Gramma,Royal Gramma,Item,,items/fish/royal_gramma,eat,false,false,false,false,,,
7539420629350132,Rubber Door,Rubber Door,Objects,Door,placeables/doors/rubber_door,place,true,false,false,false,"[0.2,2,1]",,
4537020877769994,Rubber Goo,Rubber Goo,Materials,Material,items/rubber_goo,,false,false,false,false,,,
7539420629350435,Rubber Leaf,Rubber Leaf,Block,Foliage,florae/rubber_leaf,place,false,false,true,true,,,
4537020877770003,Rubber Log,Rubber Log,Blocks,Wood,blocks/rubber_log,place,false,false,true,false,,,
1534621126189673,Rubber Lumber,Rubber Lumber,Blocks,Wood,blocks/rubber_lumber,place,false,false,true,false,,,
4537020877769700,Rubber Seed,Rubber Seed,Tree Seeds,,items/seed_tree_rubber,plant,false,false,false,false,,,
2499358250869273,Rubber Seed,Rubber Seed,Recipe,Seed Recipe,,,false,false,false,false,,,
7539420629350270,Rubber Slab,Rubber Slab,Materials,Fabric,items/rubber_slab,,false,false,false,false,,,
7596615758884785,Rubber Tree,Rubber Tree,Block,Block,florae/rubber_sapling,place,false,false,true,false,,,
1534621126189850,Rubble,Rubble,Blocks,Debris,blocks/cobblestone,place,false,false,true,false,,,
2052133683783471,Run Amuck,Run Amuck,Item,,,,false,false,false,false,,,Quick! Enter the passageway beside me and race to the end to see what you can find!
8117573806211298,Safety Hat,Safety Hat,Hat,Hat,,,false,false,false,false,,,
6573994406730403,Safety Vest,Safety Vest,Outerwear,Outerwear,,,false,false,false,false,,,
8619237111040118,Sakura Leaf,Sakura Leaf,Materials,Foliage,florae/sakura_leaf,place,false,false,true,true,,,
7060497556742786,Sakura Log,Sakura Log,Blocks,Wood,blocks/sakura_log,place,false,false,true,false,,,
1475358702822135,Sakura Log (Deprecated),Sakura Log (Deprecated),Blocks,Wood,blocks/sakura_log,place,false,false,false,false,,,
5789800943961480,Sakura Lumber,Sakura Lumber,Blocks,Wood,blocks/sakura_lumber,place,false,false,true,false,,,
614675368016114,Sakura Seed,Sakura Seed,Item,,items/seed_generic,plant,false,false,false,false,,,
7194182558306056,Sakura Tree,Sakura Tree,Block,Block,florae/sakura_sapling,place,false,false,true,false,,,
1534621126189352,Salmon,Salmon,Item,,items/fish/salmon,eat,false,false,false,false,,,
2096925050286224,Sam Anh <Fish Buyer>,Sam Anh <Fish Buyer>,Item,,npcs/ranger_jane,,false,false,false,false,"[1,2,1]",,
4537020877769622,Samurai Sandal,Samurai Sandal,Feet,Feet,,,false,false,false,false,,,
1544957595432809,Sand,Sand,Blocks,Soil,blocks/sand,place,false,false,true,false,,,
4537020877769715,Sapling,Sapling,Block,Block,florae/switch_grass,place,false,false,true,false,,,
5061424414825007,Sappy Mucker,Sappy Mucker,Item,,npcs/sappy_mucker,,false,false,false,false,"[2,4.5,2]",,
8659204791920139,Sashimi,Sashimi,Food,Food,items/sashimi,eat,false,false,false,false,,,
7819883493451062,Sashimi,Sashimi,Recipe,,,,false,false,false,false,,,
8524141594469264,Scally-up,Scally-up,Item,,,eat,false,false,false,false,,,
7539420629349940,Scarf,Scarf,Neck,Neck,,,false,false,false,false,,,
6220590246632447000,Scruffy Woof,Scruffy Woof,Item,,npcs/dog_1,,false,false,false,false,"[0.9,0.7,0.9]",,
919256660239911,Sea Anemone,Sea Anemone,Block,Flower,florae/sea_anemone,place,false,false,true,false,,,
4791298019920449,Seaneigh,Seaneigh,Item,,,eat,false,false,false,false,,,
1403692516415707,Seed Mill,Seed Mill,Crafting Station,Crafting Station,,place,true,false,false,false,"[1,3,1]",,
8997551883502313,Seedy Muckling,Seedy Muckling,Item,,npcs/seedy_muckling,,false,false,false,false,"[1,3.6,1]",,
3907185354950050,Severe Muck Sickness,Severe Muck Sickness,Debuffs,,,,false,false,false,false,,,
181232759858460,Sheep Happens,Sheep Happens,Item,,,,false,false,false,false,,,"Golly me, I’ve been piddlin’ around and forgot to feed my sheep.{break}**Muck Suckers** seem to make these animals happier than a pig in mud. I’ll trade you our family recipe if you can help."
8272620844104048,Shellfie,Shellfie,Item,,,,false,false,false,false,,,
3261500579359767,Shimmer Bait,Shimmer Bait,Baits,Bait,,,false,false,false,false,,,
7539420629350006,Shimmer Bait,Shimmer Bait,Bait,Bait,items/shimmering_bait,,false,false,false,false,,,
7539420629350114,Shop,Shop,Objects,Shop,placeables/shop/oak_tray,place,true,false,false,false,"[1,1,1]",,
1236241715538238,Shop,Shop,Objects,Shop,placeables/shop/oak_tray,place,true,false,false,false,"[2,2,2]",,
5416998955059689,Shores' Shop Shop,Shores' Shop Shop,Item,,,,false,false,false,false,,,"So yer lookin' to start, like, your own business? Far out! I've got a shop of shops for you to shop at! Well, I think I did? It might be chillin' on the bottom of the river after that swell..."
4537020877769637,Short Cardigan,Short Cardigan,Outerwear,Outerwear,,,false,false,false,false,,,
1534621126189796,Shorts,Shorts,Bottoms,Bottoms,,,false,false,false,false,,,
4734791988327185,Shroom Tea,Shroom Tea,Objects,Drink,items/mushroom_tea,drink,false,false,false,false,,,
4537020877769940,Silver Axe,Silver Axe,Tools,Tool,items/axe_silver,destroy,false,false,false,false,,,
1436769217825951,Silver Axe,Silver Axe,Recipe,Tool Recipe,,,false,false,false,false,,,
1534621126189610,Silver Bar,Silver Bar,Metals & Gems,Metal,items/bar_silver,,false,false,false,false,,,
4373015566616900,Silver Beamer,Silver Beamer,Tools,Shaping,items/slabber_silver,shape,false,false,false,false,,,
7539420629350399,Silver Chain,Silver Chain,Neck,Neck,wearables/neck/chain_silver,,false,false,false,false,,,
4537020877770069,Silver Chains,Silver Chains,Neck,Neck,wearables/neck/chains_silver,,false,false,false,false,,,
7539420629350330,Silver Cube,Silver Cube,Metals & Gems,Metal,blocks/silver,place,false,false,true,false,,,
4537020877769802,Silver Door,Silver Door,Objects,Door,placeables/doors/silver_door,place,true,false,false,false,"[0.2,2,1]",,
7539420629350408,Silver Drops,Silver Drops,Ears,Ears,wearables/ears/drops_silver,,false,false,false,false,,,
4205564765652626,Silver Dye,Silver Dye,Dyes,Dye,items/ink_pot_silver,dye,false,false,false,false,,,
4537020877769937,Silver Fencer,Silver Fencer,Tools,Shaping Tool,items/fencer_silver,shape,false,false,false,false,,,
4537020877770075,Silver Hoop,Silver Hoop,Ears,Ears,wearables/ears/hoop_silver,,false,false,false,false,,,
4537020877770087,Silver Hoops,Silver Hoops,Ears,Ears,wearables/ears/hoops_silver,,false,false,false,false,,,
1534621126189730,Silver Knuckles,Silver Knuckles,Hands,Hands,wearables/hands/knuckles_silver,,false,false,false,false,,,
7539420629349979,Silver Medal,Silver Medal,Neck,Neck,wearables/neck/medal_silver,,false,false,false,false,,,
7539420629350321,Silver Nugget,Silver Nugget,Metals & Gems,Raw Metal,items/nugget_silver,,false,false,false,false,,,
1534621126189670,Silver Ore,Silver Ore,Block,Stone,blocks/silver_ore,place,false,false,true,false,,,
2613748509966224,Silver Pegger,Silver Pegger,Tools,Shaping,items/slabber_silver,shape,false,false,false,false,,,
5530700116181948,Silver Pick,Silver Pick,Recipe,Tool Recipe,,,false,false,false,false,,,
1534621126189607,Silver Pick,Silver Pick,Tools,Tool,items/pickaxe_silver,destroy,false,false,false,false,,,
645684775599380,Silver Platter,Silver Platter,Item,,,,false,false,false,false,,,
1534621126189727,Silver Ring,Silver Ring,Hands,Hands,wearables/hands/ring_silver,,false,false,false,false,,,
7539420629350264,Silver Slabber,Silver Slabber,Tools,Shaping Tool,items/slabber_silver,shape,false,false,false,false,,,
4537020877769934,Silver Stepper,Silver Stepper,Tools,Shaping Tool,items/stepper_silver,shape,false,false,false,false,,,
1534621126189604,Silver Stud,Silver Stud,Ears,Ears,wearables/ears/stud_silver,,false,false,false,false,,,
4929806707106199,Silver Stud,Silver Stud,Ears,Ears,wearables/ears/stud_silver,,false,false,false,false,,,
1534621126189754,Silver Studs,Silver Studs,Ears,Ears,wearables/ears/studs_silver,,false,false,false,false,,,
7539420629349982,Silver Tiara,Silver Tiara,Hats,Hat,wearables/hat/tiara_silver,,false,false,false,false,,,
962669830850517,Silver Whacker,Silver Whacker,Recipe,Tool Recipe,,,false,false,false,false,,,
1642809503746893,Silver Whacker,Silver Whacker,Tools,Weapon,,destroy,false,false,false,false,,,
2918329802157228,Silver Whacker,Silver Whacker,Tools,Tool,,destroy,false,false,false,false,,,
4537020877770177,Simple Axe,Simple Axe,Tools,Tool,items/axe_stone,destroy,false,false,false,false,,,
7539420629350393,Single Chain with Gem,Single Chain with Gem,Neck,Neck,wearables/neck/chain_with_gem_gold,,false,false,false,false,,,
4537020877770060,Single Glove,Single Glove,Hands,Hands,,,false,false,false,false,,,
1534621126189790,Skirt,Skirt,Bottoms,Bottoms,,,false,false,false,false,,,
1534621126189421,Skull Mask,Skull Mask,Hats,Hat,,,false,false,false,false,,,
7539420629350489,Slabber,Slabber,Tool,Shaping Tool,items/slabber_stone,shape,false,false,false,false,,,
7371280730512836,Slabber 2.0,Slabber 2.0,Tool,Shaping Tool,items/slabber_stone,shaper,false,false,false,false,,,
1534621126189787,Slides,Slides,Feet,Feet,,,false,false,false,false,,,
3585376614076061,Slight Muck Sickness,Slight Muck Sickness,Debuffs,,,,false,false,false,false,,,
2312612707451121,Sliver Dye,Sliver Dye,Dyes,Dye Recipe,,,false,false,false,false,,,
6431351131865635,Slop,Slop,Food,Food,items/slop,eat,false,false,false,false,,,
1534621126189343,Sluggish,Sluggish,Debuffs,,,,false,false,false,false,,,
1534621126189430,Small Campsite,Small Campsite,Camping,,items/campsite_packed,place,false,false,false,false,,,
7539420629350138,Small Chest,Small Chest,Objects,Container,placeables/containers/wood_container,place,true,false,false,false,"[1,1,1]",,
1534621126189442,Small Chest,Small Chest,Recipe,,,,false,false,false,false,,,
1534621126189346,Small Shrimp Bait,Small Shrimp Bait,Item,,items/bait_shrimp_small,,false,false,false,false,,,
1534621126189463,Small Silver Frame,Small Silver Frame,Objects,Frame,placeables/frames/silver_frame_small,place,true,false,false,false,"[0.1,1,1]",,
4537020877769796,Small Wood Frame,Small Wood Frame,Objects,Frame,placeables/frames/oak_frame_small,place,true,false,false,false,"[0.1,1,1]",,
7539420629350003,Small Worm Bait,Small Worm Bait,Item,,items/bait_worm_small,,false,false,false,false,,,
4537020877770168,Snow,Snow,Block,Block,blocks/snow,place,false,false,true,false,,,
7810925220188603,Snow Coat,Snow Coat,Outerwear,Outerwear,,,false,false,false,false,,,
5997219425761165,Soaked Blueprint,Soaked Blueprint,Item,,npcs/chicken,,false,false,false,false,"[1,2,1]",,
1534621126189292,Socks,Socks,Feet,Feet,,,false,false,false,false,,,
1534621126189313,Sombrero,Sombrero,Hats,Hat,,,false,false,false,false,,,
1943945306225582,Something is Amuck,Something is Amuck,Item,,,,false,false,false,false,,,"While you're here, these very peculiar statues have been popping up around Mosslawn. Would you mind documenting them with your camera and running the photos back to Jackie for some analysis?"
8063824166406135,Something is Fishy DEP,Something is Fishy DEP,Item,,,,false,false,false,false,,,"The name's Gil, pleasure to meet ya. I've been fishin' in Rolland Pond since before the Muckening and lately somethin' just ain't been right. {break} We’ve noticed some of the fish we’re catchin’ aren’t lookin’ too hot. To be honest, we’re a bit worried that some muck is festering below sea level. {break} We need someone to **catch a few fish** from this here pond so we can measure the toxin levels. You up for it?"
4313753143202106,Space Age Shelter Frame Blueprint,Space Age Shelter Frame Blueprint,Blueprints,Blueprint,items/blueprint,place,false,true,false,false,"[13,9,13]",,
1808193010829535,Space Clipboard Wand,Space Clipboard Wand,Tools,Space Clipboard Wand,items/nega_wand,spaceClipboard,false,false,false,false,,,
7539420629350474,Space Helmet,Space Helmet,Wearable,Hat,,,false,false,false,false,,,
7539420629350261,Spaghetti Strap,Spaghetti Strap,Tops,,,,false,false,false,false,,,
4537020877770129,Spaghetti Strap Top,Spaghetti Strap Top,Tops,Top,,,false,false,false,false,,,
8086564398633669,Spawn Point,Spawn Point,Round Based,,,,false,false,false,false,,,
2350513094490205,Specialty Research,Specialty Research,Item,,,,false,false,false,false,,,
5200622199958374,Spee-Dee Bait,Spee-Dee Bait,Recipe,Bait,,,false,false,false,false,,,
4537020877769679,Spee-Dee Bait,Spee-Dee Bait,Bait,Bait,items/bait,,false,false,false,false,,,
7539420629350072,Spider Web,Spider Web,Block,Block,florae/spider_web,place,false,false,true,false,,,
1534621126189277,Spike Bracelet,Spike Bracelet,Hands,Hands,,,false,false,false,false,,,
8157541487089990,Spikefish,Spikefish,Item,,items/fish/starfish,eat,false,false,false,false,,,
2136203633221661,Spiky Plant,Spiky Plant,Materials,Foliage,florae/spiky_plant,place,false,false,true,true,,,
5560331327875893,Spindly Puffermucker,Spindly Puffermucker,Item,,,eat,false,false,false,false,,,
6692519253475301,Spiny Puffermucker,Spiny Puffermucker,Item,,items/fish/chromefish,,false,false,false,false,,,
370045597116844,Spleef Spawn Point,Spleef Spawn Point,Minigame,,,place,true,false,false,false,"[1,0.1,1]",,
6360374043406692,Spleef Start,Spleef Start,Minigame,,placeables/minigames/spleef_start_flag,place,true,false,false,false,"[1,2,1]",,
6012379580582807,Splintered Muck,Splintered Muck,Block,Block,blocks/splintered_muck,place,false,false,true,false,,,
4537020877769631,Sport Shirt,Sport Shirt,Tops,Top,,,false,false,false,false,,,
3953354917343594,Spring Research,Spring Research,Item,,,,false,false,false,false,,,
1433323728101822,Spring Research,Spring Research,Item,,,,false,false,false,false,,,
7811614318097805,Squad Goals,Squad Goals,Item,,,,false,false,false,false,,,"I think after what happened we need eachother more than ever.
{break} Let's start making some new memories, together."
7539420629350423,Square Glasses,Square Glasses,Face,Face,,,false,false,false,false,,,
8078295223279239,Squeel,Squeel,Item,,,eat,false,false,false,false,,,
3513710427670959,Squib,Squib,Item,,,eat,false,false,false,false,,,
5082786451157745,Squirmy Bait,Squirmy Bait,Bait,Bait,items/bait_worm,,false,false,false,false,,,
6390005255094532,Squirmy Bait,Squirmy Bait,Recipe,Bait,,,false,false,false,false,,,
574018589195163,Squirmy Bait,Squirmy Bait,Recipe,Bait,,,false,false,false,false,,,
2059024663244692,Squirtle,Squirtle,Item,,npcs/turtle,,false,false,false,false,"[0.9,0.4,0.9]",,
8927952990933267,Staking Claim,Staking Claim,Item,,,,false,false,false,false,,,"This is major! Congratulations. If there was a city that you were drawn to, head back to that area and claim your own piece of this world. Your journey has just begun..."
4537020877769595,Starfish,Starfish,Item,,items/fish/starfish,eat,false,false,false,false,,,
1534621126189832,Stepper,Stepper,Tool,Shaping Tool,items/stepper_stone,shape,false,false,false,false,,,
2382900697983444,Stepper 2.0,Stepper 2.0,Tool,Shaping Tool,items/stepper_stone,shaper,false,false,false,false,,,
4537020877769931,Stick,Stick,Materials,Material,items/stick,,false,false,false,false,,,
344548973111604,Stinky Bait,Stinky Bait,Recipe,Bait,,,false,false,false,false,,,
4537020877769676,Stinky Bait,Stinky Bait,Bait,,,,false,false,false,false,,,
7539420629350510,Stone,Stone,Blocks,Stone,blocks/stone,place,false,false,true,false,,,
1534621126189601,Stone Axe,Stone Axe,Tools,Tool,items/axe_stone,destroy,false,false,false,false,,,
7539420629350258,Stone Brick,Stone Brick,Blocks,Stone,blocks/stone_brick,place,false,false,true,false,,,
1534621126189589,Stone Fencer,Stone Fencer,Tools,Shaping Tool,items/fencer_stone,shape,false,false,false,false,,,
2151363788038278,Stone Hoe,Stone Hoe,Recipe,Tool Recipe,,,false,false,false,false,,,
1534621126189472,Stone Mucker,Stone Mucker,Item,,npcs/stone_mucker,,false,false,false,false,,,
7539420629350249,Stone Pick,Stone Pick,Tools,Tool,items/pickaxe_stone,destroy,false,false,false,false,,,
1534621126189505,Stone Shingles,Stone Shingles,Blocks,Stone,blocks/stone_shingles,place,false,false,true,false,,,
7539420629350246,Stone Slabber,Stone Slabber,Tools,Shaping Tool,items/slabber_stone,shape,false,false,false,false,,,
1534621126189586,Stone Stepper,Stone Stepper,Tools,Shaping Tool,items/stepper_stone,shape,false,false,false,false,,,
4911890160503791,Stone Trials,Stone Trials,Item,,,,false,false,false,false,,,
2835638048613048,Stone Whacker,Stone Whacker,Tools,Weapon,,destroy,false,false,false,false,,,
3942329350204918,Stone Whacker,Stone Whacker,Item,Tool Recipe,,,false,false,false,false,,,
5995152131921983,Stoney Mucker,Stoney Mucker,Item,,npcs/stone_mucker,,false,false,false,false,"[2,2,2]",,
711838178431751,Straw Hat,Straw Hat,Hats,Hat,,,false,false,false,false,,,
5251615447975574,Straw Hat,Straw Hat,Hats,Hat,,,false,false,false,false,,,
3148488516184441,Straw Hat,Straw Hat,Hats,Hat,,,false,false,false,false,,,
2779132017025472,Strawberry,Strawberry,Fruit,Fruit,,eat,false,false,false,false,,,
4537020877769691,Strawberry Seed,Strawberry Seed,Item,,items/seed_strawberry,plant,false,false,false,false,,,
1534621126189412,Stripped Birch Log,Stripped Birch Log,Blocks,Wood,blocks/birch_stripped,place,false,false,true,false,,,
4537020877769739,Stripped Oak Log,Stripped Oak Log,Blocks,Wood,blocks/oak_stripped,place,false,false,true,false,,,
7539420629350066,Stripped Rubber Log,Stripped Rubber Log,Blocks,Wood,blocks/rubber_stripped,place,false,false,true,false,,,
1311353391624905,Strong Muck Immunity,Strong Muck Immunity,Food Buffs,,,,false,false,false,false,,,
1534621126189751,Studs with Gems,Studs with Gems,Ears,Ears,wearables/ears/studs_with_gem_gold,,false,false,false,false,,,
1534621126189265,Stunkfish,Stunkfish,Item,,items/fish/stonefish,eat,false,false,false,false,,,
2744677119710793,Suit Pants,Suit Pants,Bottoms,Bottoms,,,false,false,false,false,,,
6380357883846464,Suit Top,Suit Top,Outerwear,Outerwear,,,false,false,false,false,,,
1534621126189763,Sun Blockers,Sun Blockers,Face,Face,,,false,false,false,false,,,
1307218803948215,Sunflower,Sunflower,Block,Flower,florae/sun_flower,place,false,false,true,false,,,
7492561969013393,Sunflower,Sunflower,Flower,Flower,,,false,false,false,false,,,
5833214114570499,Sunflower Petal,Sunflower Petal,Materials,Dye,items/dandelion_petal,,false,false,false,false,,,
1890195666431615,Sunflower Seed,Sunflower Seed,Seeds,,,plant,false,false,false,false,,,
6824136961199206,Sunny Side Up,Sunny Side Up,Item,,,,false,false,false,false,,,
8534478063662969,Sunny Side Up,Sunny Side Up,Item,,,,false,false,false,false,,,
5245413566461994,Sunny Test,Sunny Test,Item,,,,false,false,false,false,,,
4537020877769748,Sunstone,Sunstone,Lights,Light,blocks/sunstone,place,false,false,true,false,,,
791084442243108,Super Fertilizer,Super Fertilizer,Item,,items/fertilizer,fertilize,false,false,false,false,,,
9004442862965136,Super Striker,Super Striker,Tools,Weapon,items/squirtgun,destroy,false,false,false,false,,,
1534621126189802,Surfer Tee,Surfer Tee,Tops,Top,,,false,false,false,false,,,
1534621126189307,Suspenders,Suspenders,Outerwear,Outerwear,,,false,false,false,false,,,
8871446959348571,Suspicious Statues 1,Suspicious Statues 1,Item,,,,false,false,false,false,,,"Mosslawn is littered with these suspicious Mucker Statues. The Muckers seem to be drawn to them.
{break} Go investigate the statues and report any findings back to me."
6958511060705425,Suspicious Statues 2,Suspicious Statues 2,Item,,,,false,false,false,false,,,It looks like there might be more to this... I'll keep investigating.
7108045315030913,Suspicious Statues 3,Suspicious Statues 3,Item,,,,false,false,false,false,,,It looks like there might be more to this... I'll keep investigating.
7922559087435317,Suspicious Statues 4,Suspicious Statues 4,Item,,,,false,false,false,false,,,It looks like there might be more to this... I'll keep investigating.
4537020877770138,Sweatshirt,Sweatshirt,Outerwear,Outerwear,,,false,false,false,false,,,
1708273808636291,Sweet Corn,Sweet Corn,Vegetable,Vegetable,,eat,false,false,false,false,,,
3875486849453562,Sweet Corn Bush,Sweet Corn Bush,Block,Block,florae/sweet_corn,place,false,false,true,false,,,
4851938639186947,Sweet Corn Seeds,Sweet Corn Seeds,Item,,,plant,false,false,false,false,,,
7539420629349949,Swimfin,Swimfin,Feet,Feet,,,false,false,false,false,,,
7539420629350336,Switch Grass,Switch Grass,Block,Plant,florae/switch_grass,place,false,false,true,false,,,
1152171766050944,T-Shirt,T-Shirt,Tops,Top,,,false,false,false,false,,,
7133541939041652,T-Shirt,T-Shirt,Tops,Top,,,false,false,false,false,,,
6561590643697708,T-Shirt,T-Shirt,Tops,Top,,,false,false,false,false,,,
4537020877770135,T-Shirt,T-Shirt,Tops,Top,,,false,false,false,false,,,
7539420629350324,Tabler,Tabler,Tool,Shaping Tool,items/stepper_stone,shape,false,false,false,false,,,
1305151510110056,Tackle Box,Tackle Box,Objects,Container,,place,true,false,false,false,"[1,1,1]",,
7605574032181405,Tailor Made,Tailor Made,Item,,,,false,false,false,false,,,"Waouh! We've been awaiting your arrival! To continue your training down the path of the Artist you'll most certainly need your own Tailoring Booth. Here, follow these instructions..."
6793127553622876,Tailor's Trunk,Tailor's Trunk,Objects,Container,,place,true,false,false,false,"[1,1,1]",,
7539420629350105,Tailoring Booth,Tailoring Booth,Crafting Station,Crafting Station,placeables/crafting_stations/oak_tailoring_booth,place,true,false,false,false,"[4,1,3]",,
6060616436811195,Takeout or Delivery,Takeout or Delivery,Item,,,,false,false,false,false,,,"Psst... over here!
{break} You must be {name}, Moe's new recruit.
{break} I've been out in the field trying to figure out exactly what Muckers are attracted to and repelled from.
{break} I think I'm close and I think these Red Mushrooms are involved.
{break} Don't touch any of the ones in Mosslawn, but see if you can go out and find me some more."
6814489589951573,Talk To Test,Talk To Test,Item,,,,false,false,false,false,,,
2054200977626082,Tan Dye,Tan Dye,Dyes,Dye Recipe,,,false,false,false,false,,,
676005085231666,Tan Dye,Tan Dye,Dyes,Dye,items/ink_pot_tan,dye,false,false,false,false,,,
2138270927059934,Tangle Weed,Tangle Weed,Materials,Foliage,florae/tangle_weed,place,false,false,true,true,,,
4537020877770132,Tank Top,Tank Top,Tops,Top,,,false,false,false,false,,,
7680685708320860,Tansons Test,Tansons Test,Item,,,,false,false,false,false,,,LETS TEST
1534621126189682,Tattered Skirt,Tattered Skirt,Wearable,Bottoms,,,false,false,false,false,,,
7539420629350144,Tattered Top,Tattered Top,Wearable,Top,,,false,false,false,false,,,
4537020877769997,Terrazzo,Terrazzo,Blocks,Stone,blocks/terrazzo,place,false,false,true,false,,,
1534621126189571,Terrazzo Brick,Terrazzo Brick,Blocks,Stone,blocks/terrazzo_brick,place,false,false,true,false,,,
3946463937879187,test,test,Item,,,,false,false,false,false,,,
1241065401110873,Test,Test,Item,,,,false,false,false,false,,,
8975500749227880,Test Repeatable,Test Repeatable,Item,,,,false,false,false,false,,,
773167895644531,Test robot,Test robot,Item,,,,false,false,false,false,,,
3990566206436747,test wear,test wear,Item,,,,false,false,false,false,,,
6628433144482745,test-for-joey,test-for-joey,Item,,,,false,false,false,false,,,
3293888182832894,testBp,testBp,Item,,,,false,false,false,false,,,
7566295449254227,testBP,testBP,Item,,,,false,false,false,false,,,
1730324942912083,testereeeee,testereeeee,Item,,,,false,false,false,false,,,
4537020877769844,Thatch,Thatch,Block,Block,blocks/thatch,place,false,false,true,false,,,
5137225188911485,The Depths of Fishing,The Depths of Fishing,Item,,,,false,false,false,false,,,
1304462412155371,The Fabric,The Fabric,Item,,,,false,false,false,false,,,Land Flag Fabric? Not yet. An Artist must first learn to find inspiration in what we call ‘les fruits de mère nature’. Immerse yourself in the gardens around Arbre and then talk with Zoé.
7503587536143300,The Fabric II,The Fabric II,Item,,,,false,false,false,false,,,"If your desire is the Flag Fabric then you must become skilled with a Tailoring Booth. You'll need to get some practice in, and maybe a new outfit, before you can make Flag Fabric."
3486835607760723,The Fabric III,The Fabric III,Item,,,,false,false,false,false,,,"Find a photographer, find your light, and pose! Dimmí will be excited to see your progress..."
1463644037727376,The Fabric IV,The Fabric IV,Item,,,,false,false,false,false,,,You know what to do! Return to me when you've crafted your Flag Fabric!
4194539198513959,The Farmers Way,The Farmers Way,Item,,,,false,false,false,false,,,
1652456874992669,The Fishers Way,The Fishers Way,Item,,,,false,false,false,false,,,
5416998955059506,The Grand Finially,The Grand Finially,Item,,,,false,false,false,false,,,
8397347572357618,The Grass is Always Greener,The Grass is Always Greener,Item,,,,false,false,false,false,,,See everything around us? My friends and I built it all with our bare hands. With a little of our help you'll be able to own a piece of this world yourself. Ready to get started?
62707913107910,The Hilt,The Hilt,Item,,,,false,false,false,false,,,Hmm... a Land Flag Hilt? Don’t concern yourself with that for now. Show us Survivalists that you can build shelter on your Campsite before we talk about owning land.
6234958217194819,The Hilt II,The Hilt II,Item,,,,false,false,false,false,,,We just got word from the Duff Outpost that the forest they're protecting has become infested with some nasty Muckers. If you can help out I'm sure Alexis will finally teach you how to make that hilt...
6893046755813600,The Hilt III,The Hilt III,Item,,,,false,false,false,false,,,"Before you head back, take that Boombox I gave you and place it in your Campsite. It’ll keep you company while you’re finishing up your Flag Hilt."
6906139616791209,The Hilt IV,The Hilt IV,Item,,,,false,false,false,false,,,When claiming your land make sure to grip your flag tightly!
2396682656886458,The Midas Touch,The Midas Touch,Item,,,,false,false,false,false,,,
3157446789487682,The Miners Way,The Miners Way,Item,,,,false,false,false,false,,,
8080362517110291,The Pole,The Pole,Item,,,,false,false,false,false,,,Ay! A Flag Pole? Engineers have been making these for years! Sil and Luis up in the mines can get you started. It's a bit dangerous trek there so let me know when you've made it! And bring some rocks with ya...
8332572365418453,The Pole II,The Pole II,Item,,,,false,false,false,false,,,Ya ever fired up a Thermoblaster before?! Toss in some Cobblestone and let 'er rip! These mines are a bit of a maze so make sure you have a few extra flares in tow. They're bright but they burn out pretty quickly...
4140789558701881,The Pole III,The Pole III,Item,,,,false,false,false,false,,,An Engineer keeps two things on them at all times: a Pick and a pic! The Pick for mining and the pic for a swift exit! You knew you could warp with photos ya?
3959556798852431,The Pole IV,The Pole IV,Item,,,,false,false,false,false,,,Nothing standing between you and the pole but a coupla’ rocks!
6193612340426932,The Road Ahead,The Road Ahead,Item,,,,false,false,false,false,,,
8188550894666683,The Road Back,The Road Back,Item,,,,false,false,false,false,,,"Head back to Jackie and let her know we're making good progress! Maybe keep the Pick thing between us, hah!"
4958059722899606,The Silver Lining,The Silver Lining,Item,,,,false,false,false,false,,,
4537020877769775,Thermoblaster,Thermoblaster,Crafting Station,Crafting Station,placeables/crafting_stations/stone_thermoblaster,place,true,false,false,false,"[3,3,3]",,
8056933186948532,Thermodynamics,Thermodynamics,Item,,,,false,false,false,false,,,
2443541317223860,Thermolite,Thermolite,Crafting Station,Crafting Station,placeables/crafting_stations/stone_thermolite,place,true,false,false,false,"[1,2,3]",,
4537020877770045,Thick Eyebrows,Thick Eyebrows,Item,,,,false,false,false,false,,,
2971390344011045,This Muck Sucks,This Muck Sucks,Item,,,,false,false,false,false,,,
5658872334178688,This Sucks DEP,This Sucks DEP,Item,,,,false,false,false,false,,,"As far as we know there are **six legendary Muckerfish** spread out across the land and each one is more elusive than the last. {break} However, I've heard stories about the Muck Sucker and from what I gather, they like to wait until sundown to come out. Think you can catch it?"
4537020877769610,Tie,Tie,Neck,Neck,,,false,false,false,false,,,
1534621126189391,Tilled Soil,Tilled Soil,Block,Block,blocks/tilled_soil,place,false,false,true,false,,,
2464903353547703,To The Bottom,To The Bottom,Item,,,,false,false,false,false,,,"You're getting the hang of this! A little clay, a little grass, a nice long skirt to cover your... "
1302395118326380,Tomato,Tomato,Vegetable,Vegetable,,eat,false,false,false,false,,,
1193517642864200,Tomato Plant,Tomato Plant,Block,Block,florae/tomato,place,false,false,true,false,,,
1534621126189358,Tomato Seed,Tomato Seed,Item,,items/seed_generic,plant,false,false,false,false,,,
5351534650175658,Tool Pile,Tool Pile,Objects,,placeables/quests/tools,place,true,false,false,false,"[1,1,1]",,
7539420629350465,Top,Top,Wearable,,,,false,false,false,false,,,
1534621126189598,Top Knot,Top Knot,Hair,Hair,,,false,false,false,false,,,
4957370624950054,Top Secret,Top Secret,Item,,,,false,false,false,false,,,"Emma doesn't believe me, but I was snooping around upstairs and found an old duct.
{break} I think it leads to whatever was built here before the Muckers destroyed everything."
7539420629350255,Toque,Toque,Hats,,,,false,false,false,false,,,
7977686923135501,Touk,Touk,Hats,Hat,,,false,false,false,false,,,
7539420629350480,Touk,Touk,Hats,Hat,,,false,false,false,false,,,
8085875300688008,Touk,Touk,Hats,Hat,,,false,false,false,false,,,
1961861852831554,Traditional Shelter Frame Blueprint,Traditional Shelter Frame Blueprint,Blueprints,Blueprint,items/blueprint,place,false,true,false,false,"[13,12,11]",,
5920729553733598,Training Rod,Training Rod,Tools,,items/fishing_rod,fish,false,false,false,false,,,
5754656948704224,Translucent Squank,Translucent Squank,Item,,,eat,false,false,false,false,,,
7539420629349916,Treasure Chest,Treasure Chest,Item,,placeables/containers/treasure_chest,reveal,false,false,false,false,,,
1819907675915747,Trees,Trees,Item,,,,false,false,false,false,,,
4537020877769925,Trousers,Trousers,Bottoms,,,,false,false,false,false,,,
7539420629349922,Trout,Trout,Item,,items/fish/trout,eat,false,false,false,false,,,
1534621126189799,Tube Top,Tube Top,Tops,Top,,,false,false,false,false,,,
7539420629350009,Tuna,Tuna,Item,,items/fish/tuna,eat,false,false,false,false,,,
5126199621773466,Turnip,Turnip,Item,Seed,,plant,false,false,false,false,,,
6489235359398455,Turnip (Planted),Turnip (Planted),Block,Block,florae/turnip,place,false,false,true,false,,,A turnip with soil still around it.
8369783654522769,Turnip Seed,Turnip Seed,Seeds,,,plant,false,false,false,false,,,
1534621126189301,Turtleneck,Turtleneck,Tops,Top,,,false,false,false,false,,,
1458131254160738,TV,TV,Objects,TV,placeables/led_panel,place,true,false,false,false,"[0.1,1.25,2]",,
4537020877770063,Two Chains with Gems,Two Chains with Gems,Neck,Neck,wearables/neck/chains_with_gem_gold,,false,false,false,false,,,
8305697545525485,Ultra Violet,Ultra Violet,Block,Flower,florae/ultraviolet,place,false,false,true,false,,,
8587538605519999,Ultra Violet (Deprecated),Ultra Violet (Deprecated),Block,Flower,florae/ultraviolet,place,false,false,true,false,,,
2654405288764318,Ultra Violet Petal,Ultra Violet Petal,Materials,Dye,items/lilac_petal,,false,false,false,false,,,
6905450518852631,Ultra Violet Seed,Ultra Violet Seed,Seeds,,,plant,false,false,false,false,,,
3481322824199872,Ultra Violet Seeds,Ultra Violet Seeds,Recipe,Seed Recipe,,,false,false,false,false,,,
2812208718442658,Ultraviolet,Ultraviolet,Item,,,,false,false,false,false,,,
3032030963272644,Undertoe,Undertoe,Item,,,,false,false,false,false,,,"Who am I? Part of the crew that built this place. I was in charge of the underground, most of which has been sealed up for years... most. You didn’t hear it from me, but I hear grumblings about some folks trading in an old room right under Jackie's toes. Be discrete, Jackie would not approve."
7759931972137761,Underwater Breathing,Underwater Breathing,Item,,,,false,false,false,false,,,
3599847670941329,Underwater Breathing,Underwater Breathing,Item,,,,false,false,false,false,,,
5475572280482280,Undocked Dock,Undocked Dock,Item,,,,false,false,false,false,,,"Looks like you need some threads for your head. Unfortunately, that gnarly swell took out a chunk of my dock and I lost most of my stock! It's floating around here somewhere..."
7539420629350090,Unknown Campsite,Unknown Campsite,Camping,,items/campsite_packed,place,false,false,false,false,,,
4537020877769778,Unknown Crafting Station,Unknown Crafting Station,Crafting Station,,,place,true,false,false,false,,,
7539420629350507,Unknown Item,Unknown Item,Tool,,,,false,false,false,false,,,
7539420629350126,Unknown Item,Unknown Item,Item,,,place,true,false,false,false,,,
7539420629350372,Unknown Item,Unknown Item,Item,,,,false,false,false,false,,,
1534621126189457,Unknown Item,Unknown Item,Item,,,place,false,false,false,false,,,
4537020877769712,Unknown Item,Unknown Item,Drinks,Drink,,drink,false,false,false,false,,,
1534621126189385,Unknown Item,Unknown Item,Consumables,Consumable,,eat,false,false,false,false,,,
4537020877769706,Unknown Item,Unknown Item,Food,Food,,eat,false,false,false,false,,,
3453069808407161,Vegetables,Vegetables,Item,,,,false,false,false,false,,,
7539420629350471,Vest,Vest,Outerwear,Outerwear,,,false,false,false,false,,,
5737429500045677,Vines Bush,Vines Bush,Block,Block,florae/vines_bush,place,false,false,true,true,,,
7742704523479781,Wake Up,Wake Up,Item,,,,false,false,false,false,,,
1981156595328572,Wall Note,Wall Note,Objects,,,place,true,false,false,false,"[1,1,1]",,
3404143854225624,Wall Note,Wall Note,Objects,,,place,true,false,false,false,"[0.1,1,1]",,
6968847529900621,Wall Plate,Wall Plate,Objects,,placeables/quests/plate_wall,place,true,false,false,false,"[1,1,1]",,
1534621126189262,Wardrobe,Wardrobe,Crafting Station,Crafting Station,placeables/crafting_stations/log_workbench,place,true,false,false,false,"[1,1,3]",,
7539420629349934,Watch,Watch,Hands,Hands,,,false,false,false,false,,,
7077725005403292,Water-logged Muck Buster,Water-logged Muck Buster,Item,,,,false,false,false,false,"[1,1,1]",,
1139078905072165,Watering Can,Watering Can,Recipe,Tool Recipe,,,false,false,false,false,,,
7539420629350045,Watering Can,Watering Can,Tools,,items/watering_can,waterPlant,false,false,false,false,,,
6235647315150251,Watt's The Bright Idea?,Watt's The Bright Idea?,Item,,,,false,false,false,false,,,
2231988247746525,Waypoint Camera,Waypoint Camera,Tool,Camera,,waypointCam,false,false,false,false,,,
6851011781101672,Weak Muck Immunity,Weak Muck Immunity,Food Buffs,,,,false,false,false,false,,,
1534621126189826,Wearable,Wearable,Wearable,,,,false,false,false,false,,,
7539420629350381,Wearable,Wearable,Wearable,,wearables/unknown,,false,false,false,false,,,
5586517049831012,Weather Vane,Weather Vane,Objects,,,place,true,false,false,false,"[1,1.5,1]",,
7477401814192963,Wet Fertilizer,Wet Fertilizer,Item,,items/fertilizer,fertilize,false,false,false,false,,,
303203096334621,What Does It Mean?,What Does It Mean?,Item,,,,false,false,false,false,,,I better bring these inscriptions back to Moe
1137011611234537,What Is This Gunk,What Is This Gunk,Item,,,,false,false,false,false,,,
809000988836384,"What's up, Doc?","What's up, Doc?",Item,,,,false,false,false,false,,,There was a big swell in the river just southeast of here. {break}Would you go check on my old friend Doc? They’re one of the biggest importers to The Grove.
4647276549161506,Wheat,Wheat,Grain,Grain,items/wheat,,false,false,false,false,,,
7539420629350057,Wheat Bush,Wheat Bush,Block,Block,florae/wheat_bush,place,false,false,true,false,,,
1534621126189364,Wheat Seed,Wheat Seed,Item,,items/seed_wheat,plant,false,false,false,false,,,
6530581236118897,Wheat Straw,Wheat Straw,Face,Face,,,false,false,false,false,,,
463073819853538,When In Chrome DEP,When In Chrome DEP,Item,,,,false,false,false,false,,,I once heard a story about a novice angler like yourself gettin' yanked out to sea because they hooked a Muck Sucker with the wrong rod. {break} To catch a fish the size of a Muck Sucker you're going to need to buy one of my **Chrome Rod**'s and they aren't cheap.
7539420629349985,White Dye,White Dye,Dyes,Dye,items/ink_pot_white,dye,false,false,false,false,,,
8027301975261859,White Dye,White Dye,Dyes,Dye Recipe,,,false,false,false,false,,,
4537020877770144,Wide Brim Hat,Wide Brim Hat,Hats,Hat,,,false,false,false,false,,,
1825420459488049,Wings,Wings,Drink Buffs,,,,false,false,false,false,,,
1534621126189844,Wood Crate,Wood Crate,Objects,Block,blocks/wood_crate,place,false,false,true,false,,,
5232320705487607,Wood Ear Mushroom,Wood Ear Mushroom,Food,Food,,eat,false,false,false,false,,,
7046026499878262,Wood Ear Spores,Wood Ear Spores,Spores,Spores,items/mushroom_spores,plant,false,false,false,false,,,
1534621126189418,Wood Sign,Wood Sign,Objects,Frame,placeables/signs/small_oak_sign,place,true,false,false,false,"[1,2,1]",,
1167331920870018,Wood Text Sign,Wood Text Sign,Objects,Frame,,place,true,false,false,false,"[1,2,1]",,
1534621126189535,Wooden Axe,Wooden Axe,Recipe,Tool Recipe,,,false,false,false,false,,,
1534621126189595,Wooden Axe,Wooden Axe,Tools,Tool,items/axe_wood,destroy,false,false,false,false,,,
7539420629350252,Wooden Fencer,Wooden Fencer,Tools,Shaping Tool,items/fencer_wood,shape,false,false,false,false,,,
1564941435821845,Wooden Hoe,Wooden Hoe,Recipe,Tool Recipe,,,false,false,false,false,,,
1534621126189388,Wooden Hoe,Wooden Hoe,Tools,,items/wooden_hoe,till,false,false,false,false,,,
4537020877769922,Wooden Pick,Wooden Pick,Tools,Tool,items/pickaxe_wood,destroy,false,false,false,false,,,
4537020877769919,Wooden Slabber,Wooden Slabber,Tools,Shaping Tool,items/slabber_wood,shape,false,false,false,false,,,
4537020877769916,Wooden Stepper,Wooden Stepper,Tools,Shaping Tool,items/stepper_wood,shape,false,false,false,false,,,
8092766280147138,Wooden Whacker,Wooden Whacker,Tools,Weapon,items/whacker_stick,destroy,false,false,false,false,,,
8961029692355937,Wooden Whacker,Wooden Whacker,Item,Tool Recipe,,,false,false,false,false,,,
5061424414825019,Woof,Woof,Item,,npcs/dog_2,,false,false,false,false,"[0.9,0.7,0.9]",,
4397133994693765,Work Boots,Work Boots,Item,,,,false,false,false,false,,,
1534621126189448,Workbench,Workbench,Crafting Station,Crafting Station,,place,true,false,false,false,"[1,1,3]",,
4537020877769913,Woven Grass Patch,Woven Grass Patch,Materials,Fabric,items/woven_grass_patch,,false,false,false,false,,,
1534621126189664,Woven Hemp Patch,Woven Hemp Patch,Materials,Fabric,items/woven_hemp_patch,,false,false,false,false,,,
3510954035884517,Wrangler Hat,Wrangler Hat,Item,,,,false,false,false,false,,,
4537020877769604,Wristband,Wristband,Hands,Hands,,,false,false,false,false,,,
6707679408294768,Ye Olde Muck Buster,Ye Olde Muck Buster,Tools,Muck Buster,,demuckerWand,false,false,false,false,,,
8930709382726489,Yellow Dye,Yellow Dye,Dyes,Dye Recipe,,,false,false,false,false,,,
4537020877769655,Yellow Dye,Yellow Dye,Dyes,Dye,items/ink_pot_yellow,dye,false,false,false,false,,,
4160084301201269,Yellow Mucker State Inscription,Yellow Mucker State Inscription,Notes,Notes,items/paper_written,,false,false,false,false,,,
2059024663244683,Yves,Yves,Item,,npcs/doc,,false,false,false,false,"[1,2,1]",,
4537020877769592,Zebrafish,Zebrafish,Item,,items/fish/zebrafish,eat,false,false,false,false,,,
1534621126189583,Zipper,Zipper,Materials,Fastener,items/zipper,,false,false,false,false,,,
299757606605278,Zippy,Zippy,Drink Buffs,,buffs/drink_bounce,,false,false,false,false,,,
1534621126189340,Zippy,Zippy,Drink Buffs,,buffs/drink_bounce,,false,false,false,false,,,
189501935216334,Zippy,Zippy,Drink Buffs,,buffs/drink_bounce,,false,false,false,false,,,
4776137865141680,Zoey's Haunted House,Zoey's Haunted House,Item,,,,false,false,false,false,,,
3097495268211176,Zoey's Skull Mask,Zoey's Skull Mask,Wearable,Hat,,,false,false,false,false,,,
733889312712469,Zoom Camera,Zoom Camera,Tool,Camera,items/iso_camera,photo,false,false,false,false,,,
