key,format,sourcePath,defaultScale,semanticRole,objectKind,description,size.sourceSize,size.authoredDefaultSize,size.renderedDefaultSize,colors.materialColors,colors.prominentRenderedColors,animations,warnings
stall,gltf,glb/props/market/stall.glb,0.95,stall,service_or_landmark_prop,"stall (service_or_landmark_prop); 0.6175m x 0.3472m x 0.95m. Dominant colors: mixed, white/light, orange/gold.","{""x"":0.65,""y"":0.3655,""z"":1}","{""x"":0.6175,""y"":0.3472,""z"":0.95}","{""x"":0.6175,""y"":0.3472,""z"":0.95}","[{""name"":""colormap"",""hex"":""#ffffff""}]","[{""hex"":""#ffffc0"",""pixels"":9776},{""hex"":""#ffe0a0"",""pixels"":2259},{""hex"":""#ffe0c0"",""pixels"":1703},{""hex"":""#ffffe0"",""pixels"":122},{""hex"":""#ffc0a0"",""pixels"":96},{""hex"":""#ffe0e0"",""pixels"":62}]",[],[]
stall_red,gltf,glb/props/market/stall-red.glb,0.95,stall,service_or_landmark_prop,"stall red (service_or_landmark_prop); 0.95m x 1.1752m x 0.95m. Dominant colors: orange/gold, mixed.","{""x"":1,""y"":1.237,""z"":1}","{""x"":0.95,""y"":1.1752,""z"":0.95}","{""x"":0.95,""y"":1.1751,""z"":0.95}","[{""name"":""colormap"",""hex"":""#ffffff""}]","[{""hex"":""#ffa0c0"",""pixels"":8637},{""hex"":""#ffffc0"",""pixels"":5926},{""hex"":""#ffe0a0"",""pixels"":2322},{""hex"":""#ffe0c0"",""pixels"":1772},{""hex"":""#ffa0a0"",""pixels"":757},{""hex"":""#ff80a0"",""pixels"":554},{""hex"":""#ffc0c0"",""pixels"":267},{""hex"":""#ffc0a0"",""pixels"":169}]",[],[]
stall_green,gltf,glb/props/market/stall-green.glb,0.95,stall,service_or_landmark_prop,stall green (service_or_landmark_prop); 0.95m x 1.1752m x 0.95m. Dominant colors: mixed.,"{""x"":1,""y"":1.237,""z"":1}","{""x"":0.95,""y"":1.1752,""z"":0.95}","{""x"":0.95,""y"":1.1751,""z"":0.95}","[{""name"":""colormap"",""hex"":""#ffffff""}]","[{""hex"":""#a0ffff"",""pixels"":6723},{""hex"":""#ffffc0"",""pixels"":5858},{""hex"":""#c0ffff"",""pixels"":2488},{""hex"":""#ffe0a0"",""pixels"":2262},{""hex"":""#ffe0c0"",""pixels"":1736},{""hex"":""#80ffe0"",""pixels"":577},{""hex"":""#80ffff"",""pixels"":521},{""hex"":""#ffffe0"",""pixels"":155}]",[],[]
stall_bench,gltf,glb/props/market/stall-bench.glb,0.95,stall,furniture,"stall bench (furniture); 0.247m x 0.2142m x 0.893m. Dominant colors: white/light, mixed, orange/gold.","{""x"":0.26,""y"":0.2255,""z"":0.94}","{""x"":0.247,""y"":0.2142,""z"":0.893}","{""x"":0.247,""y"":0.2142,""z"":0.893}","[{""name"":""colormap"",""hex"":""#ffffff""}]","[{""hex"":""#ffffe0"",""pixels"":3786},{""hex"":""#ffe0a0"",""pixels"":1747},{""hex"":""#ffffc0"",""pixels"":936},{""hex"":""#ffe0c0"",""pixels"":862},{""hex"":""#ffc0a0"",""pixels"":48},{""hex"":""#ffe0e0"",""pixels"":25}]",[],[]
cart,gltf,glb/props/market/cart.glb,0.9,low_cart,service_or_landmark_prop,"cart (service_or_landmark_prop); 0.8037m x 0.482m x 1.206m. Dominant colors: white/light, mixed, orange/gold.","{""x"":0.893,""y"":0.5355,""z"":1.34}","{""x"":0.8037,""y"":0.482,""z"":1.206}","{""x"":0.8037,""y"":0.482,""z"":1.206}","[{""name"":""colormap"",""hex"":""#ffffff""}]","[{""hex"":""#ffffe0"",""pixels"":4146},{""hex"":""#ffe0a0"",""pixels"":2184},{""hex"":""#ffe0c0"",""pixels"":1705},{""hex"":""#ffffff"",""pixels"":1425},{""hex"":""#ffffc0"",""pixels"":1191},{""hex"":""#ffa080"",""pixels"":195},{""hex"":""#ffc0a0"",""pixels"":156},{""hex"":""#e0e0ff"",""pixels"":145}]",[],[]
cart_high,gltf,glb/props/market/cart-high.glb,0.85,low_cart,service_or_landmark_prop,"cart high (service_or_landmark_prop); 0.7591m x 0.7314m x 1.1815m. Dominant colors: white/light, mixed, orange/gold.","{""x"":0.893,""y"":0.8605,""z"":1.39}","{""x"":0.7591,""y"":0.7314,""z"":1.1815}","{""x"":0.7591,""y"":0.7314,""z"":1.1815}","[{""name"":""colormap"",""hex"":""#ffffff""}]","[{""hex"":""#ffffff"",""pixels"":4577},{""hex"":""#ffe0a0"",""pixels"":2307},{""hex"":""#ffffc0"",""pixels"":2296},{""hex"":""#ffe0c0"",""pixels"":1531},{""hex"":""#ffffe0"",""pixels"":1454},{""hex"":""#ffc0a0"",""pixels"":323},{""hex"":""#ffa080"",""pixels"":152},{""hex"":""#ffe0e0"",""pixels"":150}]",[],[]
fountain_round,gltf,glb/props/market/fountain-round.glb,1.1,solid_landmark,service_or_landmark_prop,"fountain round (service_or_landmark_prop); 2.2m x 0.308m x 2.2m. Dominant colors: white/light, blue.","{""x"":2,""y"":0.28,""z"":2}","{""x"":2.2,""y"":0.308,""z"":2.2}","{""x"":2.2,""y"":0.308,""z"":2.2}","[{""name"":""colormap"",""hex"":""#ffffff""},{""name"":""Water"",""hex"":""#79dcff""}]","[{""hex"":""#ffffff"",""pixels"":10027},{""hex"":""#e0ffff"",""pixels"":1693},{""hex"":""#e0e0ff"",""pixels"":1170},{""hex"":""#c0c0e0"",""pixels"":563},{""hex"":""#c0e0ff"",""pixels"":252},{""hex"":""#c0c0ff"",""pixels"":252},{""hex"":""#a0c0e0"",""pixels"":75},{""hex"":""#e0e0e0"",""pixels"":60}]",[],[]
fountain_center,gltf,glb/props/market/fountain-center.glb,1,solid_landmark,service_or_landmark_prop,fountain center (service_or_landmark_prop); 1m x 0.14m x 1m. Dominant colors: white/light.,"{""x"":1,""y"":0.14,""z"":1}","{""x"":1,""y"":0.14,""z"":1}","{""x"":1,""y"":0.14,""z"":1}","[{""name"":""colormap"",""hex"":""#ffffff""},{""name"":""Water"",""hex"":""#79dcff""}]","[{""hex"":""#ffffff"",""pixels"":18815}]",[],[]
fountain_round_detail,gltf,glb/props/market/fountain-round-detail.glb,1,solid_landmark,service_or_landmark_prop,"fountain round detail (service_or_landmark_prop); 2m x 0.48m x 2m. Dominant colors: white/light, blue.","{""x"":2,""y"":0.48,""z"":2}","{""x"":2,""y"":0.48,""z"":2}","{""x"":2,""y"":0.48,""z"":2}","[{""name"":""colormap"",""hex"":""#ffffff""},{""name"":""Water"",""hex"":""#79dcff""}]","[{""hex"":""#ffffff"",""pixels"":10312},{""hex"":""#e0e0ff"",""pixels"":1052},{""hex"":""#e0ffff"",""pixels"":928},{""hex"":""#c0c0e0"",""pixels"":902},{""hex"":""#e0e0e0"",""pixels"":292},{""hex"":""#a0c0e0"",""pixels"":204},{""hex"":""#a0a0c0"",""pixels"":115},{""hex"":""#c0c0ff"",""pixels"":106}]",[],[]
fountain_square_detail,gltf,glb/props/market/fountain-square-detail.glb,1,solid_landmark,service_or_landmark_prop,"fountain square detail (service_or_landmark_prop); 2m x 0.48m x 2m. Dominant colors: white/light, blue.","{""x"":2,""y"":0.48,""z"":2}","{""x"":2,""y"":0.48,""z"":2}","{""x"":2,""y"":0.48,""z"":2}","[{""name"":""colormap"",""hex"":""#ffffff""},{""name"":""Water"",""hex"":""#79dcff""}]","[{""hex"":""#ffffff"",""pixels"":15203},{""hex"":""#c0c0e0"",""pixels"":1759},{""hex"":""#e0ffff"",""pixels"":1041},{""hex"":""#c0c0ff"",""pixels"":591},{""hex"":""#e0e0ff"",""pixels"":477},{""hex"":""#c0e0ff"",""pixels"":233},{""hex"":""#c0e0e0"",""pixels"":87},{""hex"":""#e0e0e0"",""pixels"":78}]",[],[]
stall_stool,gltf,glb/props/market/stall-stool.glb,0.85,stall,furniture,"stall stool (furniture); 0.221m x 0.1917m x 0.221m. Dominant colors: white/light, mixed, orange/gold.","{""x"":0.26,""y"":0.2255,""z"":0.26}","{""x"":0.221,""y"":0.1917,""z"":0.221}","{""x"":0.221,""y"":0.1917,""z"":0.221}","[{""name"":""colormap"",""hex"":""#ffffff""}]","[{""hex"":""#ffffe0"",""pixels"":13617},{""hex"":""#ffe0a0"",""pixels"":12362},{""hex"":""#ffe0c0"",""pixels"":5494},{""hex"":""#ffffc0"",""pixels"":4767},{""hex"":""#ffc0a0"",""pixels"":1000},{""hex"":""#ffe0e0"",""pixels"":122}]",[],[]
fountain_square,gltf,glb/props/market/fountain-square.glb,1,solid_landmark,service_or_landmark_prop,"fountain square (service_or_landmark_prop); 2m x 0.4552m x 2m. Dominant colors: white/light, blue.","{""x"":2,""y"":0.4552,""z"":2}","{""x"":2,""y"":0.4552,""z"":2}","{""x"":2,""y"":0.4552,""z"":2}","[{""name"":""colormap"",""hex"":""#ffffff""},{""name"":""Water"",""hex"":""#79dcff""}]","[{""hex"":""#ffffff"",""pixels"":14709},{""hex"":""#e0ffff"",""pixels"":1571},{""hex"":""#c0c0e0"",""pixels"":1041},{""hex"":""#c0e0ff"",""pixels"":941},{""hex"":""#e0e0ff"",""pixels"":714},{""hex"":""#c0c0ff"",""pixels"":435},{""hex"":""#a0c0e0"",""pixels"":42},{""hex"":""#c0e0e0"",""pixels"":32}]",[],[]
banner_red,gltf,glb/props/town/banner-red.glb,0.9,decorative_tiny,wall_or_display_decor,"banner red (wall_or_display_decor); 0.045m x 0.7555m x 0.45m. Dominant colors: orange/gold, white/light, mixed.","{""x"":0.05,""y"":0.8394,""z"":0.5}","{""x"":0.045,""y"":0.7555,""z"":0.45}","{""x"":0.045,""y"":0.7554,""z"":0.45}","[{""name"":""colormap"",""hex"":""#ffffff""}]","[{""hex"":""#ff80a0"",""pixels"":5209},{""hex"":""#ffa0a0"",""pixels"":2196},{""hex"":""#ffa0c0"",""pixels"":215},{""hex"":""#ffffe0"",""pixels"":193},{""hex"":""#ffe0a0"",""pixels"":171},{""hex"":""#ffc0c0"",""pixels"":142},{""hex"":""#ffe0c0"",""pixels"":129},{""hex"":""#ffe0e0"",""pixels"":52}]",[],[]
banner_green,gltf,glb/props/town/banner-green.glb,0.9,decorative_tiny,wall_or_display_decor,"banner green (wall_or_display_decor); 0.045m x 0.7555m x 0.45m. Dominant colors: mixed, white/light.","{""x"":0.05,""y"":0.8394,""z"":0.5}","{""x"":0.045,""y"":0.7555,""z"":0.45}","{""x"":0.045,""y"":0.7554,""z"":0.45}","[{""name"":""colormap"",""hex"":""#ffffff""}]","[{""hex"":""#a0ffff"",""pixels"":3846},{""hex"":""#80ffff"",""pixels"":2294},{""hex"":""#80ffe0"",""pixels"":1456},{""hex"":""#c0ffff"",""pixels"":325},{""hex"":""#ffffe0"",""pixels"":205},{""hex"":""#ffe0a0"",""pixels"":169},{""hex"":""#ffe0c0"",""pixels"":106},{""hex"":""#ffffc0"",""pixels"":52}]",[],[]
lantern,gltf,glb/props/town/lantern.glb,0.8,decorative_tiny,lighting,"lantern (lighting); 0.1731m x 1.2448m x 0.1794m. Dominant colors: white/light, blue.","{""x"":0.2164,""y"":1.556,""z"":0.2243}","{""x"":0.1731,""y"":1.2448,""z"":0.1794}","{""x"":0.1732,""y"":1.2448,""z"":0.1795}","[{""name"":""colormap"",""hex"":""#ffffff""}]","[{""hex"":""#ffffff"",""pixels"":1520},{""hex"":""#e0e0ff"",""pixels"":369},{""hex"":""#c0c0e0"",""pixels"":211},{""hex"":""#e0ffff"",""pixels"":191},{""hex"":""#c0e0ff"",""pixels"":101},{""hex"":""#c0c0ff"",""pixels"":71},{""hex"":""#a0c0e0"",""pixels"":61},{""hex"":""#e0e0e0"",""pixels"":32}]",[],[]
tree,gltf,glb/environment/trees/tree.glb,1,tree_trunk,nature_or_resource,"tree (nature_or_resource); 1.023m x 2.4128m x 1.023m. Dominant colors: mixed, green.","{""x"":1.023,""y"":2.4128,""z"":1.023}","{""x"":1.023,""y"":2.4128,""z"":1.023}","{""x"":1.023,""y"":2.4128,""z"":1.023}","[{""name"":""colormap"",""hex"":""#ffffff""}]","[{""hex"":""#80ffe0"",""pixels"":4405},{""hex"":""#80ffc0"",""pixels"":322},{""hex"":""#ffffc0"",""pixels"":311},{""hex"":""#a0ffff"",""pixels"":197},{""hex"":""#80ffff"",""pixels"":171},{""hex"":""#ffe0c0"",""pixels"":122},{""hex"":""#a0ffe0"",""pixels"":69},{""hex"":""#60ffc0"",""pixels"":58}]",[],[]
tree_high,gltf,glb/environment/trees/tree-high.glb,1,tree_trunk,nature_or_resource,"tree high (nature_or_resource); 1.023m x 2.9728m x 1.023m. Dominant colors: mixed, green.","{""x"":1.023,""y"":2.9728,""z"":1.023}","{""x"":1.023,""y"":2.9728,""z"":1.023}","{""x"":1.023,""y"":2.9728,""z"":1.023}","[{""name"":""colormap"",""hex"":""#ffffff""}]","[{""hex"":""#80ffe0"",""pixels"":2885},{""hex"":""#ffe0a0"",""pixels"":416},{""hex"":""#ffe0c0"",""pixels"":283},{""hex"":""#80ffc0"",""pixels"":212},{""hex"":""#a0ffff"",""pixels"":135},{""hex"":""#80ffff"",""pixels"":111},{""hex"":""#c0ffe0"",""pixels"":53},{""hex"":""#a0ffe0"",""pixels"":51}]",[],[]
tree_crooked,gltf,glb/environment/trees/tree-crooked.glb,1,tree_trunk,nature_or_resource,"tree crooked (nature_or_resource); 1.023m x 2.4126m x 1.023m. Dominant colors: mixed, green.","{""x"":1.023,""y"":2.4126,""z"":1.023}","{""x"":1.023,""y"":2.4126,""z"":1.023}","{""x"":1.023,""y"":2.4126,""z"":1.023}","[{""name"":""colormap"",""hex"":""#ffffff""}]","[{""hex"":""#80ffe0"",""pixels"":4632},{""hex"":""#80ffc0"",""pixels"":338},{""hex"":""#ffffc0"",""pixels"":293},{""hex"":""#ffe0c0"",""pixels"":130},{""hex"":""#80ffff"",""pixels"":107},{""hex"":""#a0ffe0"",""pixels"":67},{""hex"":""#c0ffe0"",""pixels"":55},{""hex"":""#a0ffff"",""pixels"":52}]",[],[]
tree_high_crooked,gltf,glb/environment/trees/tree-high-crooked.glb,1,tree_trunk,nature_or_resource,"tree high crooked (nature_or_resource); 1.023m x 2.9726m x 1.023m. Dominant colors: mixed, green.","{""x"":1.023,""y"":2.9726,""z"":1.023}","{""x"":1.023,""y"":2.9726,""z"":1.023}","{""x"":1.023,""y"":2.9726,""z"":1.023}","[{""name"":""colormap"",""hex"":""#ffffff""}]","[{""hex"":""#80ffe0"",""pixels"":3028},{""hex"":""#ffffc0"",""pixels"":312},{""hex"":""#80ffc0"",""pixels"":220},{""hex"":""#ffe0c0"",""pixels"":212},{""hex"":""#ffe0a0"",""pixels"":182},{""hex"":""#80ffff"",""pixels"":71},{""hex"":""#a0ffe0"",""pixels"":59},{""hex"":""#c0ffe0"",""pixels"":49}]",[],[]
tree_high_round,gltf,glb/environment/trees/tree-high-round.glb,1,tree_trunk,nature_or_resource,"tree high round (nature_or_resource); 1.0186m x 2.7506m x 1.0186m. Dominant colors: mixed, green.","{""x"":1.0186,""y"":2.7506,""z"":1.0186}","{""x"":1.0186,""y"":2.7506,""z"":1.0186}","{""x"":1.0186,""y"":2.7506,""z"":1.0186}","[{""name"":""colormap"",""hex"":""#ffffff""}]","[{""hex"":""#80ffe0"",""pixels"":2552},{""hex"":""#a0ffff"",""pixels"":862},{""hex"":""#60ffc0"",""pixels"":836},{""hex"":""#80ffc0"",""pixels"":540},{""hex"":""#ffffc0"",""pixels"":375},{""hex"":""#ffe0c0"",""pixels"":281},{""hex"":""#ffe0a0"",""pixels"":211},{""hex"":""#a0ffe0"",""pixels"":144}]",[],[]
forest_tree_1a,gltf,gltf/kaykit/forest_nature/Tree_1_A_Color1.gltf,1,tree_trunk,nature_or_resource,"forest tree 1a (nature_or_resource); 3.181m x 4.1607m x 3.2511m. Dominant colors: green, mixed, orange/gold.","{""x"":3.181,""y"":4.1607,""z"":3.2511}","{""x"":3.181,""y"":4.1607,""z"":3.2511}","{""x"":3.181,""y"":4.1607,""z"":3.2511}","[{""name"":""forest"",""hex"":""#ffffff""}]","[{""hex"":""#a0ff80"",""pixels"":2135},{""hex"":""#c0ff80"",""pixels"":1855},{""hex"":""#80ff80"",""pixels"":1446},{""hex"":""#c0ffa0"",""pixels"":999},{""hex"":""#e0ff80"",""pixels"":971},{""hex"":""#ffc060"",""pixels"":795},{""hex"":""#ffa060"",""pixels"":746},{""hex"":""#60e060"",""pixels"":742}]",[],[]
forest_tree_1b,gltf,gltf/kaykit/forest_nature/Tree_1_B_Color1.gltf,1,tree_trunk,nature_or_resource,"forest tree 1b (nature_or_resource); 4.0068m x 4.9296m x 3.4455m. Dominant colors: green, mixed.","{""x"":4.0068,""y"":4.9296,""z"":3.4455}","{""x"":4.0068,""y"":4.9296,""z"":3.4455}","{""x"":4.0068,""y"":4.9296,""z"":3.4455}","[{""name"":""forest"",""hex"":""#ffffff""}]","[{""hex"":""#a0ff80"",""pixels"":2069},{""hex"":""#c0ff80"",""pixels"":1560},{""hex"":""#80ff80"",""pixels"":1311},{""hex"":""#e0ff80"",""pixels"":1147},{""hex"":""#c0ffa0"",""pixels"":950},{""hex"":""#60e060"",""pixels"":726},{""hex"":""#ffc060"",""pixels"":688},{""hex"":""#ffa060"",""pixels"":611}]",[],[]
forest_tree_2a,gltf,gltf/kaykit/forest_nature/Tree_2_A_Color1.gltf,1,tree_trunk,nature_or_resource,"forest tree 2a (nature_or_resource); 2.6m x 4.6748m x 2m. Dominant colors: green, mixed.","{""x"":2.6,""y"":4.6748,""z"":2}","{""x"":2.6,""y"":4.6748,""z"":2}","{""x"":2.6,""y"":4.6748,""z"":2}","[{""name"":""forest"",""hex"":""#ffffff""}]","[{""hex"":""#60e060"",""pixels"":1009},{""hex"":""#c0ff80"",""pixels"":953},{""hex"":""#a0ff80"",""pixels"":907},{""hex"":""#e0ff80"",""pixels"":890},{""hex"":""#80ff60"",""pixels"":820},{""hex"":""#e0ffa0"",""pixels"":743},{""hex"":""#80ff80"",""pixels"":484},{""hex"":""#ff8060"",""pixels"":446}]",[],[]
forest_tree_2d,gltf,gltf/kaykit/forest_nature/Tree_2_D_Color1.gltf,1,tree_trunk,nature_or_resource,"forest tree 2d (nature_or_resource); 4.7396m x 8.0876m x 4.0344m. Dominant colors: green, mixed.","{""x"":4.7396,""y"":8.0876,""z"":4.0344}","{""x"":4.7396,""y"":8.0876,""z"":4.0344}","{""x"":4.7396,""y"":8.0876,""z"":4.0344}","[{""name"":""forest"",""hex"":""#ffffff""}]","[{""hex"":""#c0ff80"",""pixels"":1628},{""hex"":""#a0ff80"",""pixels"":1621},{""hex"":""#80ff80"",""pixels"":804},{""hex"":""#e0ff80"",""pixels"":757},{""hex"":""#60e060"",""pixels"":516},{""hex"":""#80ff60"",""pixels"":423},{""hex"":""#e0ffa0"",""pixels"":333},{""hex"":""#c0ffa0"",""pixels"":273}]",[],"[""resource/voxel prop is large; verify intended world scale""]"
forest_tree_3b,gltf,gltf/kaykit/forest_nature/Tree_3_B_Color1.gltf,1,tree_trunk,nature_or_resource,"forest tree 3b (nature_or_resource); 4.1294m x 4.3529m x 4.1294m. Dominant colors: green, mixed.","{""x"":4.1294,""y"":4.3529,""z"":4.1294}","{""x"":4.1294,""y"":4.3529,""z"":4.1294}","{""x"":4.1294,""y"":4.3529,""z"":4.1294}","[{""name"":""forest"",""hex"":""#ffffff""}]","[{""hex"":""#c0ff80"",""pixels"":4026},{""hex"":""#e0ff80"",""pixels"":2158},{""hex"":""#a0ff80"",""pixels"":1674},{""hex"":""#ffffa0"",""pixels"":1051},{""hex"":""#80ff80"",""pixels"":800},{""hex"":""#c0ffa0"",""pixels"":753},{""hex"":""#e0ffa0"",""pixels"":730},{""hex"":""#ffa060"",""pixels"":721}]",[],[]
forest_tree_4c,gltf,gltf/kaykit/forest_nature/Tree_4_C_Color1.gltf,1,tree_trunk,nature_or_resource,"forest tree 4c (nature_or_resource); 3.7352m x 10.774m x 2.8691m. Dominant colors: green, orange/gold.","{""x"":3.7352,""y"":10.774,""z"":2.8691}","{""x"":3.7352,""y"":10.774,""z"":2.8691}","{""x"":3.7352,""y"":10.774,""z"":2.8691}","[{""name"":""forest"",""hex"":""#ffffff""}]","[{""hex"":""#80ff80"",""pixels"":765},{""hex"":""#60ff80"",""pixels"":538},{""hex"":""#a0ff80"",""pixels"":467},{""hex"":""#60e060"",""pixels"":277},{""hex"":""#c0ff80"",""pixels"":269},{""hex"":""#ffa060"",""pixels"":175},{""hex"":""#ff8060"",""pixels"":158},{""hex"":""#80ff60"",""pixels"":110}]",[],"[""resource/voxel prop is large; verify intended world scale"",""large bounds for non-architecture object""]"
forest_tree_bare_1a,gltf,gltf/kaykit/forest_nature/Tree_Bare_1_A_Color1.gltf,1,tree_trunk,nature_or_resource,"forest tree bare 1a (nature_or_resource); 1.1286m x 2.8569m x 1.0341m. Dominant colors: orange/gold, mixed.","{""x"":1.1286,""y"":2.8569,""z"":1.0341}","{""x"":1.1286,""y"":2.8569,""z"":1.0341}","{""x"":1.1286,""y"":2.8569,""z"":1.0341}","[{""name"":""forest"",""hex"":""#ffffff""}]","[{""hex"":""#ffc060"",""pixels"":1890},{""hex"":""#ffa060"",""pixels"":1644},{""hex"":""#ffc080"",""pixels"":579},{""hex"":""#ffe080"",""pixels"":570},{""hex"":""#ff8060"",""pixels"":263},{""hex"":""#ff8040"",""pixels"":155},{""hex"":""#ffc0a0"",""pixels"":125},{""hex"":""#ffe0c0"",""pixels"":89}]",[],[]
forest_tree_bare_2b,gltf,gltf/kaykit/forest_nature/Tree_Bare_2_B_Color1.gltf,1,tree_trunk,nature_or_resource,"forest tree bare 2b (nature_or_resource); 1.7878m x 5.5417m x 0.6639m. Dominant colors: orange/gold, mixed.","{""x"":1.7878,""y"":5.5417,""z"":0.6639}","{""x"":1.7878,""y"":5.5417,""z"":0.6639}","{""x"":1.7878,""y"":5.5417,""z"":0.6639}","[{""name"":""forest"",""hex"":""#ffffff""}]","[{""hex"":""#ffa060"",""pixels"":590},{""hex"":""#ffc060"",""pixels"":378},{""hex"":""#ff8060"",""pixels"":240},{""hex"":""#ffe0c0"",""pixels"":101},{""hex"":""#ffc0a0"",""pixels"":92},{""hex"":""#ffc080"",""pixels"":83},{""hex"":""#ffa080"",""pixels"":50},{""hex"":""#ff8040"",""pixels"":39}]",[],"[""resource/voxel prop is large; verify intended world scale""]"
forest_bush_1a,gltf,gltf/kaykit/forest_nature/Bush_1_A_Color1.gltf,1,soft_barrier,nature_or_resource,"forest bush 1a (nature_or_resource); 0.2672m x 0.2267m x 0.2341m. Dominant colors: green, mixed.","{""x"":0.2672,""y"":0.2267,""z"":0.2341}","{""x"":0.2672,""y"":0.2267,""z"":0.2341}","{""x"":0.2672,""y"":0.2267,""z"":0.2341}","[{""name"":""forest"",""hex"":""#ffffff""}]","[{""hex"":""#a0ff80"",""pixels"":4276},{""hex"":""#c0ff80"",""pixels"":3615},{""hex"":""#80ff80"",""pixels"":2514},{""hex"":""#60e060"",""pixels"":2236},{""hex"":""#80ff60"",""pixels"":1482},{""hex"":""#e0ff80"",""pixels"":1436},{""hex"":""#e0ffa0"",""pixels"":1294},{""hex"":""#c0ffa0"",""pixels"":1212}]",[],[]
forest_bush_1d,gltf,gltf/kaykit/forest_nature/Bush_1_D_Color1.gltf,1,soft_barrier,nature_or_resource,"forest bush 1d (nature_or_resource); 1.5669m x 0.9937m x 1.5669m. Dominant colors: green, mixed.","{""x"":1.5669,""y"":0.9937,""z"":1.5669}","{""x"":1.5669,""y"":0.9937,""z"":1.5669}","{""x"":1.5669,""y"":0.9937,""z"":1.5669}","[{""name"":""forest"",""hex"":""#ffffff""}]","[{""hex"":""#a0ff80"",""pixels"":3199},{""hex"":""#c0ff80"",""pixels"":2563},{""hex"":""#e0ff80"",""pixels"":2156},{""hex"":""#80ff80"",""pixels"":1884},{""hex"":""#e0ffa0"",""pixels"":1226},{""hex"":""#c0ffa0"",""pixels"":1207},{""hex"":""#60e060"",""pixels"":1176},{""hex"":""#80ff60"",""pixels"":900}]",[],[]
forest_bush_2b,gltf,gltf/kaykit/forest_nature/Bush_2_B_Color1.gltf,1,soft_barrier,nature_or_resource,"forest bush 2b (nature_or_resource); 0.858m x 0.858m x 0.858m. Dominant colors: green, mixed.","{""x"":0.858,""y"":0.858,""z"":0.858}","{""x"":0.858,""y"":0.858,""z"":0.858}","{""x"":0.858,""y"":0.858,""z"":0.858}","[{""name"":""forest"",""hex"":""#ffffff""}]","[{""hex"":""#c0ff80"",""pixels"":5914},{""hex"":""#a0ff80"",""pixels"":5490},{""hex"":""#60e060"",""pixels"":4766},{""hex"":""#80ff60"",""pixels"":4055},{""hex"":""#e0ff80"",""pixels"":3904},{""hex"":""#e0ffa0"",""pixels"":3145},{""hex"":""#80ff80"",""pixels"":2832},{""hex"":""#ffffc0"",""pixels"":2370}]",[],[]
forest_bush_3c,gltf,gltf/kaykit/forest_nature/Bush_3_C_Color1.gltf,1,soft_barrier,nature_or_resource,"forest bush 3c (nature_or_resource); 2.49m x 1.1507m x 2.49m. Dominant colors: green, mixed.","{""x"":2.49,""y"":1.1507,""z"":2.49}","{""x"":2.49,""y"":1.1507,""z"":2.49}","{""x"":2.49,""y"":1.1507,""z"":2.49}","[{""name"":""forest"",""hex"":""#ffffff""}]","[{""hex"":""#c0ff80"",""pixels"":3778},{""hex"":""#e0ff80"",""pixels"":2604},{""hex"":""#a0ff80"",""pixels"":1979},{""hex"":""#c0ffa0"",""pixels"":1331},{""hex"":""#80ff80"",""pixels"":971},{""hex"":""#ffffa0"",""pixels"":806},{""hex"":""#e0ffa0"",""pixels"":726},{""hex"":""#ffffc0"",""pixels"":517}]",[],[]
forest_bush_4e,gltf,gltf/kaykit/forest_nature/Bush_4_E_Color1.gltf,1,soft_barrier,nature_or_resource,"forest bush 4e (nature_or_resource); 2.6963m x 1.302m x 2.2786m. Dominant colors: green, mixed.","{""x"":2.6963,""y"":1.302,""z"":2.2786}","{""x"":2.6963,""y"":1.302,""z"":2.2786}","{""x"":2.6963,""y"":1.302,""z"":2.2786}","[{""name"":""forest"",""hex"":""#ffffff""}]","[{""hex"":""#a0ff80"",""pixels"":2986},{""hex"":""#80ff80"",""pixels"":2525},{""hex"":""#c0ff80"",""pixels"":1787},{""hex"":""#c0ffa0"",""pixels"":1139},{""hex"":""#e0ffa0"",""pixels"":782},{""hex"":""#60ff80"",""pixels"":564},{""hex"":""#e0ff80"",""pixels"":544},{""hex"":""#60e060"",""pixels"":465}]",[],[]
forest_grass_1a,gltf,gltf/kaykit/forest_nature/Grass_1_A_Color1.gltf,1,ground_surface,nature_or_resource,"forest grass 1a (nature_or_resource); 0.3393m x 0.5593m x 0.1518m. Dominant colors: green, mixed.","{""x"":0.3393,""y"":0.5593,""z"":0.1518}","{""x"":0.3393,""y"":0.5593,""z"":0.1518}","{""x"":0.3393,""y"":0.5593,""z"":0.1518}","[{""name"":""forest"",""hex"":""#ffffff""}]","[{""hex"":""#c0ff80"",""pixels"":5324},{""hex"":""#e0ff80"",""pixels"":3698},{""hex"":""#a0ff80"",""pixels"":1450},{""hex"":""#a0ff60"",""pixels"":836},{""hex"":""#c0ff60"",""pixels"":139},{""hex"":""#e0ffc0"",""pixels"":119},{""hex"":""#ffff80"",""pixels"":95},{""hex"":""#e0ffa0"",""pixels"":91}]",[],[]
forest_grass_1c,gltf,gltf/kaykit/forest_nature/Grass_1_C_Color1.gltf,1,ground_surface,nature_or_resource,"forest grass 1c (nature_or_resource); 0.7518m x 0.5834m x 0.7171m. Dominant colors: mixed, green.","{""x"":0.7518,""y"":0.5834,""z"":0.7171}","{""x"":0.7518,""y"":0.5834,""z"":0.7171}","{""x"":0.7518,""y"":0.5834,""z"":0.7171}","[{""name"":""forest"",""hex"":""#ffffff""}]","[{""hex"":""#e0ff80"",""pixels"":6641},{""hex"":""#c0ff80"",""pixels"":6171},{""hex"":""#a0ff60"",""pixels"":2660},{""hex"":""#c0ff60"",""pixels"":1964},{""hex"":""#a0ff80"",""pixels"":1235},{""hex"":""#ffffa0"",""pixels"":926},{""hex"":""#e0ffa0"",""pixels"":697},{""hex"":""#ffff80"",""pixels"":458}]",[],[]
forest_grass_2b,gltf,gltf/kaykit/forest_nature/Grass_2_B_Color1.gltf,1,ground_surface,nature_or_resource,"forest grass 2b (nature_or_resource); 0.4035m x 0.9188m x 0.3974m. Dominant colors: green, mixed.","{""x"":0.4035,""y"":0.9188,""z"":0.3974}","{""x"":0.4035,""y"":0.9188,""z"":0.3974}","{""x"":0.4035,""y"":0.9188,""z"":0.3974}","[{""name"":""forest"",""hex"":""#ffffff""}]","[{""hex"":""#c0ff80"",""pixels"":1923},{""hex"":""#e0ff80"",""pixels"":1351},{""hex"":""#c0ff60"",""pixels"":772},{""hex"":""#a0ff60"",""pixels"":724},{""hex"":""#e0ffa0"",""pixels"":158},{""hex"":""#e0ffc0"",""pixels"":154},{""hex"":""#c0ffa0"",""pixels"":50},{""hex"":""#a0ff80"",""pixels"":23}]",[],[]
forest_grass_2d,gltf,gltf/kaykit/forest_nature/Grass_2_D_Color1.gltf,1,ground_surface,nature_or_resource,"forest grass 2d (nature_or_resource); 1.1045m x 0.9352m x 1.3664m. Dominant colors: green, mixed.","{""x"":1.1045,""y"":0.9352,""z"":1.3664}","{""x"":1.1045,""y"":0.9352,""z"":1.3664}","{""x"":1.1045,""y"":0.9352,""z"":1.3664}","[{""name"":""forest"",""hex"":""#ffffff""}]","[{""hex"":""#c0ff80"",""pixels"":3374},{""hex"":""#e0ff80"",""pixels"":1956},{""hex"":""#a0ff60"",""pixels"":1254},{""hex"":""#c0ff60"",""pixels"":1214},{""hex"":""#e0ffc0"",""pixels"":444},{""hex"":""#a0ff80"",""pixels"":361},{""hex"":""#e0ffa0"",""pixels"":290},{""hex"":""#ffff80"",""pixels"":108}]",[],[]
forest_rock_1a,gltf,gltf/kaykit/forest_nature/Rock_1_A_Color1.gltf,1,solid_resource,nature_or_resource,"forest rock 1a (nature_or_resource); 0.578m x 0.5403m x 0.6078m. Dominant colors: blue, white/light, gray/stone, mixed.","{""x"":0.578,""y"":0.5403,""z"":0.6078}","{""x"":0.578,""y"":0.5403,""z"":0.6078}","{""x"":0.578,""y"":0.5403,""z"":0.6078}","[{""name"":""forest"",""hex"":""#ffffff""}]","[{""hex"":""#c0c0e0"",""pixels"":6927},{""hex"":""#ffffff"",""pixels"":6886},{""hex"":""#c0c0c0"",""pixels"":6381},{""hex"":""#a0c0c0"",""pixels"":6083},{""hex"":""#c0e0e0"",""pixels"":2765},{""hex"":""#e0e0e0"",""pixels"":1937},{""hex"":""#e0e0ff"",""pixels"":735},{""hex"":""#e0ffff"",""pixels"":299}]",[],[]
forest_rock_2c,gltf,gltf/kaykit/forest_nature/Rock_2_C_Color1.gltf,1,solid_resource,nature_or_resource,"forest rock 2c (nature_or_resource); 1.2953m x 1.3262m x 1.2953m. Dominant colors: white/light, mixed, gray/stone, blue.","{""x"":1.2953,""y"":1.3262,""z"":1.2953}","{""x"":1.2953,""y"":1.3262,""z"":1.2953}","{""x"":1.2953,""y"":1.3262,""z"":1.2953}","[{""name"":""forest"",""hex"":""#ffffff""}]","[{""hex"":""#ffffff"",""pixels"":14284},{""hex"":""#e0ffff"",""pixels"":5776},{""hex"":""#c0e0e0"",""pixels"":5591},{""hex"":""#c0c0c0"",""pixels"":3797},{""hex"":""#e0e0e0"",""pixels"":3048},{""hex"":""#c0c0e0"",""pixels"":2675},{""hex"":""#e0e0ff"",""pixels"":2619},{""hex"":""#a0c0c0"",""pixels"":1868}]",[],[]
forest_rock_3f,gltf,gltf/kaykit/forest_nature/Rock_3_F_Color1.gltf,1,solid_resource,nature_or_resource,"forest rock 3f (nature_or_resource); 1.0876m x 1.1755m x 1.1883m. Dominant colors: mixed, gray/stone, white/light.","{""x"":1.0876,""y"":1.1755,""z"":1.1883}","{""x"":1.0876,""y"":1.1755,""z"":1.1883}","{""x"":1.0876,""y"":1.1755,""z"":1.1883}","[{""name"":""forest"",""hex"":""#ffffff""}]","[{""hex"":""#c0e0e0"",""pixels"":5195},{""hex"":""#c0c0c0"",""pixels"":4023},{""hex"":""#e0e0e0"",""pixels"":2553},{""hex"":""#a0c0c0"",""pixels"":2501},{""hex"":""#e0e0ff"",""pixels"":2159},{""hex"":""#e0ffff"",""pixels"":1848},{""hex"":""#c0c0e0"",""pixels"":1713},{""hex"":""#a0a0c0"",""pixels"":769}]",[],[]
mine_stone_01,gltf,glb/environment/mines/kyrises_voxel_mines/stone-01.glb,0.9,solid_resource,nature_or_resource,mine stone 01 (nature_or_resource); 7.2m x 4.5m x 6.3m. Dominant colors: white/light.,"{""x"":8,""y"":5,""z"":7}","{""x"":7.2,""y"":4.5,""z"":6.3}","{""x"":7.2,""y"":4.5,""z"":6.3}","[{""name"":""palette(Clone)"",""hex"":""#ffffff""}]","[{""hex"":""#ffffff"",""pixels"":23868}]",[],"[""resource/voxel prop is large; verify intended world scale""]"
mine_stone_02,gltf,glb/environment/mines/kyrises_voxel_mines/stone-02.glb,0.9,solid_resource,nature_or_resource,"mine stone 02 (nature_or_resource); 6.3m x 3.6m x 2.7m. Dominant colors: blue, white/light, mixed.","{""x"":7,""y"":4,""z"":3}","{""x"":6.3,""y"":3.6,""z"":2.7}","{""x"":6.3,""y"":3.6,""z"":2.7}","[{""name"":""palette(Clone)"",""hex"":""#ffffff""}]","[{""hex"":""#80a0c0"",""pixels"":10268},{""hex"":""#c0e0ff"",""pixels"":3823},{""hex"":""#a0c0e0"",""pixels"":390},{""hex"":""#e0e0e0"",""pixels"":83},{""hex"":""#c0e0e0"",""pixels"":81},{""hex"":""#c0c0e0"",""pixels"":49},{""hex"":""#a0c0c0"",""pixels"":44},{""hex"":""#e0e0ff"",""pixels"":29}]",[],"[""resource/voxel prop is large; verify intended world scale""]"
mine_coal_block,gltf,glb/environment/mines/kyrises_voxel_mines/coal-block.glb,0.9,solid_resource,nature_or_resource,"mine coal block (nature_or_resource); 7.2m x 7.2m x 7.2m. Dominant colors: white/light, gray/stone, mixed.","{""x"":8,""y"":8,""z"":8}","{""x"":7.2,""y"":7.2,""z"":7.2}","{""x"":7.2,""y"":7.2,""z"":7.2}","[{""name"":""palette(Clone)"",""hex"":""#ffffff""}]","[{""hex"":""#ffffff"",""pixels"":39226},{""hex"":""#606060"",""pixels"":5256},{""hex"":""#406060"",""pixels"":4551},{""hex"":""#a0c0c0"",""pixels"":3376},{""hex"":""#e0e0e0"",""pixels"":289},{""hex"":""#a0a0a0"",""pixels"":276},{""hex"":""#808080"",""pixels"":214},{""hex"":""#c0c0c0"",""pixels"":76}]",[],"[""resource/voxel prop is large; verify intended world scale""]"
mine_coal_piece,gltf,glb/environment/mines/kyrises_voxel_mines/coal-piece.glb,0.9,solid_resource,nature_or_resource,"mine coal piece (nature_or_resource); 2.7m x 1.8m x 2.7m. Dominant colors: gray/stone, mixed, blue.","{""x"":3,""y"":2,""z"":3}","{""x"":2.7,""y"":1.8,""z"":2.7}","{""x"":2.7,""y"":1.8,""z"":2.7}","[{""name"":""palette(Clone)"",""hex"":""#ffffff""}]","[{""hex"":""#606060"",""pixels"":13576},{""hex"":""#a0c0c0"",""pixels"":11443},{""hex"":""#406060"",""pixels"":10161},{""hex"":""#a0a0a0"",""pixels"":327},{""hex"":""#808080"",""pixels"":205},{""hex"":""#606080"",""pixels"":204},{""hex"":""#c0c0c0"",""pixels"":159},{""hex"":""#e0e0e0"",""pixels"":60}]",[],[]
mine_silver_stone,gltf,glb/environment/mines/kyrises_voxel_mines/silver-stone.glb,0.9,solid_resource,nature_or_resource,mine silver stone (nature_or_resource); 1.8m x 2.7m x 1.8m. Dominant colors: white/light.,"{""x"":2,""y"":3,""z"":2}","{""x"":1.8,""y"":2.7,""z"":1.8}","{""x"":1.8,""y"":2.7,""z"":1.8}","[{""name"":""palette(Clone)"",""hex"":""#ffffff""}]","[{""hex"":""#ffffff"",""pixels"":26075}]",[],[]
mine_gold_fragment,gltf,glb/environment/mines/kyrises_voxel_mines/gold-fragment.glb,0.9,solid_resource,nature_or_resource,"mine gold fragment (nature_or_resource); 2.7m x 2.7m x 2.7m. Dominant colors: mixed, white/light.","{""x"":3,""y"":3,""z"":3}","{""x"":2.7,""y"":2.7,""z"":2.7}","{""x"":2.7,""y"":2.7,""z"":2.7}","[{""name"":""palette(Clone)"",""hex"":""#ffffff""}]","[{""hex"":""#ffffa0"",""pixels"":12126},{""hex"":""#ffff80"",""pixels"":12090},{""hex"":""#ffffe0"",""pixels"":7035},{""hex"":""#ffffc0"",""pixels"":661}]",[],[]
mine_pickaxe,gltf,glb/environment/mines/kyrises_voxel_mines/pickaxe.glb,0.8,decorative_tiny,tools_or_weapons,"mine pickaxe (tools_or_weapons); 5.6m x 5.6m x 0.8m. Dominant colors: white/light, mixed, gray/stone, blue.","{""x"":7,""y"":7,""z"":1}","{""x"":5.6,""y"":5.6,""z"":0.8}","{""x"":5.6,""y"":5.6,""z"":0.8}","[{""name"":""palette(Clone)"",""hex"":""#ffffff""}]","[{""hex"":""#ffffff"",""pixels"":6980},{""hex"":""#604060"",""pixels"":1522},{""hex"":""#606060"",""pixels"":1207},{""hex"":""#406060"",""pixels"":958},{""hex"":""#80a0c0"",""pixels"":397},{""hex"":""#808080"",""pixels"":221},{""hex"":""#c0e0e0"",""pixels"":20},{""hex"":""#a0a0a0"",""pixels"":9}]",[],"[""decorative_tiny role but larger than expected"",""handheld/tabletop-looking prop appears oversized"",""resource/voxel prop is large; verify intended world scale""]"
minecart,gltf,glb/environment/mines/kyrises_voxel_mines/minecart.glb,0.8,low_cart,nature_or_resource,"minecart (nature_or_resource); 5.6m x 4m x 5.6m. Dominant colors: blue, white/light, mixed, gray/stone.","{""x"":7,""y"":5,""z"":7}","{""x"":5.6,""y"":4,""z"":5.6}","{""x"":5.6,""y"":4,""z"":5.6}","[{""name"":""palette(Clone)"",""hex"":""#ffffff""}]","[{""hex"":""#80a0c0"",""pixels"":12660},{""hex"":""#c0e0ff"",""pixels"":10101},{""hex"":""#ffffff"",""pixels"":5579},{""hex"":""#406060"",""pixels"":1663},{""hex"":""#606060"",""pixels"":781},{""hex"":""#a0c0c0"",""pixels"":514},{""hex"":""#a0c0e0"",""pixels"":199},{""hex"":""#c0e0e0"",""pixels"":126}]",[],[]
hedge,gltf,glb/environment/shrubbery/hedge.glb,0.95,soft_barrier,nature_or_resource,"hedge (nature_or_resource); 0.2375m x 0.2375m x 0.95m. Dominant colors: white/light, mixed, green.","{""x"":0.25,""y"":0.25,""z"":1}","{""x"":0.2375,""y"":0.2375,""z"":0.95}","{""x"":0.2375,""y"":0.2375,""z"":0.95}","[{""name"":""colormap"",""hex"":""#ffffff""}]","[{""hex"":""#ffffff"",""pixels"":2699},{""hex"":""#80ffe0"",""pixels"":1734},{""hex"":""#a0ffff"",""pixels"":1409},{""hex"":""#60ffc0"",""pixels"":534},{""hex"":""#e0ffff"",""pixels"":291},{""hex"":""#80ffc0"",""pixels"":271},{""hex"":""#e0e0ff"",""pixels"":258},{""hex"":""#a0ffe0"",""pixels"":208}]",[],[]
hedge_large,gltf,glb/environment/shrubbery/hedge-large.glb,0.95,soft_barrier,nature_or_resource,"hedge large (nature_or_resource); 0.38m x 0.57m x 0.95m. Dominant colors: white/light, mixed, green.","{""x"":0.4,""y"":0.6,""z"":1}","{""x"":0.38,""y"":0.57,""z"":0.95}","{""x"":0.38,""y"":0.57,""z"":0.95}","[{""name"":""colormap"",""hex"":""#ffffff""}]","[{""hex"":""#ffffff"",""pixels"":5718},{""hex"":""#a0ffff"",""pixels"":3940},{""hex"":""#80ffe0"",""pixels"":3169},{""hex"":""#60ffc0"",""pixels"":1803},{""hex"":""#80ffc0"",""pixels"":1665},{""hex"":""#60e0c0"",""pixels"":631},{""hex"":""#a0ffe0"",""pixels"":566},{""hex"":""#e0e0ff"",""pixels"":491}]",[],[]
fence,gltf,glb/environment/fences/fence.glb,0.95,thin_barrier,decor_or_misc,"fence (decor_or_misc); 0.0712m x 0.361m x 0.95m. Dominant colors: mixed, white/light, orange/gold.","{""x"":0.075,""y"":0.38,""z"":1}","{""x"":0.0712,""y"":0.361,""z"":0.95}","{""x"":0.0713,""y"":0.361,""z"":0.95}","[{""name"":""colormap"",""hex"":""#ffffff""}]","[{""hex"":""#ffe0a0"",""pixels"":2787},{""hex"":""#ffe0c0"",""pixels"":1423},{""hex"":""#ffffc0"",""pixels"":1009},{""hex"":""#ffffe0"",""pixels"":257},{""hex"":""#ffc0a0"",""pixels"":89},{""hex"":""#ffe0e0"",""pixels"":40}]",[],[]
fence_gate,gltf,glb/environment/fences/fence-gate.glb,0.95,thin_barrier,architecture,"fence gate (architecture); 0.0712m x 0.361m x 0.95m. Dominant colors: mixed, orange/gold, white/light.","{""x"":0.075,""y"":0.38,""z"":1}","{""x"":0.0712,""y"":0.361,""z"":0.95}","{""x"":0.0713,""y"":0.361,""z"":0.95}","[{""name"":""colormap"",""hex"":""#ffffff""}]","[{""hex"":""#ffe0a0"",""pixels"":3039},{""hex"":""#ffe0c0"",""pixels"":1623},{""hex"":""#ffffc0"",""pixels"":799},{""hex"":""#ffc0a0"",""pixels"":669},{""hex"":""#ffffe0"",""pixels"":455},{""hex"":""#ffa080"",""pixels"":329},{""hex"":""#c08060"",""pixels"":243},{""hex"":""#e0a080"",""pixels"":219}]",[],[]
fence_broken,gltf,glb/environment/fences/fence-broken.glb,0.95,thin_barrier,decor_or_misc,"fence broken (decor_or_misc); 0.242m x 0.361m x 0.95m. Dominant colors: mixed, orange/gold, white/light.","{""x"":0.2547,""y"":0.38,""z"":1}","{""x"":0.242,""y"":0.361,""z"":0.95}","{""x"":0.242,""y"":0.361,""z"":0.95}","[{""name"":""colormap"",""hex"":""#ffffff""}]","[{""hex"":""#ffe0a0"",""pixels"":2212},{""hex"":""#ffe0c0"",""pixels"":1049},{""hex"":""#ffffc0"",""pixels"":934},{""hex"":""#ffc0a0"",""pixels"":250},{""hex"":""#ffffe0"",""pixels"":191},{""hex"":""#ffe0e0"",""pixels"":73},{""hex"":""#ffc080"",""pixels"":10}]",[],[]
road,gltf,glb/environment/roads/road.glb,1,ground_surface,decor_or_misc,road (decor_or_misc); 1m x 0.025m x 1m. Dominant colors: white/light.,"{""x"":1,""y"":0.025,""z"":1}","{""x"":1,""y"":0.025,""z"":1}","{""x"":1,""y"":0.025,""z"":1}","[{""name"":""colormap"",""hex"":""#ffffff""}]","[{""hex"":""#ffffff"",""pixels"":14985}]",[],[]
rock_small,gltf,glb/environment/rocks/rock-small.glb,0.8,solid_resource,nature_or_resource,rock small (nature_or_resource); 0.7986m x 0.816m x 1.061m. Dominant colors: white/light.,"{""x"":0.9983,""y"":1.02,""z"":1.3263}","{""x"":0.7986,""y"":0.816,""z"":1.061}","{""x"":0.7986,""y"":0.816,""z"":1.061}","[{""name"":""colormap"",""hex"":""#ffffff""}]","[{""hex"":""#ffffff"",""pixels"":14008},{""hex"":""#e0e0ff"",""pixels"":356},{""hex"":""#e0ffff"",""pixels"":297}]",[],[]
rock_wide,gltf,glb/environment/rocks/rock-wide.glb,0.8,solid_resource,nature_or_resource,rock wide (nature_or_resource); 0.8748m x 0.816m x 1.2539m. Dominant colors: white/light.,"{""x"":1.0935,""y"":1.02,""z"":1.5674}","{""x"":0.8748,""y"":0.816,""z"":1.2539}","{""x"":0.8748,""y"":0.816,""z"":1.2539}","[{""name"":""colormap"",""hex"":""#ffffff""}]","[{""hex"":""#ffffff"",""pixels"":13543},{""hex"":""#e0ffff"",""pixels"":487},{""hex"":""#e0e0ff"",""pixels"":3},{""hex"":""#e0e0e0"",""pixels"":1}]",[],[]
food_apple,fbx,fbx/props/food/quaternius_ultimate_food/Apple.fbx,0.006,decorative_tiny,food_or_tabletop,"food apple (food_or_tabletop); 0.4815m x 0.511m x 0.4792m. Dominant colors: red/brown, white/light, mixed, gray/stone.","{""x"":80.2452,""y"":85.1739,""z"":79.8705}","{""x"":0.4815,""y"":0.511,""z"":0.4792}","{""x"":0.4815,""y"":0.511,""z"":0.4792}","[{""name"":""DarkRed"",""hex"":""#220705""},{""name"":""DarkBrown"",""hex"":""#28120c""},{""name"":""DarkGreen"",""hex"":""#080f07""}]","[{""hex"":""#402000"",""pixels"":3641},{""hex"":""#402020"",""pixels"":2368},{""hex"":""#ffffff"",""pixels"":2163},{""hex"":""#c0a0a0"",""pixels"":1881},{""hex"":""#c0c0c0"",""pixels"":1840},{""hex"":""#404020"",""pixels"":1443},{""hex"":""#806060"",""pixels"":906},{""hex"":""#606060"",""pixels"":814}]",[],[]
food_green_apple,fbx,fbx/props/food/quaternius_ultimate_food/Apple_Green.fbx,0.006,decorative_tiny,food_or_tabletop,"food green apple (food_or_tabletop); 0.4815m x 0.511m x 0.4792m. Dominant colors: green, white/light, mixed.","{""x"":80.2452,""y"":85.1739,""z"":79.8705}","{""x"":0.4815,""y"":0.511,""z"":0.4792}","{""x"":0.4815,""y"":0.511,""z"":0.4792}","[{""name"":""PaleGreen"",""hex"":""#3b5b26""},{""name"":""DarkBrown"",""hex"":""#28120c""},{""name"":""DarkGreen"",""hex"":""#080f07""}]","[{""hex"":""#60a040"",""pixels"":3765},{""hex"":""#608040"",""pixels"":2734},{""hex"":""#ffffff"",""pixels"":2713},{""hex"":""#c0e0c0"",""pixels"":2209},{""hex"":""#a0c080"",""pixels"":1536},{""hex"":""#404020"",""pixels"":890},{""hex"":""#c0ffc0"",""pixels"":880},{""hex"":""#e0ffe0"",""pixels"":877}]",[],[]
food_carrot,fbx,fbx/props/food/quaternius_ultimate_food/Carrot.fbx,0.0035,decorative_tiny,food_or_tabletop,"food carrot (food_or_tabletop); 0.3314m x 0.9725m x 0.3261m. Dominant colors: black/dark, white/light, gray/stone, red/brown.","{""x"":94.6727,""y"":277.8546,""z"":93.1622}","{""x"":0.3314,""y"":0.9725,""z"":0.3261}","{""x"":0.3314,""y"":0.9725,""z"":0.3261}","[{""name"":""Orange"",""hex"":""#75280c""},{""name"":""DarkGreen"",""hex"":""#080f07""}]","[{""hex"":""#202020"",""pixels"":742},{""hex"":""#ffffff"",""pixels"":552},{""hex"":""#404040"",""pixels"":438},{""hex"":""#c04020"",""pixels"":301},{""hex"":""#c0c0c0"",""pixels"":227},{""hex"":""#606060"",""pixels"":210},{""hex"":""#e06060"",""pixels"":194},{""hex"":""#808080"",""pixels"":184}]",[],[]
food_fish,fbx,fbx/props/food/quaternius_ultimate_food/Fish.fbx,0.004,decorative_or_unknown,food_or_tabletop,"food fish (food_or_tabletop); 1.2809m x 0.1212m x 0.4236m. Dominant colors: white/light, mixed.","{""x"":320.2348,""y"":30.2961,""z"":105.9081}","{""x"":1.2809,""y"":0.1212,""z"":0.4236}","{""x"":1.2809,""y"":0.1212,""z"":0.4236}","[{""name"":""Bottom"",""hex"":""#afccba""},{""name"":""Top"",""hex"":""#cc5b3d""},{""name"":""Fins"",""hex"":""#cca766""}]","[{""hex"":""#ffffff"",""pixels"":2130},{""hex"":""#ffffe0"",""pixels"":498},{""hex"":""#ffe0c0"",""pixels"":137},{""hex"":""#ffffc0"",""pixels"":62},{""hex"":""#ffe0e0"",""pixels"":5},{""hex"":""#ffffa0"",""pixels"":1}]",[],[]
food_fishbone,fbx,fbx/props/food/quaternius_ultimate_food/FishBone.fbx,0.004,decorative_tiny,food_or_tabletop,"food fishbone (food_or_tabletop); 0.7819m x 0.133m x 0.3318m. Dominant colors: mixed, white/light.","{""x"":195.484,""y"":33.2427,""z"":82.9609}","{""x"":0.7819,""y"":0.133,""z"":0.3318}","{""x"":0.7819,""y"":0.133,""z"":0.3318}","[{""name"":""Beige"",""hex"":""#574c36""}]","[{""hex"":""#c0c0a0"",""pixels"":1580},{""hex"":""#808060"",""pixels"":394},{""hex"":""#a08060"",""pixels"":369},{""hex"":""#e0e0c0"",""pixels"":361},{""hex"":""#a0a080"",""pixels"":177},{""hex"":""#ffffff"",""pixels"":170},{""hex"":""#c0a080"",""pixels"":111},{""hex"":""#e0e0e0"",""pixels"":80}]",[],[]
food_mushroom,fbx,fbx/props/food/quaternius_ultimate_food/Mushroom.fbx,0.018,decorative_or_unknown,food_or_tabletop,"food mushroom (food_or_tabletop); 0.6445m x 0.7374m x 0.7442m. Dominant colors: red/brown, mixed, white/light.","{""x"":35.8057,""y"":40.964,""z"":41.3449}","{""x"":0.6445,""y"":0.7374,""z"":0.7442}","{""x"":0.6445,""y"":0.7374,""z"":0.7442}","[{""name"":""LightBrown"",""hex"":""#4b3a2d""}]","[{""hex"":""#806060"",""pixels"":4349},{""hex"":""#e0e0c0"",""pixels"":3253},{""hex"":""#ffffff"",""pixels"":2890},{""hex"":""#c0a0a0"",""pixels"":2448},{""hex"":""#ffe0e0"",""pixels"":1938},{""hex"":""#e0e0e0"",""pixels"":1878},{""hex"":""#a08060"",""pixels"":1235},{""hex"":""#806040"",""pixels"":1224}]",[],[]
mine_gold_block,gltf,glb/environment/mines/kyrises_voxel_mines/gold-block.glb,0.8,solid_resource,nature_or_resource,"mine gold block (nature_or_resource); 6.4m x 6.4m x 6.4m. Dominant colors: white/light, mixed.","{""x"":8,""y"":8,""z"":8}","{""x"":6.4,""y"":6.4,""z"":6.4}","{""x"":6.4,""y"":6.4,""z"":6.4}","[{""name"":""palette(Clone)"",""hex"":""#ffffff""}]","[{""hex"":""#ffffff"",""pixels"":39236},{""hex"":""#ffffa0"",""pixels"":5502},{""hex"":""#ffff80"",""pixels"":4551},{""hex"":""#ffffe0"",""pixels"":3720},{""hex"":""#ffffc0"",""pixels"":291}]",[],"[""resource/voxel prop is large; verify intended world scale""]"
mine_silver_block,gltf,glb/environment/mines/kyrises_voxel_mines/silver-block.glb,0.8,solid_resource,nature_or_resource,mine silver block (nature_or_resource); 6.4m x 6.4m x 6.4m. Dominant colors: white/light.,"{""x"":8,""y"":8,""z"":8}","{""x"":6.4,""y"":6.4,""z"":6.4}","{""x"":6.4,""y"":6.4,""z"":6.4}","[{""name"":""palette(Clone)"",""hex"":""#ffffff""}]","[{""hex"":""#ffffff"",""pixels"":53287}]",[],"[""resource/voxel prop is large; verify intended world scale""]"
mine_diamond_fragment,gltf,glb/environment/mines/kyrises_voxel_mines/diamond-fragment.glb,0.72,solid_resource,nature_or_resource,"mine diamond fragment (nature_or_resource); 2.16m x 1.44m x 2.16m. Dominant colors: blue, mixed.","{""x"":3,""y"":2,""z"":3}","{""x"":2.16,""y"":1.44,""z"":2.16}","{""x"":2.16,""y"":1.44,""z"":2.16}","[{""name"":""palette(Clone)"",""hex"":""#ffffff""}]","[{""hex"":""#60c0ff"",""pixels"":21538},{""hex"":""#c0ffff"",""pixels"":9278},{""hex"":""#a0e0ff"",""pixels"":287},{""hex"":""#80e0ff"",""pixels"":119},{""hex"":""#60e0ff"",""pixels"":102},{""hex"":""#c0e0ff"",""pixels"":86},{""hex"":""#80c0ff"",""pixels"":71},{""hex"":""#e0ffe0"",""pixels"":48}]",[],[]
animal_snake,gltf,gltf/creatures/animal_action_variants/harthmere_animal_rat_gray.gltf,0.68,actor,actor,"animal snake (actor); 0.0971m x 0.0746m x 0.5009m. Dominant colors: white/light, mixed, gray/stone, blue.","{""x"":0.1428,""y"":0.1097,""z"":0.7366}","{""x"":0.0971,""y"":0.0746,""z"":0.5009}","{""x"":0.0971,""y"":0.0746,""z"":0.5009}","[{""name"":""body"",""hex"":""#a6aaad""},{""name"":""head"",""hex"":""#b8bcbf""},{""name"":""accent"",""hex"":""#61696c""},{""name"":""eye"",""hex"":""#272727""}]","[{""hex"":""#ffffff"",""pixels"":1926},{""hex"":""#c0e0e0"",""pixels"":286},{""hex"":""#c0c0c0"",""pixels"":193},{""hex"":""#a0c0c0"",""pixels"":136},{""hex"":""#e0e0e0"",""pixels"":115},{""hex"":""#c0c0e0"",""pixels"":31},{""hex"":""#606060"",""pixels"":28},{""hex"":""#808080"",""pixels"":12}]","[{""name"":""Idle"",""duration"":1},{""name"":""Walk"",""duration"":1},{""name"":""Walking"",""duration"":1},{""name"":""Run"",""duration"":1},{""name"":""Running"",""duration"":1},{""name"":""Flee"",""duration"":1},{""name"":""Attack"",""duration"":1},{""name"":""HeavyAttack"",""duration"":1.2},{""name"":""Bite"",""duration"":1},{""name"":""Claw"",""duration"":1},{""name"":""Kick"",""duration"":1},{""name"":""Charge"",""duration"":1.2},{""name"":""Pounce"",""duration"":1},{""name"":""Peck"",""duration"":1},{""name"":""Scratch"",""duration"":1},{""name"":""TailWhip"",""duration"":1}]",[]
animal_frog,gltf,gltf/creatures/animal_action_variants/harthmere_animal_rabbit_brown.gltf,0.55,actor,actor,"animal frog (actor); 0.1531m x 0.2236m x 0.5163m. Dominant colors: white/light, mixed, orange/gold.","{""x"":0.2784,""y"":0.4066,""z"":0.9388}","{""x"":0.1531,""y"":0.2236,""z"":0.5163}","{""x"":0.1531,""y"":0.2236,""z"":0.5164}","[{""name"":""body"",""hex"":""#ad8965""},{""name"":""head"",""hex"":""#bf9b76""},{""name"":""accent"",""hex"":""#695038""},{""name"":""eye"",""hex"":""#272727""}]","[{""hex"":""#ffffe0"",""pixels"":2465},{""hex"":""#ffe0a0"",""pixels"":1581},{""hex"":""#ffffc0"",""pixels"":925},{""hex"":""#c0a060"",""pixels"":595},{""hex"":""#c08060"",""pixels"":285},{""hex"":""#e0a080"",""pixels"":155},{""hex"":""#a08060"",""pixels"":122},{""hex"":""#e0c080"",""pixels"":118}]","[{""name"":""Idle"",""duration"":1},{""name"":""Walk"",""duration"":1},{""name"":""Walking"",""duration"":1},{""name"":""Run"",""duration"":1},{""name"":""Running"",""duration"":1},{""name"":""Flee"",""duration"":1},{""name"":""Attack"",""duration"":1},{""name"":""HeavyAttack"",""duration"":1.2},{""name"":""Bite"",""duration"":1},{""name"":""Claw"",""duration"":1},{""name"":""Kick"",""duration"":1},{""name"":""Charge"",""duration"":1.2},{""name"":""Pounce"",""duration"":1},{""name"":""Peck"",""duration"":1},{""name"":""Scratch"",""duration"":1},{""name"":""TailWhip"",""duration"":1}]",[]
animal_chicken,gltf,gltf/creatures/animal_action_variants/harthmere_animal_chicken_brown.gltf,0.9,actor,actor,"animal chicken (actor); 0.2703m x 0.4549m x 0.3727m. Dominant colors: mixed, white/light, orange/gold.","{""x"":0.3003,""y"":0.5054,""z"":0.4141}","{""x"":0.2703,""y"":0.4549,""z"":0.3727}","{""x"":0.2702,""y"":0.4549,""z"":0.3727}","[{""name"":""body"",""hex"":""#ad8965""},{""name"":""head"",""hex"":""#bf9b76""},{""name"":""accent"",""hex"":""#695038""},{""name"":""eye"",""hex"":""#272727""},{""name"":""cream"",""hex"":""#f6efd7""}]","[{""hex"":""#ffffc0"",""pixels"":5057},{""hex"":""#ffffe0"",""pixels"":2235},{""hex"":""#c0a060"",""pixels"":1713},{""hex"":""#ffe0a0"",""pixels"":1677},{""hex"":""#a08060"",""pixels"":1584},{""hex"":""#c08060"",""pixels"":1063},{""hex"":""#c0a080"",""pixels"":968},{""hex"":""#ffffff"",""pixels"":293}]","[{""name"":""Idle"",""duration"":1},{""name"":""Walk"",""duration"":1},{""name"":""Walking"",""duration"":1},{""name"":""Run"",""duration"":1},{""name"":""Running"",""duration"":1},{""name"":""Flee"",""duration"":1},{""name"":""Attack"",""duration"":1},{""name"":""HeavyAttack"",""duration"":1.2},{""name"":""Bite"",""duration"":1},{""name"":""Claw"",""duration"":1},{""name"":""Kick"",""duration"":1},{""name"":""Charge"",""duration"":1.2},{""name"":""Pounce"",""duration"":1},{""name"":""Peck"",""duration"":1},{""name"":""Scratch"",""duration"":1},{""name"":""TailWhip"",""duration"":1}]",[]
animal_bunny,gltf,gltf/creatures/animal_action_variants/harthmere_animal_rabbit_brown.gltf,0.8,actor,actor,"animal bunny (actor); 0.2227m x 0.3253m x 0.751m. Dominant colors: white/light, mixed, orange/gold.","{""x"":0.2784,""y"":0.4066,""z"":0.9388}","{""x"":0.2227,""y"":0.3253,""z"":0.751}","{""x"":0.2227,""y"":0.3253,""z"":0.7511}","[{""name"":""body"",""hex"":""#ad8965""},{""name"":""head"",""hex"":""#bf9b76""},{""name"":""accent"",""hex"":""#695038""},{""name"":""eye"",""hex"":""#272727""}]","[{""hex"":""#ffffe0"",""pixels"":2465},{""hex"":""#ffe0a0"",""pixels"":1581},{""hex"":""#ffffc0"",""pixels"":925},{""hex"":""#c0a060"",""pixels"":595},{""hex"":""#c08060"",""pixels"":285},{""hex"":""#e0a080"",""pixels"":155},{""hex"":""#a08060"",""pixels"":122},{""hex"":""#e0c080"",""pixels"":118}]","[{""name"":""Idle"",""duration"":1},{""name"":""Walk"",""duration"":1},{""name"":""Walking"",""duration"":1},{""name"":""Run"",""duration"":1},{""name"":""Running"",""duration"":1},{""name"":""Flee"",""duration"":1},{""name"":""Attack"",""duration"":1},{""name"":""HeavyAttack"",""duration"":1.2},{""name"":""Bite"",""duration"":1},{""name"":""Claw"",""duration"":1},{""name"":""Kick"",""duration"":1},{""name"":""Charge"",""duration"":1.2},{""name"":""Pounce"",""duration"":1},{""name"":""Peck"",""duration"":1},{""name"":""Scratch"",""duration"":1},{""name"":""TailWhip"",""duration"":1}]",[]
animal_pigeon,gltf,gltf/creatures/animal_action_variants/harthmere_animal_pigeon_gray.gltf,0.75,actor,actor,"animal pigeon (actor); 0.1781m x 0.2139m x 0.2824m. Dominant colors: white/light, gray/stone, blue, mixed.","{""x"":0.2375,""y"":0.2852,""z"":0.3765}","{""x"":0.1781,""y"":0.2139,""z"":0.2824}","{""x"":0.1782,""y"":0.2139,""z"":0.2824}","[{""name"":""body"",""hex"":""#a6aaad""},{""name"":""head"",""hex"":""#b8bcbf""},{""name"":""accent"",""hex"":""#61696c""},{""name"":""eye"",""hex"":""#272727""},{""name"":""cream"",""hex"":""#f6efd7""}]","[{""hex"":""#ffffff"",""pixels"":8219},{""hex"":""#c0c0c0"",""pixels"":1325},{""hex"":""#a0a0a0"",""pixels"":1299},{""hex"":""#c0c0e0"",""pixels"":1239},{""hex"":""#a0c0c0"",""pixels"":1081},{""hex"":""#e0e0e0"",""pixels"":269},{""hex"":""#c0e0e0"",""pixels"":245},{""hex"":""#606060"",""pixels"":195}]","[{""name"":""Idle"",""duration"":1},{""name"":""Walk"",""duration"":1},{""name"":""Walking"",""duration"":1},{""name"":""Run"",""duration"":1},{""name"":""Running"",""duration"":1},{""name"":""Flee"",""duration"":1},{""name"":""Attack"",""duration"":1},{""name"":""HeavyAttack"",""duration"":1.2},{""name"":""Bite"",""duration"":1},{""name"":""Claw"",""duration"":1},{""name"":""Kick"",""duration"":1},{""name"":""Charge"",""duration"":1.2},{""name"":""Pounce"",""duration"":1},{""name"":""Peck"",""duration"":1},{""name"":""Scratch"",""duration"":1},{""name"":""TailWhip"",""duration"":1}]",[]
animal_cat,gltf,gltf/creatures/animal_action_variants/harthmere_animal_cat_tabby.gltf,0.85,actor,actor,"animal cat (actor); 0.3825m x 0.3794m x 1.5875m. Dominant colors: white/light, mixed.","{""x"":0.45,""y"":0.4463,""z"":1.8677}","{""x"":0.3825,""y"":0.3794,""z"":1.5875}","{""x"":0.3825,""y"":0.3794,""z"":1.5875}","[{""name"":""body"",""hex"":""#ceb390""},{""name"":""head"",""hex"":""#dabf9e""},{""name"":""accent"",""hex"":""#766150""},{""name"":""eye"",""hex"":""#272727""}]","[{""hex"":""#ffffff"",""pixels"":3262},{""hex"":""#e0c0a0"",""pixels"":352},{""hex"":""#c0a080"",""pixels"":232},{""hex"":""#e0e0c0"",""pixels"":95},{""hex"":""#e0c0c0"",""pixels"":44},{""hex"":""#ffe0e0"",""pixels"":29},{""hex"":""#e0e0e0"",""pixels"":23},{""hex"":""#ffffe0"",""pixels"":18}]","[{""name"":""Idle"",""duration"":1},{""name"":""Walk"",""duration"":1},{""name"":""Walking"",""duration"":1},{""name"":""Run"",""duration"":1},{""name"":""Running"",""duration"":1},{""name"":""Flee"",""duration"":1},{""name"":""Attack"",""duration"":1},{""name"":""HeavyAttack"",""duration"":1.2},{""name"":""Bite"",""duration"":1},{""name"":""Claw"",""duration"":1},{""name"":""Kick"",""duration"":1},{""name"":""Charge"",""duration"":1.2},{""name"":""Pounce"",""duration"":1},{""name"":""Peck"",""duration"":1},{""name"":""Scratch"",""duration"":1},{""name"":""TailWhip"",""duration"":1}]",[]
animal_dog,gltf,gltf/creatures/animal_action_variants/harthmere_animal_dog_tan.gltf,0.95,actor,actor,"animal dog (actor); 0.704m x 0.703m x 2.5165m. Dominant colors: white/light, orange/gold, mixed.","{""x"":0.741,""y"":0.74,""z"":2.6489}","{""x"":0.704,""y"":0.703,""z"":2.5165}","{""x"":0.7039,""y"":0.703,""z"":2.5165}","[{""name"":""body"",""hex"":""#dabc95""},{""name"":""head"",""hex"":""#e7ceaa""},{""name"":""accent"",""hex"":""#7c614b""},{""name"":""eye"",""hex"":""#272727""}]","[{""hex"":""#ffffff"",""pixels"":4461},{""hex"":""#e0a080"",""pixels"":251},{""hex"":""#e0c080"",""pixels"":135},{""hex"":""#ffc0a0"",""pixels"":131},{""hex"":""#e0e0c0"",""pixels"":70},{""hex"":""#e0c0a0"",""pixels"":66},{""hex"":""#ffe0c0"",""pixels"":23},{""hex"":""#ffe0e0"",""pixels"":20}]","[{""name"":""Idle"",""duration"":1},{""name"":""Walk"",""duration"":1},{""name"":""Walking"",""duration"":1},{""name"":""Run"",""duration"":1},{""name"":""Running"",""duration"":1},{""name"":""Flee"",""duration"":1},{""name"":""Attack"",""duration"":1},{""name"":""HeavyAttack"",""duration"":1.2},{""name"":""Bite"",""duration"":1},{""name"":""Claw"",""duration"":1},{""name"":""Kick"",""duration"":1},{""name"":""Charge"",""duration"":1.2},{""name"":""Pounce"",""duration"":1},{""name"":""Peck"",""duration"":1},{""name"":""Scratch"",""duration"":1},{""name"":""TailWhip"",""duration"":1}]",[]
animal_pig,gltf,gltf/creatures/animal_action_variants/harthmere_animal_pig_muddy.gltf,0.95,actor,actor,"animal pig (actor); 0.8193m x 0.6512m x 1.6866m. Dominant colors: white/light, orange/gold, mixed.","{""x"":0.8624,""y"":0.6855,""z"":1.7754}","{""x"":0.8193,""y"":0.6512,""z"":1.6866}","{""x"":0.8193,""y"":0.6512,""z"":1.6866}","[{""name"":""body"",""hex"":""#b59581""},{""name"":""head"",""hex"":""#c2a086""},{""name"":""accent"",""hex"":""#765d50""},{""name"":""eye"",""hex"":""#272727""}]","[{""hex"":""#ffffff"",""pixels"":3919},{""hex"":""#ffffe0"",""pixels"":3781},{""hex"":""#e0a0a0"",""pixels"":307},{""hex"":""#c0a080"",""pixels"":251},{""hex"":""#e0c0c0"",""pixels"":126},{""hex"":""#e0c0a0"",""pixels"":96},{""hex"":""#e0e0c0"",""pixels"":63},{""hex"":""#ffe0e0"",""pixels"":33}]","[{""name"":""Idle"",""duration"":1},{""name"":""Walk"",""duration"":1},{""name"":""Walking"",""duration"":1},{""name"":""Run"",""duration"":1},{""name"":""Running"",""duration"":1},{""name"":""Flee"",""duration"":1},{""name"":""Attack"",""duration"":1},{""name"":""HeavyAttack"",""duration"":1.2},{""name"":""Bite"",""duration"":1},{""name"":""Claw"",""duration"":1},{""name"":""Kick"",""duration"":1},{""name"":""Charge"",""duration"":1.2},{""name"":""Pounce"",""duration"":1},{""name"":""Peck"",""duration"":1},{""name"":""Scratch"",""duration"":1},{""name"":""TailWhip"",""duration"":1}]",[]
animal_sheep,gltf,gltf/creatures/animal_action_variants/harthmere_animal_sheep_cream.gltf,0.95,actor,actor,"animal sheep (actor); 0.9574m x 1.0512m x 2.1243m. Dominant colors: white/light, gray/stone.","{""x"":1.0078,""y"":1.1065,""z"":2.2361}","{""x"":0.9574,""y"":1.0512,""z"":2.1243}","{""x"":0.9574,""y"":1.0512,""z"":2.1243}","[{""name"":""body"",""hex"":""#f1ead4""},{""name"":""head"",""hex"":""#ddc8ad""},{""name"":""accent"",""hex"":""#c4b399""},{""name"":""eye"",""hex"":""#272727""},{""name"":""cream"",""hex"":""#f6efd7""}]","[{""hex"":""#ffffff"",""pixels"":10495},{""hex"":""#606060"",""pixels"":30},{""hex"":""#808080"",""pixels"":11},{""hex"":""#e0e0e0"",""pixels"":7},{""hex"":""#a0a0a0"",""pixels"":5},{""hex"":""#c0c0c0"",""pixels"":3}]","[{""name"":""Idle"",""duration"":1},{""name"":""Walk"",""duration"":1},{""name"":""Walking"",""duration"":1},{""name"":""Run"",""duration"":1},{""name"":""Running"",""duration"":1},{""name"":""Flee"",""duration"":1},{""name"":""Attack"",""duration"":1},{""name"":""HeavyAttack"",""duration"":1.2},{""name"":""Bite"",""duration"":1},{""name"":""Claw"",""duration"":1},{""name"":""Kick"",""duration"":1},{""name"":""Charge"",""duration"":1.2},{""name"":""Pounce"",""duration"":1},{""name"":""Peck"",""duration"":1},{""name"":""Scratch"",""duration"":1},{""name"":""TailWhip"",""duration"":1}]",[]
animal_cow,gltf,gltf/creatures/animal_action_variants/harthmere_animal_cow_spotted.gltf,1.05,actor,actor,"animal cow (actor); 1.6301m x 1.8242m x 5.0991m. Dominant colors: white/light, mixed, gray/stone.","{""x"":1.5525,""y"":1.7373,""z"":4.8563}","{""x"":1.6301,""y"":1.8242,""z"":5.0991}","{""x"":1.6301,""y"":1.8242,""z"":5.0991}","[{""name"":""body"",""hex"":""#efeadd""},{""name"":""head"",""hex"":""#f3efe5""},{""name"":""accent"",""hex"":""#615950""},{""name"":""eye"",""hex"":""#272727""},{""name"":""cream"",""hex"":""#f6efd7""}]","[{""hex"":""#ffffff"",""pixels"":5512},{""hex"":""#a0a080"",""pixels"":276},{""hex"":""#c0a0a0"",""pixels"":203},{""hex"":""#c0c0a0"",""pixels"":76},{""hex"":""#c0c0c0"",""pixels"":73},{""hex"":""#e0e0e0"",""pixels"":49},{""hex"":""#e0c0c0"",""pixels"":44},{""hex"":""#a0a0a0"",""pixels"":40}]","[{""name"":""Idle"",""duration"":1},{""name"":""Walk"",""duration"":1},{""name"":""Walking"",""duration"":1},{""name"":""Run"",""duration"":1},{""name"":""Running"",""duration"":1},{""name"":""Flee"",""duration"":1},{""name"":""Attack"",""duration"":1},{""name"":""HeavyAttack"",""duration"":1.2},{""name"":""Bite"",""duration"":1},{""name"":""Claw"",""duration"":1},{""name"":""Kick"",""duration"":1},{""name"":""Charge"",""duration"":1.2},{""name"":""Pounce"",""duration"":1},{""name"":""Peck"",""duration"":1},{""name"":""Scratch"",""duration"":1},{""name"":""TailWhip"",""duration"":1}]",[]
animal_horse,gltf,gltf/creatures/animal_action_variants/harthmere_animal_horse_bay.gltf,1.1,actor,actor,"animal horse (actor); 1.2954m x 2.5137m x 6.2965m. Dominant colors: orange/gold, mixed, red/brown.","{""x"":1.1776,""y"":2.2852,""z"":5.7241}","{""x"":1.2954,""y"":2.5137,""z"":6.2965}","{""x"":1.2954,""y"":2.5137,""z"":6.2965}","[{""name"":""body"",""hex"":""#a67350""},{""name"":""head"",""hex"":""#b17c59""},{""name"":""accent"",""hex"":""#3f3830""},{""name"":""eye"",""hex"":""#272727""}]","[{""hex"":""#ffc080"",""pixels"":1928},{""hex"":""#ffe0c0"",""pixels"":1227},{""hex"":""#ffe0a0"",""pixels"":700},{""hex"":""#806060"",""pixels"":669},{""hex"":""#ffc0a0"",""pixels"":451},{""hex"":""#ffffc0"",""pixels"":180},{""hex"":""#a08080"",""pixels"":172},{""hex"":""#c0a080"",""pixels"":42}]","[{""name"":""Idle"",""duration"":1},{""name"":""Walk"",""duration"":1},{""name"":""Walking"",""duration"":1},{""name"":""Run"",""duration"":1},{""name"":""Running"",""duration"":1},{""name"":""Flee"",""duration"":1},{""name"":""Attack"",""duration"":1},{""name"":""HeavyAttack"",""duration"":1.2},{""name"":""Bite"",""duration"":1},{""name"":""Claw"",""duration"":1},{""name"":""Kick"",""duration"":1},{""name"":""Charge"",""duration"":1.2},{""name"":""Pounce"",""duration"":1},{""name"":""Peck"",""duration"":1},{""name"":""Scratch"",""duration"":1},{""name"":""TailWhip"",""duration"":1}]",[]
animal_deer,gltf,gltf/creatures/animal_action_variants/harthmere_animal_deer_doe.gltf,1,actor,actor,"animal deer (actor); 0.72m x 1.5819m x 3.0587m. Dominant colors: white/light, mixed, gray/stone.","{""x"":0.72,""y"":1.5819,""z"":3.0587}","{""x"":0.72,""y"":1.5819,""z"":3.0587}","{""x"":0.72,""y"":1.5819,""z"":3.0587}","[{""name"":""body"",""hex"":""#c8a276""},{""name"":""head"",""hex"":""#d4b186""},{""name"":""accent"",""hex"":""#f3e5c8""},{""name"":""eye"",""hex"":""#272727""},{""name"":""cream"",""hex"":""#f6efd7""}]","[{""hex"":""#ffffe0"",""pixels"":3204},{""hex"":""#ffffc0"",""pixels"":2700},{""hex"":""#ffffff"",""pixels"":1405},{""hex"":""#606060"",""pixels"":22},{""hex"":""#808080"",""pixels"":6},{""hex"":""#a0a0a0"",""pixels"":4},{""hex"":""#e0e0e0"",""pixels"":3},{""hex"":""#c0c0c0"",""pixels"":2}]","[{""name"":""Idle"",""duration"":1},{""name"":""Walk"",""duration"":1},{""name"":""Walking"",""duration"":1},{""name"":""Run"",""duration"":1},{""name"":""Running"",""duration"":1},{""name"":""Flee"",""duration"":1},{""name"":""Attack"",""duration"":1},{""name"":""HeavyAttack"",""duration"":1.2},{""name"":""Bite"",""duration"":1},{""name"":""Claw"",""duration"":1},{""name"":""Kick"",""duration"":1},{""name"":""Charge"",""duration"":1.2},{""name"":""Pounce"",""duration"":1},{""name"":""Peck"",""duration"":1},{""name"":""Scratch"",""duration"":1},{""name"":""TailWhip"",""duration"":1}]",[]
animal_wolf,gltf,gltf/creatures/animal_action_variants/harthmere_animal_wolf_gray.gltf,1,actor,actor,"animal wolf (actor); 0.903m x 0.9728m x 3.6665m. Dominant colors: white/light, mixed, gray/stone, blue.","{""x"":0.903,""y"":0.9728,""z"":3.6665}","{""x"":0.903,""y"":0.9728,""z"":3.6665}","{""x"":0.903,""y"":0.9728,""z"":3.6665}","[{""name"":""body"",""hex"":""#a6aaad""},{""name"":""head"",""hex"":""#b8bcbf""},{""name"":""accent"",""hex"":""#61696c""},{""name"":""eye"",""hex"":""#272727""}]","[{""hex"":""#ffffff"",""pixels"":3910},{""hex"":""#a0c0c0"",""pixels"":261},{""hex"":""#c0c0c0"",""pixels"":162},{""hex"":""#c0e0e0"",""pixels"":153},{""hex"":""#e0e0e0"",""pixels"":104},{""hex"":""#c0c0e0"",""pixels"":18},{""hex"":""#606060"",""pixels"":12},{""hex"":""#a0a0c0"",""pixels"":6}]","[{""name"":""Idle"",""duration"":1},{""name"":""Walk"",""duration"":1},{""name"":""Walking"",""duration"":1},{""name"":""Run"",""duration"":1},{""name"":""Running"",""duration"":1},{""name"":""Flee"",""duration"":1},{""name"":""Attack"",""duration"":1},{""name"":""HeavyAttack"",""duration"":1.2},{""name"":""Bite"",""duration"":1},{""name"":""Claw"",""duration"":1},{""name"":""Kick"",""duration"":1},{""name"":""Charge"",""duration"":1.2},{""name"":""Pounce"",""duration"":1},{""name"":""Peck"",""duration"":1},{""name"":""Scratch"",""duration"":1},{""name"":""TailWhip"",""duration"":1}]",[]
animal_boar,gltf,gltf/creatures/animal_action_variants/harthmere_animal_boar_brown.gltf,0.98,actor,actor,"animal boar (actor); 1.0055m x 0.8203m x 2.6763m. Dominant colors: white/light, mixed, orange/gold.","{""x"":1.026,""y"":0.837,""z"":2.7309}","{""x"":1.0055,""y"":0.8203,""z"":2.6763}","{""x"":1.0055,""y"":0.8203,""z"":2.6763}","[{""name"":""body"",""hex"":""#ad8965""},{""name"":""head"",""hex"":""#bf9b76""},{""name"":""accent"",""hex"":""#695038""},{""name"":""eye"",""hex"":""#272727""},{""name"":""cream"",""hex"":""#f6efd7""}]","[{""hex"":""#ffffe0"",""pixels"":3407},{""hex"":""#ffe0a0"",""pixels"":1472},{""hex"":""#ffffc0"",""pixels"":901},{""hex"":""#c08060"",""pixels"":162},{""hex"":""#c0a060"",""pixels"":159},{""hex"":""#e0c080"",""pixels"":105},{""hex"":""#ffffff"",""pixels"":59},{""hex"":""#e0c0a0"",""pixels"":55}]","[{""name"":""Idle"",""duration"":1},{""name"":""Walk"",""duration"":1},{""name"":""Walking"",""duration"":1},{""name"":""Run"",""duration"":1},{""name"":""Running"",""duration"":1},{""name"":""Flee"",""duration"":1},{""name"":""Attack"",""duration"":1},{""name"":""HeavyAttack"",""duration"":1.2},{""name"":""Bite"",""duration"":1},{""name"":""Claw"",""duration"":1},{""name"":""Kick"",""duration"":1},{""name"":""Charge"",""duration"":1.2},{""name"":""Pounce"",""duration"":1},{""name"":""Peck"",""duration"":1},{""name"":""Scratch"",""duration"":1},{""name"":""TailWhip"",""duration"":1}]",[]
animal_bear,gltf,gltf/creatures/animal_action_variants/harthmere_animal_bear_black.gltf,1.18,actor,actor,"animal bear (actor); 1.9677m x 1.9931m x 4.7088m. Dominant colors: gray/stone, blue.","{""x"":1.6675,""y"":1.6891,""z"":3.9905}","{""x"":1.9677,""y"":1.9931,""z"":4.7088}","{""x"":1.9676,""y"":1.9932,""z"":4.7087}","[{""name"":""body"",""hex"":""#505055""},{""name"":""head"",""hex"":""#616169""},{""name"":""accent"",""hex"":""#272730""},{""name"":""eye"",""hex"":""#272727""}]","[{""hex"":""#c0c0c0"",""pixels"":3517},{""hex"":""#8080a0"",""pixels"":2498},{""hex"":""#a0a0a0"",""pixels"":925},{""hex"":""#606060"",""pixels"":767},{""hex"":""#c0c0e0"",""pixels"":622},{""hex"":""#a0a0c0"",""pixels"":614},{""hex"":""#808080"",""pixels"":175},{""hex"":""#e0e0e0"",""pixels"":75}]","[{""name"":""Idle"",""duration"":1},{""name"":""Walk"",""duration"":1},{""name"":""Walking"",""duration"":1},{""name"":""Run"",""duration"":1},{""name"":""Running"",""duration"":1},{""name"":""Flee"",""duration"":1},{""name"":""Attack"",""duration"":1},{""name"":""HeavyAttack"",""duration"":1.2},{""name"":""Bite"",""duration"":1},{""name"":""Claw"",""duration"":1},{""name"":""Kick"",""duration"":1},{""name"":""Charge"",""duration"":1.2},{""name"":""Pounce"",""duration"":1},{""name"":""Peck"",""duration"":1},{""name"":""Scratch"",""duration"":1},{""name"":""TailWhip"",""duration"":1}]",[]
animal_fox,gltf,gltf/creatures/animal_action_variants/harthmere_animal_fox_red.gltf,0.85,actor,actor,"animal fox (actor); 0.4712m x 0.5033m x 2.1251m. Dominant colors: mixed, white/light, gray/stone.","{""x"":0.5544,""y"":0.5921,""z"":2.5001}","{""x"":0.4712,""y"":0.5033,""z"":2.1251}","{""x"":0.4712,""y"":0.5033,""z"":2.1251}","[{""name"":""body"",""hex"":""#e59561""},{""name"":""head"",""hex"":""#f3ad6f""},{""name"":""accent"",""hex"":""#f6ecda""},{""name"":""eye"",""hex"":""#272727""}]","[{""hex"":""#ffffc0"",""pixels"":1717},{""hex"":""#ffffa0"",""pixels"":952},{""hex"":""#ffffff"",""pixels"":890},{""hex"":""#ffffe0"",""pixels"":450},{""hex"":""#606060"",""pixels"":15},{""hex"":""#808080"",""pixels"":6},{""hex"":""#e0e0e0"",""pixels"":3},{""hex"":""#c0c0a0"",""pixels"":3}]","[{""name"":""Idle"",""duration"":1},{""name"":""Walk"",""duration"":1},{""name"":""Walking"",""duration"":1},{""name"":""Run"",""duration"":1},{""name"":""Running"",""duration"":1},{""name"":""Flee"",""duration"":1},{""name"":""Attack"",""duration"":1},{""name"":""HeavyAttack"",""duration"":1.2},{""name"":""Bite"",""duration"":1},{""name"":""Claw"",""duration"":1},{""name"":""Kick"",""duration"":1},{""name"":""Charge"",""duration"":1.2},{""name"":""Pounce"",""duration"":1},{""name"":""Peck"",""duration"":1},{""name"":""Scratch"",""duration"":1},{""name"":""TailWhip"",""duration"":1}]",[]
animal_crow,gltf,gltf/creatures/animal_action_variants/harthmere_animal_pigeon_blue.gltf,0.72,actor,actor,"animal crow (actor); 0.171m x 0.2053m x 0.2711m. Dominant colors: white/light, blue, gray/stone.","{""x"":0.2375,""y"":0.2852,""z"":0.3765}","{""x"":0.171,""y"":0.2053,""z"":0.2711}","{""x"":0.171,""y"":0.2053,""z"":0.2711}","[{""name"":""body"",""hex"":""#909eb3""},{""name"":""head"",""hex"":""#a2adc4""},{""name"":""accent"",""hex"":""#596176""},{""name"":""eye"",""hex"":""#272727""},{""name"":""cream"",""hex"":""#f6efd7""}]","[{""hex"":""#ffffff"",""pixels"":8213},{""hex"":""#c0c0e0"",""pixels"":1487},{""hex"":""#80a0c0"",""pixels"":1290},{""hex"":""#a0c0e0"",""pixels"":1260},{""hex"":""#a0a0c0"",""pixels"":1070},{""hex"":""#606060"",""pixels"":195},{""hex"":""#e0e0e0"",""pixels"":141},{""hex"":""#c0e0e0"",""pixels"":138}]","[{""name"":""Idle"",""duration"":1},{""name"":""Walk"",""duration"":1},{""name"":""Walking"",""duration"":1},{""name"":""Run"",""duration"":1},{""name"":""Running"",""duration"":1},{""name"":""Flee"",""duration"":1},{""name"":""Attack"",""duration"":1},{""name"":""HeavyAttack"",""duration"":1.2},{""name"":""Bite"",""duration"":1},{""name"":""Claw"",""duration"":1},{""name"":""Kick"",""duration"":1},{""name"":""Charge"",""duration"":1.2},{""name"":""Pounce"",""duration"":1},{""name"":""Peck"",""duration"":1},{""name"":""Scratch"",""duration"":1},{""name"":""TailWhip"",""duration"":1}]",[]
animal_rat,gltf,gltf/creatures/animal_action_variants/harthmere_animal_rat_gray.gltf,0.65,actor,actor,"animal rat (actor); 0.0928m x 0.0713m x 0.4788m. Dominant colors: white/light, mixed, gray/stone, blue.","{""x"":0.1428,""y"":0.1097,""z"":0.7366}","{""x"":0.0928,""y"":0.0713,""z"":0.4788}","{""x"":0.0928,""y"":0.0713,""z"":0.4788}","[{""name"":""body"",""hex"":""#a6aaad""},{""name"":""head"",""hex"":""#b8bcbf""},{""name"":""accent"",""hex"":""#61696c""},{""name"":""eye"",""hex"":""#272727""}]","[{""hex"":""#ffffff"",""pixels"":1926},{""hex"":""#c0e0e0"",""pixels"":286},{""hex"":""#c0c0c0"",""pixels"":193},{""hex"":""#a0c0c0"",""pixels"":136},{""hex"":""#e0e0e0"",""pixels"":115},{""hex"":""#c0c0e0"",""pixels"":31},{""hex"":""#606060"",""pixels"":28},{""hex"":""#808080"",""pixels"":12}]","[{""name"":""Idle"",""duration"":1},{""name"":""Walk"",""duration"":1},{""name"":""Walking"",""duration"":1},{""name"":""Run"",""duration"":1},{""name"":""Running"",""duration"":1},{""name"":""Flee"",""duration"":1},{""name"":""Attack"",""duration"":1},{""name"":""HeavyAttack"",""duration"":1.2},{""name"":""Bite"",""duration"":1},{""name"":""Claw"",""duration"":1},{""name"":""Kick"",""duration"":1},{""name"":""Charge"",""duration"":1.2},{""name"":""Pounce"",""duration"":1},{""name"":""Peck"",""duration"":1},{""name"":""Scratch"",""duration"":1},{""name"":""TailWhip"",""duration"":1}]",[]
townsperson_guard,gltf,gltf/characters/player_body_variants/harthmere_player_broad_ash.gltf,0.92,actor,actor,"townsperson guard (actor); 1.2021m x 2.5832m x 0.4232m. Dominant colors: white/light, mixed.","{""x"":1.3066,""y"":2.8078,""z"":0.46}","{""x"":1.2021,""y"":2.5832,""z"":0.4232}","{""x"":1.2021,""y"":2.5832,""z"":0.4232}","[{""name"":""outfit_ash"",""hex"":""#86898b""},{""name"":""skin_warm_default"",""hex"":""#dfc5aa""},{""name"":""hair_dark_voxel"",""hex"":""#61503f""},{""name"":""eye_black"",""hex"":""#38383f""},{""name"":""skin_shadow_default"",""hex"":""#bc9e81""}]","[{""hex"":""#e0ffff"",""pixels"":3900},{""hex"":""#ffffff"",""pixels"":2390},{""hex"":""#e0e0e0"",""pixels"":1426},{""hex"":""#ffffe0"",""pixels"":362},{""hex"":""#c0a0a0"",""pixels"":89},{""hex"":""#c0a080"",""pixels"":46},{""hex"":""#a08080"",""pixels"":20},{""hex"":""#e0c0c0"",""pixels"":14}]","[{""name"":""Idle"",""duration"":1},{""name"":""Walk"",""duration"":1},{""name"":""Walking"",""duration"":1},{""name"":""Run"",""duration"":0.6},{""name"":""Running"",""duration"":0.6},{""name"":""RunningBackward"",""duration"":0.6},{""name"":""StrafeLeftWalking"",""duration"":1},{""name"":""StrafeRightWalking"",""duration"":1},{""name"":""StrafeLeftRunning"",""duration"":1},{""name"":""StrafeRightRunning"",""duration"":1},{""name"":""SidestepLeft"",""duration"":1},{""name"":""SidestepRight"",""duration"":1},{""name"":""Sidestep"",""duration"":1},{""name"":""CrouchIdle"",""duration"":1},{""name"":""CrouchWalking"",""duration"":1},{""name"":""Attack"",""duration"":1}]",[]
townsperson_courier,gltf,gltf/characters/player_body_variants/harthmere_player_slim_river.gltf,0.88,actor,actor,"townsperson courier (actor); 0.8224m x 2.5122m x 0.3562m. Dominant colors: mixed, white/light.","{""x"":0.9345,""y"":2.8548,""z"":0.4048}","{""x"":0.8224,""y"":2.5122,""z"":0.3562}","{""x"":0.8224,""y"":2.5122,""z"":0.3562}","[{""name"":""outfit_river"",""hex"":""#6999c2""},{""name"":""skin_warm_default"",""hex"":""#dfc5aa""},{""name"":""hair_dark_voxel"",""hex"":""#61503f""},{""name"":""eye_black"",""hex"":""#38383f""},{""name"":""skin_shadow_default"",""hex"":""#bc9e81""}]","[{""hex"":""#c0ffff"",""pixels"":3949},{""hex"":""#ffffff"",""pixels"":1343},{""hex"":""#e0ffff"",""pixels"":421},{""hex"":""#ffffe0"",""pixels"":237},{""hex"":""#e0ffe0"",""pixels"":56},{""hex"":""#c0a0a0"",""pixels"":50},{""hex"":""#c0a080"",""pixels"":32},{""hex"":""#a08080"",""pixels"":15}]","[{""name"":""Idle"",""duration"":1},{""name"":""Walk"",""duration"":1},{""name"":""Walking"",""duration"":1},{""name"":""Run"",""duration"":0.6},{""name"":""Running"",""duration"":0.6},{""name"":""RunningBackward"",""duration"":0.6},{""name"":""StrafeLeftWalking"",""duration"":1},{""name"":""StrafeRightWalking"",""duration"":1},{""name"":""StrafeLeftRunning"",""duration"":1},{""name"":""StrafeRightRunning"",""duration"":1},{""name"":""SidestepLeft"",""duration"":1},{""name"":""SidestepRight"",""duration"":1},{""name"":""Sidestep"",""duration"":1},{""name"":""CrouchIdle"",""duration"":1},{""name"":""CrouchWalking"",""duration"":1},{""name"":""Attack"",""duration"":1}]",[]
townsperson_dockhand,gltf,gltf/characters/player_body_variants/harthmere_player_stocky_river.gltf,0.9,actor,actor,"townsperson dockhand (actor); 1.1225m x 2.401m x 0.445m. Dominant colors: mixed, white/light.","{""x"":1.2472,""y"":2.6678,""z"":0.4944}","{""x"":1.1225,""y"":2.401,""z"":0.445}","{""x"":1.1225,""y"":2.4011,""z"":0.4449}","[{""name"":""outfit_river"",""hex"":""#6999c2""},{""name"":""skin_warm_default"",""hex"":""#dfc5aa""},{""name"":""hair_dark_voxel"",""hex"":""#61503f""},{""name"":""eye_black"",""hex"":""#38383f""},{""name"":""skin_shadow_default"",""hex"":""#bc9e81""}]","[{""hex"":""#c0ffff"",""pixels"":5478},{""hex"":""#ffffff"",""pixels"":1983},{""hex"":""#e0ffff"",""pixels"":917},{""hex"":""#ffffe0"",""pixels"":422},{""hex"":""#c0a0a0"",""pixels"":115},{""hex"":""#e0ffe0"",""pixels"":85},{""hex"":""#c0a080"",""pixels"":52},{""hex"":""#a08080"",""pixels"":30}]","[{""name"":""Idle"",""duration"":1},{""name"":""Walk"",""duration"":1},{""name"":""Walking"",""duration"":1},{""name"":""Run"",""duration"":0.6},{""name"":""Running"",""duration"":0.6},{""name"":""RunningBackward"",""duration"":0.6},{""name"":""StrafeLeftWalking"",""duration"":1},{""name"":""StrafeRightWalking"",""duration"":1},{""name"":""StrafeLeftRunning"",""duration"":1},{""name"":""StrafeRightRunning"",""duration"":1},{""name"":""SidestepLeft"",""duration"":1},{""name"":""SidestepRight"",""duration"":1},{""name"":""Sidestep"",""duration"":1},{""name"":""CrouchIdle"",""duration"":1},{""name"":""CrouchWalking"",""duration"":1},{""name"":""Attack"",""duration"":1}]",[]
townsperson_mudden,gltf,gltf/characters/player_body_variants/harthmere_player_average_earth.gltf,0.9,actor,actor,"townsperson mudden (actor); 0.9949m x 2.5212m x 0.3974m. Dominant colors: mixed, white/light.","{""x"":1.1054,""y"":2.8013,""z"":0.4416}","{""x"":0.9949,""y"":2.5212,""z"":0.3974}","{""x"":0.9949,""y"":2.5212,""z"":0.3974}","[{""name"":""outfit_earth"",""hex"":""#a88e6c""},{""name"":""skin_warm_default"",""hex"":""#dfc5aa""},{""name"":""hair_dark_voxel"",""hex"":""#61503f""},{""name"":""eye_black"",""hex"":""#38383f""},{""name"":""skin_shadow_default"",""hex"":""#bc9e81""}]","[{""hex"":""#ffffc0"",""pixels"":4770},{""hex"":""#ffffff"",""pixels"":1609},{""hex"":""#ffffe0"",""pixels"":843},{""hex"":""#c0a0a0"",""pixels"":72},{""hex"":""#ffe0e0"",""pixels"":49},{""hex"":""#c0a080"",""pixels"":46},{""hex"":""#a08080"",""pixels"":20},{""hex"":""#e0c0c0"",""pixels"":13}]","[{""name"":""Idle"",""duration"":1},{""name"":""Walk"",""duration"":1},{""name"":""Walking"",""duration"":1},{""name"":""Run"",""duration"":0.6},{""name"":""Running"",""duration"":0.6},{""name"":""RunningBackward"",""duration"":0.6},{""name"":""StrafeLeftWalking"",""duration"":1},{""name"":""StrafeRightWalking"",""duration"":1},{""name"":""StrafeLeftRunning"",""duration"":1},{""name"":""StrafeRightRunning"",""duration"":1},{""name"":""SidestepLeft"",""duration"":1},{""name"":""SidestepRight"",""duration"":1},{""name"":""Sidestep"",""duration"":1},{""name"":""CrouchIdle"",""duration"":1},{""name"":""CrouchWalking"",""duration"":1},{""name"":""Attack"",""duration"":1}]",[]
townsperson_farmer,gltf,gltf/characters/player_body_variants/harthmere_player_average_forest.gltf,0.9,actor,nature_or_resource,"townsperson farmer (nature_or_resource); 0.9949m x 2.5212m x 0.3974m. Dominant colors: mixed, white/light.","{""x"":1.1054,""y"":2.8013,""z"":0.4416}","{""x"":0.9949,""y"":2.5212,""z"":0.3974}","{""x"":0.9949,""y"":2.5212,""z"":0.3974}","[{""name"":""outfit_forest"",""hex"":""#65a27c""},{""name"":""skin_warm_default"",""hex"":""#dfc5aa""},{""name"":""hair_dark_voxel"",""hex"":""#61503f""},{""name"":""eye_black"",""hex"":""#38383f""},{""name"":""skin_shadow_default"",""hex"":""#bc9e81""}]","[{""hex"":""#c0ffe0"",""pixels"":3575},{""hex"":""#ffffff"",""pixels"":1594},{""hex"":""#a0ffe0"",""pixels"":1216},{""hex"":""#e0ffff"",""pixels"":418},{""hex"":""#ffffe0"",""pixels"":314},{""hex"":""#e0ffe0"",""pixels"":139},{""hex"":""#c0a0a0"",""pixels"":72},{""hex"":""#c0a080"",""pixels"":46}]","[{""name"":""Idle"",""duration"":1},{""name"":""Walk"",""duration"":1},{""name"":""Walking"",""duration"":1},{""name"":""Run"",""duration"":0.6},{""name"":""Running"",""duration"":0.6},{""name"":""RunningBackward"",""duration"":0.6},{""name"":""StrafeLeftWalking"",""duration"":1},{""name"":""StrafeRightWalking"",""duration"":1},{""name"":""StrafeLeftRunning"",""duration"":1},{""name"":""StrafeRightRunning"",""duration"":1},{""name"":""SidestepLeft"",""duration"":1},{""name"":""SidestepRight"",""duration"":1},{""name"":""Sidestep"",""duration"":1},{""name"":""CrouchIdle"",""duration"":1},{""name"":""CrouchWalking"",""duration"":1},{""name"":""Attack"",""duration"":1}]",[]
townsperson_clergy,gltf,gltf/characters/player_body_variants/harthmere_player_soft_royal.gltf,0.88,actor,actor,"townsperson clergy (actor); 1.0266m x 2.4357m x 0.4103m. Dominant colors: white/light, mixed.","{""x"":1.1666,""y"":2.7678,""z"":0.4663}","{""x"":1.0266,""y"":2.4357,""z"":0.4103}","{""x"":1.0266,""y"":2.4357,""z"":0.4103}","[{""name"":""outfit_royal"",""hex"":""#9e7cc8""},{""name"":""skin_warm_default"",""hex"":""#dfc5aa""},{""name"":""hair_dark_voxel"",""hex"":""#61503f""},{""name"":""eye_black"",""hex"":""#38383f""},{""name"":""skin_shadow_default"",""hex"":""#bc9e81""}]","[{""hex"":""#ffe0ff"",""pixels"":5282},{""hex"":""#ffffff"",""pixels"":2367},{""hex"":""#ffffe0"",""pixels"":368},{""hex"":""#c0a0a0"",""pixels"":91},{""hex"":""#c0a080"",""pixels"":54},{""hex"":""#a08080"",""pixels"":22},{""hex"":""#e0c0c0"",""pixels"":9},{""hex"":""#e0e0e0"",""pixels"":8}]","[{""name"":""Idle"",""duration"":1},{""name"":""Walk"",""duration"":1},{""name"":""Walking"",""duration"":1},{""name"":""Run"",""duration"":0.6},{""name"":""Running"",""duration"":0.6},{""name"":""RunningBackward"",""duration"":0.6},{""name"":""StrafeLeftWalking"",""duration"":1},{""name"":""StrafeRightWalking"",""duration"":1},{""name"":""StrafeLeftRunning"",""duration"":1},{""name"":""StrafeRightRunning"",""duration"":1},{""name"":""SidestepLeft"",""duration"":1},{""name"":""SidestepRight"",""duration"":1},{""name"":""Sidestep"",""duration"":1},{""name"":""CrouchIdle"",""duration"":1},{""name"":""CrouchWalking"",""duration"":1},{""name"":""Attack"",""duration"":1}]",[]
townsperson_hunter,gltf,gltf/characters/player_body_variants/harthmere_player_athletic_forest.gltf,0.9,actor,nature_or_resource,"townsperson hunter (nature_or_resource); 1.1034m x 2.6112m x 0.3974m. Dominant colors: mixed, white/light.","{""x"":1.226,""y"":2.9013,""z"":0.4416}","{""x"":1.1034,""y"":2.6112,""z"":0.3974}","{""x"":1.1034,""y"":2.6112,""z"":0.3974}","[{""name"":""outfit_forest"",""hex"":""#65a27c""},{""name"":""skin_warm_default"",""hex"":""#dfc5aa""},{""name"":""hair_dark_voxel"",""hex"":""#61503f""},{""name"":""eye_black"",""hex"":""#38383f""},{""name"":""skin_shadow_default"",""hex"":""#bc9e81""}]","[{""hex"":""#c0ffe0"",""pixels"":3852},{""hex"":""#ffffff"",""pixels"":1491},{""hex"":""#a0ffe0"",""pixels"":1332},{""hex"":""#e0ffff"",""pixels"":415},{""hex"":""#ffffe0"",""pixels"":299},{""hex"":""#e0ffe0"",""pixels"":133},{""hex"":""#c0a0a0"",""pixels"":67},{""hex"":""#c0a080"",""pixels"":42}]","[{""name"":""Idle"",""duration"":1},{""name"":""Walk"",""duration"":1},{""name"":""Walking"",""duration"":1},{""name"":""Run"",""duration"":0.6},{""name"":""Running"",""duration"":0.6},{""name"":""RunningBackward"",""duration"":0.6},{""name"":""StrafeLeftWalking"",""duration"":1},{""name"":""StrafeRightWalking"",""duration"":1},{""name"":""StrafeLeftRunning"",""duration"":1},{""name"":""StrafeRightRunning"",""duration"":1},{""name"":""SidestepLeft"",""duration"":1},{""name"":""SidestepRight"",""duration"":1},{""name"":""Sidestep"",""duration"":1},{""name"":""CrouchIdle"",""duration"":1},{""name"":""CrouchWalking"",""duration"":1},{""name"":""Attack"",""duration"":1}]",[]
townsperson_bandit,gltf,gltf/characters/player_body_variants/harthmere_player_athletic_ash.gltf,0.9,actor,actor,"townsperson bandit (actor); 1.1034m x 2.6112m x 0.3974m. Dominant colors: white/light, mixed.","{""x"":1.226,""y"":2.9013,""z"":0.4416}","{""x"":1.1034,""y"":2.6112,""z"":0.3974}","{""x"":1.1034,""y"":2.6112,""z"":0.3974}","[{""name"":""outfit_ash"",""hex"":""#86898b""},{""name"":""skin_warm_default"",""hex"":""#dfc5aa""},{""name"":""hair_dark_voxel"",""hex"":""#61503f""},{""name"":""eye_black"",""hex"":""#38383f""},{""name"":""skin_shadow_default"",""hex"":""#bc9e81""}]","[{""hex"":""#e0ffff"",""pixels"":3526},{""hex"":""#ffffff"",""pixels"":2007},{""hex"":""#e0e0e0"",""pixels"":1339},{""hex"":""#ffffe0"",""pixels"":304},{""hex"":""#e0e0ff"",""pixels"":147},{""hex"":""#c0a0a0"",""pixels"":67},{""hex"":""#c0a080"",""pixels"":42},{""hex"":""#a08080"",""pixels"":17}]","[{""name"":""Idle"",""duration"":1},{""name"":""Walk"",""duration"":1},{""name"":""Walking"",""duration"":1},{""name"":""Run"",""duration"":0.6},{""name"":""Running"",""duration"":0.6},{""name"":""RunningBackward"",""duration"":0.6},{""name"":""StrafeLeftWalking"",""duration"":1},{""name"":""StrafeRightWalking"",""duration"":1},{""name"":""StrafeLeftRunning"",""duration"":1},{""name"":""StrafeRightRunning"",""duration"":1},{""name"":""SidestepLeft"",""duration"":1},{""name"":""SidestepRight"",""duration"":1},{""name"":""Sidestep"",""duration"":1},{""name"":""CrouchIdle"",""duration"":1},{""name"":""CrouchWalking"",""duration"":1},{""name"":""Attack"",""duration"":1}]",[]
townsperson_smuggler,gltf,gltf/characters/player_body_variants/harthmere_player_slim_ash.gltf,0.88,actor,food_or_tabletop,"townsperson smuggler (food_or_tabletop); 0.8224m x 2.5122m x 0.3562m. Dominant colors: white/light, mixed.","{""x"":0.9345,""y"":2.8548,""z"":0.4048}","{""x"":0.8224,""y"":2.5122,""z"":0.3562}","{""x"":0.8224,""y"":2.5122,""z"":0.3562}","[{""name"":""outfit_ash"",""hex"":""#86898b""},{""name"":""skin_warm_default"",""hex"":""#dfc5aa""},{""name"":""hair_dark_voxel"",""hex"":""#61503f""},{""name"":""eye_black"",""hex"":""#38383f""},{""name"":""skin_shadow_default"",""hex"":""#bc9e81""}]","[{""hex"":""#e0ffff"",""pixels"":2671},{""hex"":""#ffffff"",""pixels"":1713},{""hex"":""#e0e0e0"",""pixels"":1016},{""hex"":""#ffffe0"",""pixels"":241},{""hex"":""#e0e0ff"",""pixels"":156},{""hex"":""#c0a0a0"",""pixels"":50},{""hex"":""#c0a080"",""pixels"":32},{""hex"":""#a08080"",""pixels"":15}]","[{""name"":""Idle"",""duration"":1},{""name"":""Walk"",""duration"":1},{""name"":""Walking"",""duration"":1},{""name"":""Run"",""duration"":0.6},{""name"":""Running"",""duration"":0.6},{""name"":""RunningBackward"",""duration"":0.6},{""name"":""StrafeLeftWalking"",""duration"":1},{""name"":""StrafeRightWalking"",""duration"":1},{""name"":""StrafeLeftRunning"",""duration"":1},{""name"":""StrafeRightRunning"",""duration"":1},{""name"":""SidestepLeft"",""duration"":1},{""name"":""SidestepRight"",""duration"":1},{""name"":""Sidestep"",""duration"":1},{""name"":""CrouchIdle"",""duration"":1},{""name"":""CrouchWalking"",""duration"":1},{""name"":""Attack"",""duration"":1}]",[]
townsperson_undead,gltf,gltf/characters/player_body_variants/harthmere_player_soft_ash.gltf,0.88,actor,actor,"townsperson undead (actor); 1.0266m x 2.4357m x 0.4103m. Dominant colors: white/light, mixed.","{""x"":1.1666,""y"":2.7678,""z"":0.4663}","{""x"":1.0266,""y"":2.4357,""z"":0.4103}","{""x"":1.0266,""y"":2.4357,""z"":0.4103}","[{""name"":""outfit_ash"",""hex"":""#86898b""},{""name"":""skin_warm_default"",""hex"":""#dfc5aa""},{""name"":""hair_dark_voxel"",""hex"":""#61503f""},{""name"":""eye_black"",""hex"":""#38383f""},{""name"":""skin_shadow_default"",""hex"":""#bc9e81""}]","[{""hex"":""#e0ffff"",""pixels"":3647},{""hex"":""#ffffff"",""pixels"":2490},{""hex"":""#e0e0e0"",""pixels"":1340},{""hex"":""#ffffe0"",""pixels"":368},{""hex"":""#c0a0a0"",""pixels"":91},{""hex"":""#c0a080"",""pixels"":54},{""hex"":""#a08080"",""pixels"":22},{""hex"":""#e0c0c0"",""pixels"":9}]","[{""name"":""Idle"",""duration"":1},{""name"":""Walk"",""duration"":1},{""name"":""Walking"",""duration"":1},{""name"":""Run"",""duration"":0.6},{""name"":""Running"",""duration"":0.6},{""name"":""RunningBackward"",""duration"":0.6},{""name"":""StrafeLeftWalking"",""duration"":1},{""name"":""StrafeRightWalking"",""duration"":1},{""name"":""StrafeLeftRunning"",""duration"":1},{""name"":""StrafeRightRunning"",""duration"":1},{""name"":""SidestepLeft"",""duration"":1},{""name"":""SidestepRight"",""duration"":1},{""name"":""Sidestep"",""duration"":1},{""name"":""CrouchIdle"",""duration"":1},{""name"":""CrouchWalking"",""duration"":1},{""name"":""Attack"",""duration"":1}]",[]
townsperson_charcoal,gltf,gltf/characters/player_body_variants/harthmere_player_stocky_earth.gltf,0.9,actor,actor,"townsperson charcoal (actor); 1.1225m x 2.401m x 0.445m. Dominant colors: mixed, white/light.","{""x"":1.2472,""y"":2.6678,""z"":0.4944}","{""x"":1.1225,""y"":2.401,""z"":0.445}","{""x"":1.1225,""y"":2.4011,""z"":0.4449}","[{""name"":""outfit_earth"",""hex"":""#a88e6c""},{""name"":""skin_warm_default"",""hex"":""#dfc5aa""},{""name"":""hair_dark_voxel"",""hex"":""#61503f""},{""name"":""eye_black"",""hex"":""#38383f""},{""name"":""skin_shadow_default"",""hex"":""#bc9e81""}]","[{""hex"":""#ffffc0"",""pixels"":5462},{""hex"":""#ffffff"",""pixels"":1995},{""hex"":""#ffffe0"",""pixels"":1250},{""hex"":""#c0a0a0"",""pixels"":115},{""hex"":""#ffe0e0"",""pixels"":91},{""hex"":""#c0a080"",""pixels"":52},{""hex"":""#a08080"",""pixels"":30},{""hex"":""#e0e0e0"",""pixels"":12}]","[{""name"":""Idle"",""duration"":1},{""name"":""Walk"",""duration"":1},{""name"":""Walking"",""duration"":1},{""name"":""Run"",""duration"":0.6},{""name"":""Running"",""duration"":0.6},{""name"":""RunningBackward"",""duration"":0.6},{""name"":""StrafeLeftWalking"",""duration"":1},{""name"":""StrafeRightWalking"",""duration"":1},{""name"":""StrafeLeftRunning"",""duration"":1},{""name"":""StrafeRightRunning"",""duration"":1},{""name"":""SidestepLeft"",""duration"":1},{""name"":""SidestepRight"",""duration"":1},{""name"":""Sidestep"",""duration"":1},{""name"":""CrouchIdle"",""duration"":1},{""name"":""CrouchWalking"",""duration"":1},{""name"":""Attack"",""duration"":1}]",[]
townsperson_market,gltf,gltf/characters/player_body_variants/harthmere_player_average_ember.gltf,0.9,actor,actor,"townsperson market (actor); 0.9949m x 2.5212m x 0.3974m. Dominant colors: mixed, white/light.","{""x"":1.1054,""y"":2.8013,""z"":0.4416}","{""x"":0.9949,""y"":2.5212,""z"":0.3974}","{""x"":0.9949,""y"":2.5212,""z"":0.3974}","[{""name"":""outfit_ember"",""hex"":""#ce815d""},{""name"":""skin_warm_default"",""hex"":""#dfc5aa""},{""name"":""hair_dark_voxel"",""hex"":""#61503f""},{""name"":""eye_black"",""hex"":""#38383f""},{""name"":""skin_shadow_default"",""hex"":""#bc9e81""}]","[{""hex"":""#ffe0a0"",""pixels"":4629},{""hex"":""#ffffff"",""pixels"":1593},{""hex"":""#ffffc0"",""pixels"":424},{""hex"":""#ffffe0"",""pixels"":364},{""hex"":""#ffe0c0"",""pixels"":248},{""hex"":""#c0a0a0"",""pixels"":72},{""hex"":""#c0a080"",""pixels"":46},{""hex"":""#a08080"",""pixels"":20}]","[{""name"":""Idle"",""duration"":1},{""name"":""Walk"",""duration"":1},{""name"":""Walking"",""duration"":1},{""name"":""Run"",""duration"":0.6},{""name"":""Running"",""duration"":0.6},{""name"":""RunningBackward"",""duration"":0.6},{""name"":""StrafeLeftWalking"",""duration"":1},{""name"":""StrafeRightWalking"",""duration"":1},{""name"":""StrafeLeftRunning"",""duration"":1},{""name"":""StrafeRightRunning"",""duration"":1},{""name"":""SidestepLeft"",""duration"":1},{""name"":""SidestepRight"",""duration"":1},{""name"":""Sidestep"",""duration"":1},{""name"":""CrouchIdle"",""duration"":1},{""name"":""CrouchWalking"",""duration"":1},{""name"":""Attack"",""duration"":1}]",[]
arch_wall_stone,gltf,glb/buildings/fantasy_town/wall-block.glb,1,solid_resource,wall_or_display_decor,"arch wall stone (wall_or_display_decor); 1m x 1m x 1m. Dominant colors: white/light, mixed.","{""x"":1,""y"":1,""z"":1}","{""x"":1,""y"":1,""z"":1}","{""x"":1,""y"":1,""z"":1}","[{""name"":""colormap"",""hex"":""#ffffff""}]","[{""hex"":""#ffffff"",""pixels"":42765},{""hex"":""#ffe0a0"",""pixels"":5618},{""hex"":""#ffe0c0"",""pixels"":3124},{""hex"":""#ffffc0"",""pixels"":302},{""hex"":""#ffffe0"",""pixels"":228},{""hex"":""#ffe0e0"",""pixels"":139},{""hex"":""#e0ffff"",""pixels"":22}]",[],[]
arch_wall_window_stone,gltf,glb/buildings/fantasy_town/wall-window-stone.glb,1,solid_resource,wall_or_display_decor,"arch wall window stone (wall_or_display_decor); 0.15m x 1m x 1m. Dominant colors: white/light, mixed, blue.","{""x"":0.15,""y"":1,""z"":1}","{""x"":0.15,""y"":1,""z"":1}","{""x"":0.15,""y"":1,""z"":1}","[{""name"":""colormap"",""hex"":""#ffffff""}]","[{""hex"":""#ffffff"",""pixels"":11554},{""hex"":""#ffe0a0"",""pixels"":4420},{""hex"":""#ffe0c0"",""pixels"":1900},{""hex"":""#c0c0e0"",""pixels"":1072},{""hex"":""#a0c0e0"",""pixels"":1033},{""hex"":""#c0c0ff"",""pixels"":476},{""hex"":""#c0e0ff"",""pixels"":281},{""hex"":""#ffffc0"",""pixels"":272}]",[],[]
arch_wall_door,gltf,glb/buildings/fantasy_town/wall-door.glb,1,architecture_block,wall_or_display_decor,"arch wall door (wall_or_display_decor); 0.1m x 1m x 1m. Dominant colors: mixed, white/light, orange/gold.","{""x"":0.1,""y"":1,""z"":1}","{""x"":0.1,""y"":1,""z"":1}","{""x"":0.1,""y"":1,""z"":1}","[{""name"":""colormap"",""hex"":""#ffffff""}]","[{""hex"":""#ffe0a0"",""pixels"":8536},{""hex"":""#ffffff"",""pixels"":6012},{""hex"":""#ffe0c0"",""pixels"":4270},{""hex"":""#ffa080"",""pixels"":857},{""hex"":""#ffffc0"",""pixels"":557},{""hex"":""#ffe0e0"",""pixels"":269},{""hex"":""#e08060"",""pixels"":258},{""hex"":""#e0a080"",""pixels"":229}]",[],[]
arch_wall_window_glass,gltf,glb/buildings/fantasy_town/wall-window-glass.glb,1,architecture_block,wall_or_display_decor,"arch wall window glass (wall_or_display_decor); 0.1m x 1m x 1m. Dominant colors: white/light, mixed.","{""x"":0.1,""y"":1,""z"":1}","{""x"":0.1,""y"":1,""z"":1}","{""x"":0.1,""y"":1,""z"":1}","[{""name"":""colormap"",""hex"":""#ffffff""}]","[{""hex"":""#ffffff"",""pixels"":10167},{""hex"":""#ffe0a0"",""pixels"":7116},{""hex"":""#ffe0c0"",""pixels"":2846},{""hex"":""#ffffc0"",""pixels"":705},{""hex"":""#ffe0e0"",""pixels"":358},{""hex"":""#ffffe0"",""pixels"":200},{""hex"":""#ffc0a0"",""pixels"":49},{""hex"":""#e0ffff"",""pixels"":45}]",[],[]
arch_wall_window_round,gltf,glb/buildings/fantasy_town/wall-window-round.glb,1,architecture_block,wall_or_display_decor,"arch wall window round (wall_or_display_decor); 0.1m x 1m x 1m. Dominant colors: white/light, mixed.","{""x"":0.1,""y"":1,""z"":1}","{""x"":0.1,""y"":1,""z"":1}","{""x"":0.1,""y"":1,""z"":1}","[{""name"":""colormap"",""hex"":""#ffffff""}]","[{""hex"":""#ffffff"",""pixels"":11330},{""hex"":""#ffe0a0"",""pixels"":7091},{""hex"":""#ffe0c0"",""pixels"":2356},{""hex"":""#ffffc0"",""pixels"":414},{""hex"":""#ffe0e0"",""pixels"":346},{""hex"":""#ffffe0"",""pixels"":53},{""hex"":""#e0ffff"",""pixels"":45},{""hex"":""#ffc0a0"",""pixels"":16}]",[],[]
arch_wall_doorway_round,gltf,glb/buildings/fantasy_town/wall-doorway-round.glb,1,architecture_block,wall_or_display_decor,"arch wall doorway round (wall_or_display_decor); 0.1m x 1m x 1m. Dominant colors: white/light, mixed, blue.","{""x"":0.1,""y"":1,""z"":1}","{""x"":0.1,""y"":1,""z"":1}","{""x"":0.1,""y"":1,""z"":1}","[{""name"":""colormap"",""hex"":""#ffffff""}]","[{""hex"":""#ffffff"",""pixels"":6170},{""hex"":""#ffe0a0"",""pixels"":4420},{""hex"":""#c0c0e0"",""pixels"":3268},{""hex"":""#ffe0c0"",""pixels"":1900},{""hex"":""#c0c0ff"",""pixels"":694},{""hex"":""#c0e0ff"",""pixels"":633},{""hex"":""#ffffc0"",""pixels"":272},{""hex"":""#e0e0ff"",""pixels"":264}]",[],[]
arch_wall_corner,gltf,glb/buildings/fantasy_town/wall-corner.glb,1,architecture_block,wall_or_display_decor,"arch wall corner (wall_or_display_decor); 1m x 1m x 1m. Dominant colors: white/light, mixed.","{""x"":1,""y"":1,""z"":1}","{""x"":1,""y"":1,""z"":1}","{""x"":1,""y"":1,""z"":1}","[{""name"":""colormap"",""hex"":""#ffffff""}]","[{""hex"":""#ffffff"",""pixels"":31485},{""hex"":""#ffe0a0"",""pixels"":5834},{""hex"":""#ffe0c0"",""pixels"":3222},{""hex"":""#ffffc0"",""pixels"":422},{""hex"":""#ffffe0"",""pixels"":41},{""hex"":""#e0ffff"",""pixels"":22},{""hex"":""#ffe0e0"",""pixels"":10}]",[],[]
arch_wall_broken,gltf,glb/buildings/fantasy_town/wall-broken.glb,1,architecture_block,wall_or_display_decor,"arch wall broken (wall_or_display_decor); 0.1168m x 1m x 1m. Dominant colors: white/light, mixed.","{""x"":0.1168,""y"":1,""z"":1}","{""x"":0.1168,""y"":1,""z"":1}","{""x"":0.1168,""y"":1,""z"":1}","[{""name"":""colormap"",""hex"":""#ffffff""}]","[{""hex"":""#ffffff"",""pixels"":8304},{""hex"":""#ffe0a0"",""pixels"":2493},{""hex"":""#ffe0c0"",""pixels"":1454},{""hex"":""#ffffc0"",""pixels"":137},{""hex"":""#e0ffff"",""pixels"":97},{""hex"":""#e0e0ff"",""pixels"":54},{""hex"":""#c0e0ff"",""pixels"":28},{""hex"":""#ffffe0"",""pixels"":15}]",[],[]
arch_wall_wood,gltf,glb/buildings/fantasy_town/wall-wood-block.glb,1,architecture_block,wall_or_display_decor,"arch wall wood (wall_or_display_decor); 1m x 1m x 1m. Dominant colors: orange/gold, mixed.","{""x"":1,""y"":1,""z"":1}","{""x"":1,""y"":1,""z"":1}","{""x"":1,""y"":1,""z"":1}","[{""name"":""colormap"",""hex"":""#ffffff""}]","[{""hex"":""#ffa080"",""pixels"":23368},{""hex"":""#ffc0a0"",""pixels"":12644},{""hex"":""#e0a080"",""pixels"":6732},{""hex"":""#ffe0a0"",""pixels"":5643},{""hex"":""#ffe0c0"",""pixels"":3242},{""hex"":""#ffffc0"",""pixels"":304},{""hex"":""#e08080"",""pixels"":112},{""hex"":""#ffc080"",""pixels"":112}]",[],[]
arch_wall_wood_window,gltf,glb/buildings/fantasy_town/wall-wood-window-shutters.glb,1,architecture_block,wall_or_display_decor,"arch wall wood window (wall_or_display_decor); 0.1m x 1m x 1m. Dominant colors: mixed, orange/gold.","{""x"":0.1,""y"":1,""z"":1}","{""x"":0.1,""y"":1,""z"":1}","{""x"":0.1,""y"":1,""z"":1}","[{""name"":""colormap"",""hex"":""#ffffff""}]","[{""hex"":""#ffe0a0"",""pixels"":8271},{""hex"":""#ffa080"",""pixels"":4884},{""hex"":""#e0a080"",""pixels"":3564},{""hex"":""#ffe0c0"",""pixels"":2666},{""hex"":""#ffc0a0"",""pixels"":665},{""hex"":""#ffffc0"",""pixels"":595},{""hex"":""#ffe0e0"",""pixels"":336},{""hex"":""#ffc080"",""pixels"":117}]",[],[]
arch_wall_wood_door,gltf,glb/buildings/fantasy_town/wall-wood-door.glb,1,architecture_block,wall_or_display_decor,"arch wall wood door (wall_or_display_decor); 0.1m x 1m x 1m. Dominant colors: mixed, orange/gold.","{""x"":0.1,""y"":1,""z"":1}","{""x"":0.1,""y"":1,""z"":1}","{""x"":0.1,""y"":1,""z"":1}","[{""name"":""colormap"",""hex"":""#ffffff""}]","[{""hex"":""#ffe0a0"",""pixels"":8928},{""hex"":""#ffa080"",""pixels"":4965},{""hex"":""#ffe0c0"",""pixels"":4071},{""hex"":""#e0a080"",""pixels"":1156},{""hex"":""#ffc0a0"",""pixels"":811},{""hex"":""#ffffc0"",""pixels"":614},{""hex"":""#ffe0e0"",""pixels"":258},{""hex"":""#e08060"",""pixels"":258}]",[],[]
arch_wall_wood_broken,gltf,glb/buildings/fantasy_town/wall-wood-broken.glb,1,architecture_block,wall_or_display_decor,"arch wall wood broken (wall_or_display_decor); 0.1129m x 1m x 1m. Dominant colors: orange/gold, mixed.","{""x"":0.1129,""y"":1,""z"":1}","{""x"":0.1129,""y"":1,""z"":1}","{""x"":0.1129,""y"":1,""z"":1}","[{""name"":""colormap"",""hex"":""#ffffff""}]","[{""hex"":""#e0a080"",""pixels"":4409},{""hex"":""#ffa080"",""pixels"":3353},{""hex"":""#ffe0a0"",""pixels"":2552},{""hex"":""#ffe0c0"",""pixels"":1431},{""hex"":""#ffc0a0"",""pixels"":545},{""hex"":""#e08080"",""pixels"":211},{""hex"":""#ffffc0"",""pixels"":145},{""hex"":""#ffc0c0"",""pixels"":128}]",[],[]
arch_wall_wood_corner,gltf,glb/buildings/fantasy_town/wall-wood-corner.glb,1,architecture_block,wall_or_display_decor,"arch wall wood corner (wall_or_display_decor); 1m x 1m x 1m. Dominant colors: orange/gold, mixed.","{""x"":1,""y"":1,""z"":1}","{""x"":1,""y"":1,""z"":1}","{""x"":1,""y"":1,""z"":1}","[{""name"":""colormap"",""hex"":""#ffffff""}]","[{""hex"":""#ffa080"",""pixels"":23367},{""hex"":""#e0a080"",""pixels"":6733},{""hex"":""#ffe0a0"",""pixels"":5843},{""hex"":""#ffe0c0"",""pixels"":3320},{""hex"":""#ffc0a0"",""pixels"":1095},{""hex"":""#ffffc0"",""pixels"":423},{""hex"":""#e08080"",""pixels"":112},{""hex"":""#ffc080"",""pixels"":88}]",[],[]
arch_roof_gable,gltf,glb/buildings/fantasy_town/roof-gable.glb,1,architecture_surface,architecture,"arch roof gable (architecture); 1.1m x 0.5707m x 1.0707m. Dominant colors: mixed, white/light.","{""x"":1.1,""y"":0.5707,""z"":1.0707}","{""x"":1.1,""y"":0.5707,""z"":1.0707}","{""x"":1.1,""y"":0.5707,""z"":1.0707}","[{""name"":""colormap"",""hex"":""#ffffff""}]","[{""hex"":""#a0ffff"",""pixels"":10270},{""hex"":""#c0ffff"",""pixels"":7302},{""hex"":""#ffffff"",""pixels"":1220},{""hex"":""#e0e0ff"",""pixels"":938},{""hex"":""#e0ffff"",""pixels"":567},{""hex"":""#80ffff"",""pixels"":308},{""hex"":""#80ffe0"",""pixels"":279},{""hex"":""#60e0c0"",""pixels"":134}]",[],[]
arch_roof_high_gable,gltf,glb/buildings/fantasy_town/roof-high-gable.glb,1,architecture_surface,architecture,arch roof high gable (architecture); 1.1m x 1.1565m x 1.1342m. Dominant colors: orange/gold.,"{""x"":1.1,""y"":1.1565,""z"":1.1342}","{""x"":1.1,""y"":1.1565,""z"":1.1342}","{""x"":1.1,""y"":1.1565,""z"":1.1342}","[{""name"":""colormap"",""hex"":""#ffffff""}]","[{""hex"":""#ffa0c0"",""pixels"":25767},{""hex"":""#ff80a0"",""pixels"":1933},{""hex"":""#e08080"",""pixels"":1527},{""hex"":""#e0a080"",""pixels"":1431},{""hex"":""#e08060"",""pixels"":1159},{""hex"":""#ffa080"",""pixels"":1118},{""hex"":""#ffa0a0"",""pixels"":472},{""hex"":""#ffe0e0"",""pixels"":190}]",[],[]
arch_roof_high_point,gltf,glb/buildings/fantasy_town/roof-high-point.glb,1,architecture_surface,architecture,"arch roof high point (architecture); 1.1m x 1m x 1.1m. Dominant colors: orange/gold, white/light, mixed.","{""x"":1.1,""y"":1,""z"":1.1}","{""x"":1.1,""y"":1,""z"":1.1}","{""x"":1.1,""y"":1,""z"":1.1}","[{""name"":""colormap"",""hex"":""#ffffff""}]","[{""hex"":""#ffa0c0"",""pixels"":15521},{""hex"":""#ffa0a0"",""pixels"":10305},{""hex"":""#ff80a0"",""pixels"":3154},{""hex"":""#ffc0c0"",""pixels"":309},{""hex"":""#ffe0e0"",""pixels"":62},{""hex"":""#ffe0c0"",""pixels"":24},{""hex"":""#ffc0e0"",""pixels"":15}]",[],[]
arch_roof_high_window,gltf,glb/buildings/fantasy_town/roof-high-window.glb,1,architecture_surface,architecture,arch roof high window (architecture); 1.0707m x 1.1761m x 1m. Dominant colors: orange/gold.,"{""x"":1.0707,""y"":1.1761,""z"":1}","{""x"":1.0707,""y"":1.1761,""z"":1}","{""x"":1.0707,""y"":1.1761,""z"":1}","[{""name"":""colormap"",""hex"":""#ffffff""}]","[{""hex"":""#ffa080"",""pixels"":11237},{""hex"":""#ffa0c0"",""pixels"":5283},{""hex"":""#e0a080"",""pixels"":5173},{""hex"":""#e08080"",""pixels"":3674},{""hex"":""#e08060"",""pixels"":1534},{""hex"":""#ffa0a0"",""pixels"":908},{""hex"":""#ffe0a0"",""pixels"":871},{""hex"":""#ffe0c0"",""pixels"":494}]",[],[]
arch_roof_flat,gltf,glb/buildings/fantasy_town/roof-flat.glb,1,architecture_surface,architecture,"arch roof flat (architecture); 1m x 0.1259m x 1m. Dominant colors: mixed, white/light.","{""x"":1,""y"":0.1259,""z"":1}","{""x"":1,""y"":0.1259,""z"":1}","{""x"":1,""y"":0.1259,""z"":1}","[{""name"":""colormap"",""hex"":""#ffffff""}]","[{""hex"":""#c0ffff"",""pixels"":14041},{""hex"":""#a0ffff"",""pixels"":2498},{""hex"":""#80ffff"",""pixels"":1132},{""hex"":""#80ffe0"",""pixels"":327},{""hex"":""#e0ffe0"",""pixels"":119},{""hex"":""#c0ffe0"",""pixels"":88},{""hex"":""#a0ffe0"",""pixels"":21},{""hex"":""#e0ffff"",""pixels"":11}]",[],[]
arch_roof_window,gltf,glb/buildings/fantasy_town/roof-window.glb,1,architecture_surface,architecture,"arch roof window (architecture); 1.0671m x 0.6483m x 1m. Dominant colors: white/light, mixed.","{""x"":1.0671,""y"":0.6483,""z"":1}","{""x"":1.0671,""y"":0.6483,""z"":1}","{""x"":1.0671,""y"":0.6483,""z"":1}","[{""name"":""colormap"",""hex"":""#ffffff""}]","[{""hex"":""#ffffff"",""pixels"":9626},{""hex"":""#c0ffff"",""pixels"":6019},{""hex"":""#e0e0ff"",""pixels"":2124},{""hex"":""#e0ffff"",""pixels"":1830},{""hex"":""#a0ffff"",""pixels"":1736},{""hex"":""#ffe0a0"",""pixels"":563},{""hex"":""#80ffff"",""pixels"":538},{""hex"":""#ffa080"",""pixels"":496}]",[],[]
arch_roof_corner,gltf,glb/buildings/fantasy_town/roof-corner.glb,1,architecture_surface,architecture,"arch roof corner (architecture); 1.0671m x 0.6483m x 1.0671m. Dominant colors: mixed, white/light.","{""x"":1.0671,""y"":0.6483,""z"":1.0671}","{""x"":1.0671,""y"":0.6483,""z"":1.0671}","{""x"":1.0671,""y"":0.6483,""z"":1.0671}","[{""name"":""colormap"",""hex"":""#ffffff""}]","[{""hex"":""#a0ffff"",""pixels"":11965},{""hex"":""#ffffff"",""pixels"":2678},{""hex"":""#c0ffff"",""pixels"":2635},{""hex"":""#e0e0ff"",""pixels"":1583},{""hex"":""#e0ffff"",""pixels"":941},{""hex"":""#80ffe0"",""pixels"":522},{""hex"":""#e0ffe0"",""pixels"":76},{""hex"":""#a0ffe0"",""pixels"":53}]",[],[]
arch_roof_left,gltf,glb/buildings/fantasy_town/roof-left.glb,1,architecture_surface,architecture,"arch roof left (architecture); 1.1342m x 0.7206m x 1m. Dominant colors: white/light, mixed.","{""x"":1.1342,""y"":0.7206,""z"":1}","{""x"":1.1342,""y"":0.7206,""z"":1}","{""x"":1.1342,""y"":0.7206,""z"":1}","[{""name"":""colormap"",""hex"":""#ffffff""}]","[{""hex"":""#ffffff"",""pixels"":8520},{""hex"":""#a0ffff"",""pixels"":2574},{""hex"":""#e0e0ff"",""pixels"":2014},{""hex"":""#e0ffff"",""pixels"":1747},{""hex"":""#c0ffff"",""pixels"":913},{""hex"":""#ffe0a0"",""pixels"":565},{""hex"":""#ffe0c0"",""pixels"":418},{""hex"":""#ffffc0"",""pixels"":383}]",[],[]
arch_roof_right,gltf,glb/buildings/fantasy_town/roof-right.glb,1,architecture_surface,architecture,"arch roof right (architecture); 1.1342m x 0.7206m x 1m. Dominant colors: white/light, mixed.","{""x"":1.1342,""y"":0.7206,""z"":1}","{""x"":1.1342,""y"":0.7206,""z"":1}","{""x"":1.1342,""y"":0.7206,""z"":1}","[{""name"":""colormap"",""hex"":""#ffffff""}]","[{""hex"":""#ffffff"",""pixels"":8258},{""hex"":""#e0e0ff"",""pixels"":2014},{""hex"":""#e0ffff"",""pixels"":1718},{""hex"":""#ffe0a0"",""pixels"":1646},{""hex"":""#a0ffff"",""pixels"":1175},{""hex"":""#ffe0c0"",""pixels"":1008},{""hex"":""#ffffc0"",""pixels"":555},{""hex"":""#c0ffff"",""pixels"":555}]",[],[]
arch_chimney,gltf,glb/buildings/fantasy_town/chimney.glb,1,architecture_surface,architecture,"arch chimney (architecture); 0.2119m x 1m x 0.34m. Dominant colors: blue, white/light.","{""x"":0.2119,""y"":1,""z"":0.34}","{""x"":0.2119,""y"":1,""z"":0.34}","{""x"":0.2119,""y"":1,""z"":0.34}","[{""name"":""colormap"",""hex"":""#ffffff""}]","[{""hex"":""#c0c0e0"",""pixels"":3023},{""hex"":""#ffffff"",""pixels"":2530},{""hex"":""#c0e0ff"",""pixels"":1422},{""hex"":""#c0c0ff"",""pixels"":846},{""hex"":""#e0e0ff"",""pixels"":762},{""hex"":""#e0ffff"",""pixels"":620},{""hex"":""#a0c0e0"",""pixels"":165},{""hex"":""#e0e0e0"",""pixels"":123}]",[],[]
arch_chimney_base,gltf,glb/buildings/fantasy_town/chimney-base.glb,1,architecture_surface,architecture,"arch chimney base (architecture); 0.3438m x 1m x 0.52m. Dominant colors: white/light, blue.","{""x"":0.3438,""y"":1,""z"":0.52}","{""x"":0.3438,""y"":1,""z"":0.52}","{""x"":0.3438,""y"":1,""z"":0.52}","[{""name"":""colormap"",""hex"":""#ffffff""}]","[{""hex"":""#ffffff"",""pixels"":9384},{""hex"":""#c0c0e0"",""pixels"":849},{""hex"":""#c0c0ff"",""pixels"":793},{""hex"":""#e0ffff"",""pixels"":620},{""hex"":""#c0e0ff"",""pixels"":567},{""hex"":""#e0e0ff"",""pixels"":385},{""hex"":""#e0e0e0"",""pixels"":87},{""hex"":""#c0e0e0"",""pixels"":12}]",[],[]
arch_chimney_top,gltf,glb/buildings/fantasy_town/chimney-top.glb,1,architecture_surface,architecture,"arch chimney top (architecture); 0.2519m x 0.625m x 0.34m. Dominant colors: white/light, blue.","{""x"":0.2519,""y"":0.625,""z"":0.34}","{""x"":0.2519,""y"":0.625,""z"":0.34}","{""x"":0.2519,""y"":0.625,""z"":0.34}","[{""name"":""colormap"",""hex"":""#ffffff""}]","[{""hex"":""#ffffff"",""pixels"":9021},{""hex"":""#c0c0e0"",""pixels"":4016},{""hex"":""#c0c0ff"",""pixels"":1470},{""hex"":""#c0e0ff"",""pixels"":1286},{""hex"":""#e0e0ff"",""pixels"":558},{""hex"":""#e0ffff"",""pixels"":269},{""hex"":""#e0e0e0"",""pixels"":183},{""hex"":""#a0c0e0"",""pixels"":168}]",[],[]
arch_stairs_stone,gltf,glb/buildings/fantasy_town/stairs-stone.glb,1,solid_resource,nature_or_resource,"arch stairs stone (nature_or_resource); 1.02m x 1m x 0.5m. Dominant colors: white/light, blue.","{""x"":1.02,""y"":1,""z"":0.5}","{""x"":1.02,""y"":1,""z"":0.5}","{""x"":1.02,""y"":1,""z"":0.5}","[{""name"":""colormap"",""hex"":""#ffffff""}]","[{""hex"":""#ffffff"",""pixels"":5747},{""hex"":""#e0e0ff"",""pixels"":704},{""hex"":""#e0ffff"",""pixels"":513},{""hex"":""#c0c0e0"",""pixels"":286},{""hex"":""#c0e0ff"",""pixels"":220},{""hex"":""#c0c0ff"",""pixels"":151},{""hex"":""#e0e0e0"",""pixels"":39}]",[],[]
arch_stairs_wide_stone,gltf,glb/buildings/fantasy_town/stairs-wide-stone.glb,1,solid_resource,nature_or_resource,"arch stairs wide stone (nature_or_resource); 1.02m x 1m x 1m. Dominant colors: white/light, blue.","{""x"":1.02,""y"":1,""z"":1}","{""x"":1.02,""y"":1,""z"":1}","{""x"":1.02,""y"":1,""z"":1}","[{""name"":""colormap"",""hex"":""#ffffff""}]","[{""hex"":""#ffffff"",""pixels"":7961},{""hex"":""#e0e0ff"",""pixels"":1234},{""hex"":""#e0ffff"",""pixels"":780},{""hex"":""#c0c0e0"",""pixels"":596},{""hex"":""#c0e0ff"",""pixels"":452},{""hex"":""#c0c0ff"",""pixels"":297},{""hex"":""#e0e0e0"",""pixels"":70}]",[],[]
arch_stairs_wood,gltf,glb/buildings/fantasy_town/stairs-wood.glb,1,architecture_surface,architecture,"arch stairs wood (architecture); 1.02m x 1m x 0.5m. Dominant colors: mixed, white/light, orange/gold.","{""x"":1.02,""y"":1,""z"":0.5}","{""x"":1.02,""y"":1,""z"":0.5}","{""x"":1.02,""y"":1,""z"":0.5}","[{""name"":""colormap"",""hex"":""#ffffff""}]","[{""hex"":""#ffe0a0"",""pixels"":2300},{""hex"":""#ffe0c0"",""pixels"":2143},{""hex"":""#ffffc0"",""pixels"":1853},{""hex"":""#ffffe0"",""pixels"":1170},{""hex"":""#ffc0a0"",""pixels"":310},{""hex"":""#ffc080"",""pixels"":146},{""hex"":""#ffa080"",""pixels"":41},{""hex"":""#ffe0e0"",""pixels"":35}]",[],[]
arch_balcony_wall,gltf,glb/buildings/fantasy_town/balcony-wall.glb,1,decorative_or_unknown,wall_or_display_decor,"arch balcony wall (wall_or_display_decor); 0.1m x 1m x 1m. Dominant colors: mixed, orange/gold, white/light.","{""x"":0.1,""y"":1,""z"":1}","{""x"":0.1,""y"":1,""z"":1}","{""x"":0.1,""y"":1,""z"":1}","[{""name"":""colormap"",""hex"":""#ffffff""}]","[{""hex"":""#ffe0a0"",""pixels"":4939},{""hex"":""#ffe0c0"",""pixels"":3017},{""hex"":""#ffffc0"",""pixels"":1162},{""hex"":""#ffc0a0"",""pixels"":648},{""hex"":""#ffffe0"",""pixels"":294},{""hex"":""#ffe0e0"",""pixels"":230},{""hex"":""#ffc080"",""pixels"":19}]",[],[]
arch_balcony_fence,gltf,glb/buildings/fantasy_town/balcony-wall-fence.glb,1,thin_barrier,wall_or_display_decor,"arch balcony fence (wall_or_display_decor); 0.1m x 1m x 1m. Dominant colors: mixed, orange/gold, white/light.","{""x"":0.1,""y"":1,""z"":1}","{""x"":0.1,""y"":1,""z"":1}","{""x"":0.1,""y"":1,""z"":1}","[{""name"":""colormap"",""hex"":""#ffffff""}]","[{""hex"":""#ffe0a0"",""pixels"":6056},{""hex"":""#ffe0c0"",""pixels"":3760},{""hex"":""#ffc0a0"",""pixels"":1398},{""hex"":""#ffffc0"",""pixels"":1260},{""hex"":""#ffa080"",""pixels"":855},{""hex"":""#ffffe0"",""pixels"":324},{""hex"":""#ffe0e0"",""pixels"":307},{""hex"":""#ffc080"",""pixels"":284}]",[],[]
arch_planks,gltf,glb/buildings/fantasy_town/planks.glb,1,architecture_surface,architecture,"arch planks (architecture); 1m x 0.06m x 1m. Dominant colors: mixed, white/light.","{""x"":1,""y"":0.06,""z"":1}","{""x"":1,""y"":0.06,""z"":1}","{""x"":1,""y"":0.06,""z"":1}","[{""name"":""colormap"",""hex"":""#ffffff""}]","[{""hex"":""#ffffc0"",""pixels"":12395},{""hex"":""#ffe0a0"",""pixels"":1693},{""hex"":""#ffe0c0"",""pixels"":1114},{""hex"":""#ffffe0"",""pixels"":102},{""hex"":""#ffe0e0"",""pixels"":49}]",[],[]
arch_overhang,gltf,glb/buildings/fantasy_town/overhang.glb,1,architecture_surface,architecture,"arch overhang (architecture); 0.285m x 0.33m x 1m. Dominant colors: white/light, mixed.","{""x"":0.285,""y"":0.33,""z"":1}","{""x"":0.285,""y"":0.33,""z"":1}","{""x"":0.285,""y"":0.33,""z"":1}","[{""name"":""colormap"",""hex"":""#ffffff""}]","[{""hex"":""#ffffe0"",""pixels"":3677},{""hex"":""#ffe0c0"",""pixels"":1560},{""hex"":""#ffffc0"",""pixels"":952},{""hex"":""#ffe0a0"",""pixels"":172},{""hex"":""#ffe0e0"",""pixels"":11}]",[],[]
arch_pillar_stone,gltf,glb/buildings/fantasy_town/pillar-stone.glb,1,solid_landmark,nature_or_resource,"arch pillar stone (nature_or_resource); 0.16m x 1m x 0.16m. Dominant colors: white/light, blue.","{""x"":0.16,""y"":1,""z"":0.16}","{""x"":0.16,""y"":1,""z"":0.16}","{""x"":0.16,""y"":1,""z"":0.16}","[{""name"":""colormap"",""hex"":""#ffffff""}]","[{""hex"":""#ffffff"",""pixels"":2508},{""hex"":""#c0c0e0"",""pixels"":592},{""hex"":""#e0e0ff"",""pixels"":458},{""hex"":""#a0c0e0"",""pixels"":455},{""hex"":""#e0ffff"",""pixels"":266},{""hex"":""#c0c0ff"",""pixels"":199},{""hex"":""#c0e0ff"",""pixels"":161},{""hex"":""#a0a0e0"",""pixels"":148}]",[],[]
arch_pillar_wood,gltf,glb/buildings/fantasy_town/pillar-wood.glb,1,solid_landmark,architecture,"arch pillar wood (architecture); 0.16m x 1m x 0.16m. Dominant colors: mixed, blue, white/light.","{""x"":0.16,""y"":1,""z"":0.16}","{""x"":0.16,""y"":1,""z"":0.16}","{""x"":0.16,""y"":1,""z"":0.16}","[{""name"":""colormap"",""hex"":""#ffffff""}]","[{""hex"":""#ffe0a0"",""pixels"":1450},{""hex"":""#ffe0c0"",""pixels"":1292},{""hex"":""#ffffc0"",""pixels"":490},{""hex"":""#a0c0e0"",""pixels"":418},{""hex"":""#c0c0e0"",""pixels"":349},{""hex"":""#ffffe0"",""pixels"":165},{""hex"":""#a0a0e0"",""pixels"":146},{""hex"":""#a0a0c0"",""pixels"":146}]",[],[]
arch_watermill,gltf,glb/buildings/fantasy_town/watermill.glb,1,architecture_block,architecture,"arch watermill (architecture); 0.85m x 1.7991m x 1.7991m. Dominant colors: mixed, orange/gold.","{""x"":0.85,""y"":1.7991,""z"":1.7991}","{""x"":0.85,""y"":1.7991,""z"":1.7991}","{""x"":0.85,""y"":1.7991,""z"":1.7991}","[{""name"":""colormap"",""hex"":""#ffffff""}]","[{""hex"":""#ffe0a0"",""pixels"":5127},{""hex"":""#ffa080"",""pixels"":4075},{""hex"":""#ffffc0"",""pixels"":2707},{""hex"":""#ffc0a0"",""pixels"":1911},{""hex"":""#ffe0c0"",""pixels"":1662},{""hex"":""#e0a080"",""pixels"":1653},{""hex"":""#ffc080"",""pixels"":657},{""hex"":""#ffffff"",""pixels"":332}]",[],[]
arch_windmill,gltf,glb/buildings/fantasy_town/windmill.glb,1,architecture_block,architecture,"arch windmill (architecture); 0.471m x 3.1132m x 3.1132m. Dominant colors: white/light, mixed, orange/gold.","{""x"":0.471,""y"":3.1132,""z"":3.1132}","{""x"":0.471,""y"":3.1132,""z"":3.1132}","{""x"":0.471,""y"":3.1132,""z"":3.1132}","[{""name"":""colormap"",""hex"":""#ffffff""}]","[{""hex"":""#ffffff"",""pixels"":3175},{""hex"":""#ffe0a0"",""pixels"":758},{""hex"":""#ffe0c0"",""pixels"":679},{""hex"":""#ffffc0"",""pixels"":493},{""hex"":""#ffffe0"",""pixels"":291},{""hex"":""#ffc0a0"",""pixels"":126},{""hex"":""#ffe0e0"",""pixels"":116},{""hex"":""#ffc080"",""pixels"":25}]",[],[]
arch_wheel,gltf,glb/buildings/fantasy_town/wheel.glb,1,decorative_or_unknown,architecture,"arch wheel (architecture); 0.2384m x 0.4833m x 0.4678m. Dominant colors: white/light, orange/gold, mixed.","{""x"":0.2384,""y"":0.4833,""z"":0.4678}","{""x"":0.2384,""y"":0.4833,""z"":0.4678}","{""x"":0.2384,""y"":0.4833,""z"":0.4678}","[{""name"":""colormap"",""hex"":""#ffffff""}]","[{""hex"":""#ffffff"",""pixels"":7891},{""hex"":""#ffc0a0"",""pixels"":1576},{""hex"":""#e0e0ff"",""pixels"":1211},{""hex"":""#ffe0a0"",""pixels"":1152},{""hex"":""#ffe0c0"",""pixels"":1097},{""hex"":""#ffa080"",""pixels"":762},{""hex"":""#ffffc0"",""pixels"":460},{""hex"":""#c0e0ff"",""pixels"":428}]",[],[]
table_small,gltf,glb/props/dungeon/table_small.gltf.glb,0.78,furniture_or_clutter,furniture,"table small (furniture); 0.78m x 0.78m x 0.78m. Dominant colors: orange/gold, white/light, mixed.","{""x"":1,""y"":1,""z"":1}","{""x"":0.78,""y"":0.78,""z"":0.78}","{""x"":0.78,""y"":0.78,""z"":0.78}","[{""name"":""texture"",""hex"":""#ffffff""}]","[{""hex"":""#ffa080"",""pixels"":16853},{""hex"":""#ffffe0"",""pixels"":11466},{""hex"":""#ff8060"",""pixels"":6724},{""hex"":""#e08060"",""pixels"":2801},{""hex"":""#ffe0c0"",""pixels"":1277},{""hex"":""#ffc0a0"",""pixels"":1091},{""hex"":""#ffe0a0"",""pixels"":1089},{""hex"":""#ffc080"",""pixels"":947}]",[],[]
table_medium,gltf,glb/props/dungeon/table_medium.gltf.glb,0.82,furniture_or_clutter,furniture,"table medium (furniture); 1.64m x 0.82m x 1.64m. Dominant colors: white/light, orange/gold, mixed.","{""x"":2,""y"":1,""z"":2}","{""x"":1.64,""y"":0.82,""z"":1.64}","{""x"":1.64,""y"":0.82,""z"":1.64}","[{""name"":""texture"",""hex"":""#ffffff""}]","[{""hex"":""#ffffe0"",""pixels"":11147},{""hex"":""#ffa080"",""pixels"":6696},{""hex"":""#ffe0c0"",""pixels"":1677},{""hex"":""#ff8060"",""pixels"":1603},{""hex"":""#ffc0a0"",""pixels"":1383},{""hex"":""#ffe0a0"",""pixels"":611},{""hex"":""#ffc080"",""pixels"":550},{""hex"":""#e08060"",""pixels"":503}]",[],[]
table_long,gltf,glb/props/dungeon/table_long.gltf.glb,0.82,furniture_or_clutter,furniture,"table long (furniture); 1.64m x 0.82m x 3.28m. Dominant colors: white/light, orange/gold, mixed.","{""x"":2,""y"":1,""z"":4}","{""x"":1.64,""y"":0.82,""z"":3.28}","{""x"":1.64,""y"":0.82,""z"":3.28}","[{""name"":""texture"",""hex"":""#ffffff""}]","[{""hex"":""#ffffe0"",""pixels"":5563},{""hex"":""#ffa080"",""pixels"":1972},{""hex"":""#ffe0c0"",""pixels"":859},{""hex"":""#ffc0a0"",""pixels"":541},{""hex"":""#ff8060"",""pixels"":479},{""hex"":""#ffe0e0"",""pixels"":184},{""hex"":""#ffe0a0"",""pixels"":175},{""hex"":""#e08060"",""pixels"":152}]",[],[]
table_long_decorated,gltf,glb/props/dungeon/table_long_decorated_A.gltf.glb,0.82,furniture_or_clutter,furniture,"table long decorated (furniture); 1.6881m x 1.5463m x 3.28m. Dominant colors: white/light, orange/gold, mixed.","{""x"":2.0586,""y"":1.8857,""z"":4}","{""x"":1.6881,""y"":1.5463,""z"":3.28}","{""x"":1.6881,""y"":1.5463,""z"":3.28}","[{""name"":""texture"",""hex"":""#ffffff""}]","[{""hex"":""#ffffe0"",""pixels"":2560},{""hex"":""#ffffff"",""pixels"":2549},{""hex"":""#ffa080"",""pixels"":1983},{""hex"":""#ffe0c0"",""pixels"":580},{""hex"":""#ff8060"",""pixels"":512},{""hex"":""#ffc0a0"",""pixels"":351},{""hex"":""#80ffff"",""pixels"":242},{""hex"":""#ffe0e0"",""pixels"":236}]",[],[]
table_tablecloth,gltf,glb/props/dungeon/table_medium_tablecloth.gltf.glb,0.82,furniture_or_clutter,furniture,"table tablecloth (furniture); 1.64m x 0.82m x 1.64m. Dominant colors: white/light, orange/gold, mixed.","{""x"":2,""y"":1,""z"":2}","{""x"":1.64,""y"":0.82,""z"":1.64}","{""x"":1.64,""y"":0.82,""z"":1.64}","[{""name"":""texture"",""hex"":""#ffffff""}]","[{""hex"":""#ffffff"",""pixels"":8997},{""hex"":""#ffa080"",""pixels"":5859},{""hex"":""#ffffe0"",""pixels"":5319},{""hex"":""#ff8060"",""pixels"":1520},{""hex"":""#ffe0c0"",""pixels"":1028},{""hex"":""#ffc0a0"",""pixels"":805},{""hex"":""#e08060"",""pixels"":503},{""hex"":""#ffe0e0"",""pixels"":439}]",[],[]
chair,gltf,glb/props/dungeon/chair.gltf.glb,0.72,furniture_or_clutter,furniture,"chair (furniture); 0.54m x 0.8831m x 0.54m. Dominant colors: orange/gold, mixed, white/light.","{""x"":0.75,""y"":1.2265,""z"":0.75}","{""x"":0.54,""y"":0.8831,""z"":0.54}","{""x"":0.54,""y"":0.8831,""z"":0.54}","[{""name"":""texture"",""hex"":""#ffffff""}]","[{""hex"":""#ffa080"",""pixels"":9958},{""hex"":""#ff8060"",""pixels"":2631},{""hex"":""#ffe0a0"",""pixels"":1225},{""hex"":""#ffffe0"",""pixels"":1221},{""hex"":""#ffe0c0"",""pixels"":910},{""hex"":""#e08060"",""pixels"":788},{""hex"":""#ffc0a0"",""pixels"":784},{""hex"":""#ffc080"",""pixels"":366}]",[],[]
shelf_small,gltf,glb/props/dungeon/shelf_small.gltf.glb,0.78,furniture_or_clutter,furniture,"shelf small (furniture); 0.78m x 0.312m x 0.39m. Dominant colors: mixed, orange/gold.","{""x"":1,""y"":0.4,""z"":0.5}","{""x"":0.78,""y"":0.312,""z"":0.39}","{""x"":0.78,""y"":0.312,""z"":0.39}","[{""name"":""texture"",""hex"":""#ffffff""}]","[{""hex"":""#ffe0c0"",""pixels"":6555},{""hex"":""#ff8060"",""pixels"":3016},{""hex"":""#e08060"",""pixels"":1827},{""hex"":""#ffa080"",""pixels"":689},{""hex"":""#ffc0a0"",""pixels"":212},{""hex"":""#ffc080"",""pixels"":104},{""hex"":""#c06040"",""pixels"":71},{""hex"":""#ffc0c0"",""pixels"":62}]",[],[]
shelf_large,gltf,glb/props/dungeon/shelf_large.gltf.glb,0.78,furniture_or_clutter,furniture,"shelf large (furniture); 1.56m x 0.351m x 0.39m. Dominant colors: white/light, orange/gold, mixed.","{""x"":2,""y"":0.45,""z"":0.5}","{""x"":1.56,""y"":0.351,""z"":0.39}","{""x"":1.56,""y"":0.351,""z"":0.39}","[{""name"":""texture"",""hex"":""#ffffff""}]","[{""hex"":""#ffffe0"",""pixels"":3163},{""hex"":""#ffa080"",""pixels"":1999},{""hex"":""#ffc0a0"",""pixels"":444},{""hex"":""#ffe0c0"",""pixels"":131},{""hex"":""#e08060"",""pixels"":74},{""hex"":""#ff8060"",""pixels"":47},{""hex"":""#e0a080"",""pixels"":30},{""hex"":""#ffc080"",""pixels"":27}]",[],[]
shelf_candles,gltf,glb/props/dungeon/shelf_small_candles.gltf.glb,0.78,decorative_tiny,furniture,"shelf candles (furniture); 0.78m x 0.7755m x 0.39m. Dominant colors: white/light, mixed, orange/gold.","{""x"":1,""y"":0.9942,""z"":0.5}","{""x"":0.78,""y"":0.7755,""z"":0.39}","{""x"":0.78,""y"":0.7755,""z"":0.39}","[{""name"":""texture"",""hex"":""#ffffff""}]","[{""hex"":""#ffffff"",""pixels"":7183},{""hex"":""#ffe0c0"",""pixels"":3423},{""hex"":""#ff8060"",""pixels"":3001},{""hex"":""#e08060"",""pixels"":1820},{""hex"":""#ffa080"",""pixels"":678},{""hex"":""#ffc0a0"",""pixels"":227},{""hex"":""#a08080"",""pixels"":154},{""hex"":""#ffc080"",""pixels"":104}]",[],[]
barrel_small,gltf,glb/props/dungeon/barrel_small.gltf.glb,0.74,furniture_or_clutter,storage_or_clutter,"barrel small (storage_or_clutter); 0.741m x 0.7531m x 0.741m. Dominant colors: white/light, orange/gold.","{""x"":1.0014,""y"":1.0177,""z"":1.0014}","{""x"":0.741,""y"":0.7531,""z"":0.741}","{""x"":0.741,""y"":0.7531,""z"":0.741}","[{""name"":""texture"",""hex"":""#ffffff""}]","[{""hex"":""#ffffff"",""pixels"":8067},{""hex"":""#ffa080"",""pixels"":7547},{""hex"":""#ffc080"",""pixels"":3484},{""hex"":""#ffc0a0"",""pixels"":2941},{""hex"":""#ffffe0"",""pixels"":2673},{""hex"":""#e08060"",""pixels"":793},{""hex"":""#ffe0a0"",""pixels"":544},{""hex"":""#ff8060"",""pixels"":418}]",[],[]
barrel_stack,gltf,glb/props/dungeon/barrel_small_stack.gltf.glb,0.74,furniture_or_clutter,storage_or_clutter,"barrel stack (storage_or_clutter); 1.3691m x 1.3099m x 0.74m. Dominant colors: white/light, orange/gold, mixed.","{""x"":1.8501,""y"":1.7701,""z"":1}","{""x"":1.3691,""y"":1.3099,""z"":0.74}","{""x"":1.3691,""y"":1.3099,""z"":0.74}","[{""name"":""texture"",""hex"":""#ffffff""}]","[{""hex"":""#ffffff"",""pixels"":5855},{""hex"":""#ffc0a0"",""pixels"":4815},{""hex"":""#ffa080"",""pixels"":3476},{""hex"":""#ffc080"",""pixels"":1959},{""hex"":""#ffe0c0"",""pixels"":1366},{""hex"":""#ffe0a0"",""pixels"":1165},{""hex"":""#ffffe0"",""pixels"":891},{""hex"":""#e08060"",""pixels"":663}]",[],[]
barrel_large,gltf,glb/props/dungeon/barrel_large.gltf.glb,0.74,furniture_or_clutter,storage_or_clutter,"barrel large (storage_or_clutter); 1.332m x 1.48m x 1.332m. Dominant colors: orange/gold, white/light.","{""x"":1.8,""y"":2,""z"":1.8}","{""x"":1.332,""y"":1.48,""z"":1.332}","{""x"":1.332,""y"":1.48,""z"":1.332}","[{""name"":""texture"",""hex"":""#ffffff""}]","[{""hex"":""#ffa080"",""pixels"":7542},{""hex"":""#ffffff"",""pixels"":4306},{""hex"":""#ffc0a0"",""pixels"":4010},{""hex"":""#ffc080"",""pixels"":2765},{""hex"":""#ffffe0"",""pixels"":2554},{""hex"":""#e08060"",""pixels"":1775},{""hex"":""#e0e0e0"",""pixels"":955},{""hex"":""#c0e0e0"",""pixels"":769}]",[],[]
crates_stacked,gltf,glb/props/dungeon/crates_stacked.gltf.glb,0.76,furniture_or_clutter,storage_or_clutter,"crates stacked (storage_or_clutter); 1.5878m x 1.6281m x 1.7095m. Dominant colors: orange/gold, white/light.","{""x"":2.0892,""y"":2.1423,""z"":2.2494}","{""x"":1.5878,""y"":1.6281,""z"":1.7095}","{""x"":1.5878,""y"":1.6281,""z"":1.7095}","[{""name"":""texture"",""hex"":""#ffffff""}]","[{""hex"":""#ffa080"",""pixels"":6207},{""hex"":""#ffffff"",""pixels"":4283},{""hex"":""#ffffe0"",""pixels"":2229},{""hex"":""#ffc080"",""pixels"":2004},{""hex"":""#e08060"",""pixels"":1894},{""hex"":""#ff8060"",""pixels"":1460},{""hex"":""#ffc0a0"",""pixels"":955},{""hex"":""#e0ffff"",""pixels"":816}]",[],[]
box_decorated,gltf,glb/props/dungeon/box_small_decorated.gltf.glb,0.76,decorative_or_unknown,decor_or_misc,"box decorated (decor_or_misc); 1.1323m x 1.1269m x 1.1303m. Dominant colors: white/light, orange/gold, mixed.","{""x"":1.4899,""y"":1.4828,""z"":1.4872}","{""x"":1.1323,""y"":1.1269,""z"":1.1303}","{""x"":1.1323,""y"":1.127,""z"":1.1303}","[{""name"":""texture"",""hex"":""#ffffff""}]","[{""hex"":""#ffffff"",""pixels"":9092},{""hex"":""#ffa080"",""pixels"":4178},{""hex"":""#ffff80"",""pixels"":2365},{""hex"":""#ffffa0"",""pixels"":1533},{""hex"":""#e0ffff"",""pixels"":1521},{""hex"":""#ffffe0"",""pixels"":1462},{""hex"":""#ffffc0"",""pixels"":1346},{""hex"":""#c0e0e0"",""pixels"":963}]",[],[]
box_stacked,gltf,glb/props/dungeon/box_stacked.gltf.glb,0.76,decorative_or_unknown,decor_or_misc,"box stacked (decor_or_misc); 2.6412m x 2.5148m x 2.7624m. Dominant colors: white/light, orange/gold.","{""x"":3.4753,""y"":3.3089,""z"":3.6347}","{""x"":2.6412,""y"":2.5148,""z"":2.7624}","{""x"":2.6412,""y"":2.5148,""z"":2.7624}","[{""name"":""texture"",""hex"":""#ffffff""}]","[{""hex"":""#ffffff"",""pixels"":6203},{""hex"":""#ffa080"",""pixels"":4519},{""hex"":""#ffc0a0"",""pixels"":1519},{""hex"":""#ffc080"",""pixels"":1342},{""hex"":""#e0ffff"",""pixels"":1283},{""hex"":""#ffffe0"",""pixels"":1015},{""hex"":""#c0e0e0"",""pixels"":895},{""hex"":""#e0e0e0"",""pixels"":789}]",[],[]
chest,gltf,glb/props/dungeon/chest.glb,0.76,furniture_or_clutter,storage_or_clutter,"chest (storage_or_clutter); 1.292m x 0.988m x 1.0988m. Dominant colors: orange/gold, white/light, mixed.","{""x"":1.7,""y"":1.3,""z"":1.4458}","{""x"":1.292,""y"":0.988,""z"":1.0988}","{""x"":1.292,""y"":0.988,""z"":1.0988}","[{""name"":""texture"",""hex"":""#ffffff""}]","[{""hex"":""#ffa080"",""pixels"":9638},{""hex"":""#ffffff"",""pixels"":7266},{""hex"":""#ffc0a0"",""pixels"":2960},{""hex"":""#e0ffff"",""pixels"":1829},{""hex"":""#ffe0c0"",""pixels"":1353},{""hex"":""#ff8060"",""pixels"":1318},{""hex"":""#ffc080"",""pixels"":969},{""hex"":""#c0e0e0"",""pixels"":670}]",[],[]
chest_gold,gltf,glb/props/dungeon/chest_gold.glb,0.76,furniture_or_clutter,storage_or_clutter,"chest gold (storage_or_clutter); 1.292m x 0.988m x 1.0988m. Dominant colors: orange/gold, white/light, mixed.","{""x"":1.7,""y"":1.3,""z"":1.4458}","{""x"":1.292,""y"":0.988,""z"":1.0988}","{""x"":1.292,""y"":0.988,""z"":1.0988}","[{""name"":""texture"",""hex"":""#ffffff""}]","[{""hex"":""#ffa080"",""pixels"":9638},{""hex"":""#ffffff"",""pixels"":7266},{""hex"":""#ffc0a0"",""pixels"":2960},{""hex"":""#e0ffff"",""pixels"":1829},{""hex"":""#ffe0c0"",""pixels"":1353},{""hex"":""#ff8060"",""pixels"":1318},{""hex"":""#ffc080"",""pixels"":969},{""hex"":""#c0e0e0"",""pixels"":670}]",[],[]
torch_lit,gltf,glb/props/dungeon/torch_lit.gltf.glb,0.72,decorative_tiny,lighting,"torch lit (lighting); 0.3962m x 0.8106m x 0.3962m. Dominant colors: white/light, mixed.","{""x"":0.5503,""y"":1.1258,""z"":0.5503}","{""x"":0.3962,""y"":0.8106,""z"":0.3962}","{""x"":0.3962,""y"":0.8106,""z"":0.3962}","[{""name"":""texture"",""hex"":""#ffffff""}]","[{""hex"":""#ffffff"",""pixels"":1531},{""hex"":""#e0ffff"",""pixels"":591},{""hex"":""#c0e0e0"",""pixels"":550},{""hex"":""#c0a0a0"",""pixels"":450},{""hex"":""#ffff80"",""pixels"":389},{""hex"":""#e0e0e0"",""pixels"":378},{""hex"":""#e0e0ff"",""pixels"":220},{""hex"":""#c0c0c0"",""pixels"":207}]",[],[]
torch_mounted,gltf,glb/props/dungeon/torch_mounted.gltf.glb,0.72,decorative_tiny,lighting,"torch mounted (lighting); 0.3962m x 0.765m x 0.4434m. Dominant colors: white/light, orange/gold, mixed, gray/stone.","{""x"":0.5503,""y"":1.0625,""z"":0.6158}","{""x"":0.3962,""y"":0.765,""z"":0.4434}","{""x"":0.3962,""y"":0.765,""z"":0.4434}","[{""name"":""texture"",""hex"":""#ffffff""}]","[{""hex"":""#ffffff"",""pixels"":2042},{""hex"":""#e0ffff"",""pixels"":670},{""hex"":""#ffa080"",""pixels"":542},{""hex"":""#c0e0e0"",""pixels"":412},{""hex"":""#c0c0c0"",""pixels"":343},{""hex"":""#e0e0ff"",""pixels"":328},{""hex"":""#a0a080"",""pixels"":305},{""hex"":""#e0e0e0"",""pixels"":299}]",[],[]
wall_shelves,gltf,glb/props/dungeon/wall_shelves.gltf.glb,0.8,decorative_or_unknown,wall_or_display_decor,"wall shelves (wall_or_display_decor); 3.2m x 3.2m x 1.0941m. Dominant colors: white/light, mixed.","{""x"":4,""y"":4,""z"":1.3676}","{""x"":3.2,""y"":3.2,""z"":1.0941}","{""x"":3.2,""y"":3.2,""z"":1.0941}","[{""name"":""texture"",""hex"":""#ffffff""}]","[{""hex"":""#e0e0ff"",""pixels"":6664},{""hex"":""#80a0a0"",""pixels"":3965},{""hex"":""#e0ffff"",""pixels"":3581},{""hex"":""#e0e0e0"",""pixels"":2586},{""hex"":""#a0c0c0"",""pixels"":2072},{""hex"":""#ffffff"",""pixels"":1489},{""hex"":""#8080a0"",""pixels"":937},{""hex"":""#c0e0e0"",""pixels"":666}]",[],[]
pillar,gltf,glb/props/dungeon/pillar.gltf.glb,0.8,solid_landmark,decor_or_misc,"pillar (decor_or_misc); 1.2m x 3.2m x 1.2m. Dominant colors: white/light, mixed.","{""x"":1.5,""y"":4,""z"":1.5}","{""x"":1.2,""y"":3.2,""z"":1.2}","{""x"":1.2,""y"":3.2,""z"":1.2}","[{""name"":""texture"",""hex"":""#ffffff""}]","[{""hex"":""#e0e0ff"",""pixels"":3247},{""hex"":""#e0e0e0"",""pixels"":1847},{""hex"":""#e0ffff"",""pixels"":1500},{""hex"":""#80a0a0"",""pixels"":1299},{""hex"":""#c0e0e0"",""pixels"":585},{""hex"":""#a0c0c0"",""pixels"":560},{""hex"":""#8080a0"",""pixels"":475},{""hex"":""#a0a0a0"",""pixels"":298}]",[],[]
key,gltf,glb/props/dungeon/key.gltf.glb,0.55,decorative_tiny,decor_or_misc,"key (decor_or_misc); 0.4926m x 0.2216m x 0.078m. Dominant colors: white/light, mixed, gray/stone.","{""x"":0.8957,""y"":0.4029,""z"":0.1418}","{""x"":0.4926,""y"":0.2216,""z"":0.078}","{""x"":0.4926,""y"":0.2216,""z"":0.078}","[{""name"":""texture"",""hex"":""#ffffff""}]","[{""hex"":""#ffffff"",""pixels"":3010},{""hex"":""#e0ffff"",""pixels"":658},{""hex"":""#e0e0e0"",""pixels"":645},{""hex"":""#c0e0e0"",""pixels"":636},{""hex"":""#e0e0ff"",""pixels"":416},{""hex"":""#c0c0c0"",""pixels"":171},{""hex"":""#a0c0c0"",""pixels"":150},{""hex"":""#a0a0a0"",""pixels"":128}]",[],[]
candle,gltf,glb/props/magic/candle.gltf.glb,0.65,decorative_tiny,lighting,"candle (lighting); 0.2174m x 0.5675m x 0.214m. Dominant colors: white/light, mixed.","{""x"":0.3344,""y"":0.873,""z"":0.3293}","{""x"":0.2174,""y"":0.5675,""z"":0.214}","{""x"":0.2173,""y"":0.5674,""z"":0.214}","[{""name"":""texture"",""hex"":""#ffffff""}]","[{""hex"":""#ffffff"",""pixels"":10659},{""hex"":""#a08080"",""pixels"":72},{""hex"":""#a0a080"",""pixels"":41},{""hex"":""#ffffe0"",""pixels"":21},{""hex"":""#e0e0e0"",""pixels"":21},{""hex"":""#e0c0c0"",""pixels"":18},{""hex"":""#c0a0a0"",""pixels"":14},{""hex"":""#c0c0a0"",""pixels"":8}]",[],[]
candle_lit,gltf,glb/props/magic/candle_lit.gltf.glb,0.65,decorative_tiny,lighting,"candle lit (lighting); 0.2174m x 0.6832m x 0.214m. Dominant colors: white/light, mixed.","{""x"":0.3344,""y"":1.0511,""z"":0.3293}","{""x"":0.2174,""y"":0.6832,""z"":0.214}","{""x"":0.2173,""y"":0.6832,""z"":0.214}","[{""name"":""texture"",""hex"":""#ffffff""}]","[{""hex"":""#ffffff"",""pixels"":7393},{""hex"":""#ffff80"",""pixels"":325},{""hex"":""#ffff60"",""pixels"":109},{""hex"":""#ffffa0"",""pixels"":52},{""hex"":""#ffffe0"",""pixels"":44},{""hex"":""#ffe080"",""pixels"":34},{""hex"":""#ffffc0"",""pixels"":24},{""hex"":""#ffc080"",""pixels"":13}]",[],[]
candle_thin_lit,gltf,glb/props/magic/candle_thin_lit.gltf.glb,0.65,decorative_tiny,lighting,"candle thin lit (lighting); 0.1256m x 0.6832m x 0.1237m. Dominant colors: white/light, mixed.","{""x"":0.1932,""y"":1.0511,""z"":0.1903}","{""x"":0.1256,""y"":0.6832,""z"":0.1237}","{""x"":0.1256,""y"":0.6832,""z"":0.1237}","[{""name"":""texture"",""hex"":""#ffffff""}]","[{""hex"":""#ffffff"",""pixels"":4090},{""hex"":""#ffff80"",""pixels"":330},{""hex"":""#ffff60"",""pixels"":109},{""hex"":""#ffffa0"",""pixels"":47},{""hex"":""#ffffe0"",""pixels"":35},{""hex"":""#ffe080"",""pixels"":30},{""hex"":""#ffffc0"",""pixels"":28},{""hex"":""#ffe0a0"",""pixels"":13}]",[],[]
candle_triple,gltf,glb/props/magic/candle_triple.gltf.glb,0.65,decorative_tiny,lighting,"candle triple (lighting); 0.3258m x 0.5675m x 0.2534m. Dominant colors: white/light, mixed.","{""x"":0.5012,""y"":0.873,""z"":0.3899}","{""x"":0.3258,""y"":0.5675,""z"":0.2534}","{""x"":0.3258,""y"":0.5674,""z"":0.2535}","[{""name"":""texture"",""hex"":""#ffffff""}]","[{""hex"":""#ffffff"",""pixels"":13441},{""hex"":""#a08080"",""pixels"":207},{""hex"":""#a0a080"",""pixels"":124},{""hex"":""#e0c0c0"",""pixels"":51},{""hex"":""#e0e0e0"",""pixels"":43},{""hex"":""#c0a0a0"",""pixels"":36},{""hex"":""#c0c0c0"",""pixels"":24},{""hex"":""#e0e0c0"",""pixels"":24}]",[],[]
bottle_brown,gltf,glb/props/magic/bottle_A_labeled_brown.gltf.glb,0.62,decorative_tiny,food_or_tabletop,"bottle brown (food_or_tabletop); 0.2284m x 0.5491m x 0.2284m. Dominant colors: white/light, orange/gold, mixed.","{""x"":0.3684,""y"":0.8857,""z"":0.3684}","{""x"":0.2284,""y"":0.5491,""z"":0.2284}","{""x"":0.2284,""y"":0.5491,""z"":0.2284}","[{""name"":""texture"",""hex"":""#ffffff""}]","[{""hex"":""#ffffff"",""pixels"":2564},{""hex"":""#ffc060"",""pixels"":2308},{""hex"":""#ffa060"",""pixels"":1074},{""hex"":""#ffe080"",""pixels"":756},{""hex"":""#ffe060"",""pixels"":602},{""hex"":""#ff8060"",""pixels"":326},{""hex"":""#ffc080"",""pixels"":287},{""hex"":""#e06040"",""pixels"":207}]",[],[]
bottle_green,gltf,glb/props/magic/bottle_A_labeled_green.gltf.glb,0.62,decorative_tiny,food_or_tabletop,"bottle green (food_or_tabletop); 0.2284m x 0.5491m x 0.2284m. Dominant colors: mixed, white/light.","{""x"":0.3684,""y"":0.8857,""z"":0.3684}","{""x"":0.2284,""y"":0.5491,""z"":0.2284}","{""x"":0.2284,""y"":0.5491,""z"":0.2284}","[{""name"":""texture"",""hex"":""#ffffff""}]","[{""hex"":""#80ffff"",""pixels"":2721},{""hex"":""#ffffff"",""pixels"":2564},{""hex"":""#60ffff"",""pixels"":1221},{""hex"":""#60ffe0"",""pixels"":1052},{""hex"":""#a0ffff"",""pixels"":777},{""hex"":""#40e0e0"",""pixels"":150},{""hex"":""#40e0c0"",""pixels"":150},{""hex"":""#ffffc0"",""pixels"":128}]",[],[]
bottle_b,gltf,glb/props/magic/bottle_B_brown.gltf.glb,0.62,decorative_tiny,food_or_tabletop,"bottle b (food_or_tabletop); 0.3427m x 0.5491m x 0.3427m. Dominant colors: orange/gold, mixed.","{""x"":0.5528,""y"":0.8857,""z"":0.5528}","{""x"":0.3427,""y"":0.5491,""z"":0.3427}","{""x"":0.3427,""y"":0.5491,""z"":0.3427}","[{""name"":""texture"",""hex"":""#ffffff""}]","[{""hex"":""#ffc060"",""pixels"":3781},{""hex"":""#ffa060"",""pixels"":2036},{""hex"":""#ffe080"",""pixels"":1223},{""hex"":""#ffe060"",""pixels"":851},{""hex"":""#ff8060"",""pixels"":656},{""hex"":""#ff8040"",""pixels"":611},{""hex"":""#ffffff"",""pixels"":576},{""hex"":""#e06040"",""pixels"":478}]",[],[]
banner_blue,gltf,glb/props/magic/banner_patternA_blue.gltf.glb,0.82,decorative_tiny,wall_or_display_decor,"banner blue (wall_or_display_decor); 1.23m x 2.6208m x 0.2558m. Dominant colors: white/light, mixed, blue.","{""x"":1.5,""y"":3.1961,""z"":0.3119}","{""x"":1.23,""y"":2.6208,""z"":0.2558}","{""x"":1.23,""y"":2.6208,""z"":0.2557}","[{""name"":""texture"",""hex"":""#ffffff""}]","[{""hex"":""#ffffff"",""pixels"":4698},{""hex"":""#c0ffff"",""pixels"":2555},{""hex"":""#e0ffff"",""pixels"":927},{""hex"":""#a0ffff"",""pixels"":838},{""hex"":""#80e0ff"",""pixels"":314},{""hex"":""#80c0ff"",""pixels"":78},{""hex"":""#a0e0ff"",""pixels"":57},{""hex"":""#e0ffe0"",""pixels"":30}]",[],"[""decorative_tiny role but larger than expected""]"
banner_yellow,gltf,glb/props/magic/banner_patternB_yellow.gltf.glb,0.82,decorative_tiny,wall_or_display_decor,"banner yellow (wall_or_display_decor); 1.23m x 2.6208m x 0.2558m. Dominant colors: white/light, mixed.","{""x"":1.5,""y"":3.1961,""z"":0.3119}","{""x"":1.23,""y"":2.6208,""z"":0.2558}","{""x"":1.23,""y"":2.6208,""z"":0.2557}","[{""name"":""texture"",""hex"":""#ffffff""}]","[{""hex"":""#ffffff"",""pixels"":4385},{""hex"":""#ffffa0"",""pixels"":3803},{""hex"":""#ffff80"",""pixels"":732},{""hex"":""#ffffc0"",""pixels"":305},{""hex"":""#ffe060"",""pixels"":195},{""hex"":""#ffffe0"",""pixels"":41},{""hex"":""#ffe080"",""pixels"":29},{""hex"":""#e0e0e0"",""pixels"":16}]",[],"[""decorative_tiny role but larger than expected""]"
banner_white,gltf,glb/props/magic/banner_white.gltf.glb,0.82,decorative_tiny,wall_or_display_decor,"banner white (wall_or_display_decor); 1.23m x 2.6208m x 0.2558m. Dominant colors: white/light, mixed.","{""x"":1.5,""y"":3.1961,""z"":0.3119}","{""x"":1.23,""y"":2.6208,""z"":0.2558}","{""x"":1.23,""y"":2.6208,""z"":0.2557}","[{""name"":""texture"",""hex"":""#ffffff""}]","[{""hex"":""#ffffff"",""pixels"":9446},{""hex"":""#ffffe0"",""pixels"":28},{""hex"":""#e0e0e0"",""pixels"":16},{""hex"":""#e0ffff"",""pixels"":14},{""hex"":""#e0e0ff"",""pixels"":10},{""hex"":""#c0e0e0"",""pixels"":10},{""hex"":""#c0c0e0"",""pixels"":4},{""hex"":""#a0c0c0"",""pixels"":2}]",[],"[""decorative_tiny role but larger than expected""]"
banner_brown,gltf,glb/props/magic/banner_brown.gltf.glb,0.82,decorative_tiny,wall_or_display_decor,"banner brown (wall_or_display_decor); 1.23m x 2.6208m x 0.2558m. Dominant colors: orange/gold, mixed.","{""x"":1.5,""y"":3.1961,""z"":0.3119}","{""x"":1.23,""y"":2.6208,""z"":0.2558}","{""x"":1.23,""y"":2.6208,""z"":0.2557}","[{""name"":""texture"",""hex"":""#ffffff""}]","[{""hex"":""#ffc060"",""pixels"":6635},{""hex"":""#ffa060"",""pixels"":1103},{""hex"":""#ffe060"",""pixels"":499},{""hex"":""#ff8060"",""pixels"":493},{""hex"":""#ff8040"",""pixels"":201},{""hex"":""#ffe0a0"",""pixels"":190},{""hex"":""#e06040"",""pixels"":118},{""hex"":""#ffe0c0"",""pixels"":61}]",[],"[""decorative_tiny role but larger than expected""]"
sword_1h,gltf,glb/equipment/weapons/sword_1handed.gltf,0.7,decorative_tiny,tools_or_weapons,"sword 1h (tools_or_weapons); 0.3524m x 1.2427m x 0.0914m. Dominant colors: white/light, mixed, gray/stone.","{""x"":0.5034,""y"":1.7753,""z"":0.1306}","{""x"":0.3524,""y"":1.2427,""z"":0.0914}","{""x"":0.3524,""y"":1.2427,""z"":0.0914}","[{""name"":""knight"",""hex"":""#ffffff""}]","[{""hex"":""#ffffff"",""pixels"":1249},{""hex"":""#e0ffff"",""pixels"":422},{""hex"":""#c0e0e0"",""pixels"":361},{""hex"":""#e0e0e0"",""pixels"":297},{""hex"":""#c0c0c0"",""pixels"":264},{""hex"":""#e0e0ff"",""pixels"":231},{""hex"":""#c0c0e0"",""pixels"":142},{""hex"":""#ffa080"",""pixels"":116}]",[],[]
sword_2h,gltf,glb/equipment/weapons/sword_2handed.gltf,0.72,decorative_tiny,tools_or_weapons,"sword 2h (tools_or_weapons); 0.6041m x 1.7034m x 0.1786m. Dominant colors: white/light, orange/gold, mixed.","{""x"":0.839,""y"":2.3658,""z"":0.248}","{""x"":0.6041,""y"":1.7034,""z"":0.1786}","{""x"":0.6041,""y"":1.7034,""z"":0.1786}","[{""name"":""knight"",""hex"":""#ffffff""}]","[{""hex"":""#ffffff"",""pixels"":1520},{""hex"":""#ffa080"",""pixels"":265},{""hex"":""#e0ffff"",""pixels"":153},{""hex"":""#e0e0e0"",""pixels"":137},{""hex"":""#e0e0ff"",""pixels"":94},{""hex"":""#c0e0e0"",""pixels"":63},{""hex"":""#ffc0a0"",""pixels"":59},{""hex"":""#c0c0c0"",""pixels"":44}]",[],"[""decorative_tiny role but larger than expected""]"
sword_2h_color,gltf,glb/equipment/weapons/sword_2handed_color.gltf,0.72,decorative_tiny,tools_or_weapons,"sword 2h color (tools_or_weapons); 0.6041m x 1.7034m x 0.1786m. Dominant colors: white/light, orange/gold, mixed.","{""x"":0.839,""y"":2.3658,""z"":0.248}","{""x"":0.6041,""y"":1.7034,""z"":0.1786}","{""x"":0.6041,""y"":1.7034,""z"":0.1786}","[{""name"":""knight"",""hex"":""#ffffff""}]","[{""hex"":""#ffffff"",""pixels"":1350},{""hex"":""#ffa080"",""pixels"":266},{""hex"":""#ffffa0"",""pixels"":242},{""hex"":""#ffff80"",""pixels"":140},{""hex"":""#ffffe0"",""pixels"":138},{""hex"":""#ffffc0"",""pixels"":108},{""hex"":""#ffc0a0"",""pixels"":66},{""hex"":""#ffff60"",""pixels"":54}]",[],"[""decorative_tiny role but larger than expected""]"
axe_1h,gltf,glb/equipment/weapons/axe_1handed.gltf,0.72,decorative_tiny,tools_or_weapons,"axe 1h (tools_or_weapons); 0.5143m x 0.896m x 0.1332m. Dominant colors: white/light, mixed, orange/gold.","{""x"":0.7143,""y"":1.2444,""z"":0.185}","{""x"":0.5143,""y"":0.896,""z"":0.1332}","{""x"":0.5143,""y"":0.896,""z"":0.1332}","[{""name"":""barbarian"",""hex"":""#ffffff""}]","[{""hex"":""#ffffff"",""pixels"":1318},{""hex"":""#c0e0e0"",""pixels"":1247},{""hex"":""#e0e0e0"",""pixels"":798},{""hex"":""#e0e0ff"",""pixels"":703},{""hex"":""#ffa080"",""pixels"":637},{""hex"":""#e0ffff"",""pixels"":490},{""hex"":""#80c0e0"",""pixels"":234},{""hex"":""#c0c0e0"",""pixels"":203}]",[],[]
axe_2h,gltf,glb/equipment/weapons/axe_2handed.gltf,0.72,decorative_tiny,tools_or_weapons,"axe 2h (tools_or_weapons); 0.8924m x 1.2417m x 0.1885m. Dominant colors: white/light, mixed, orange/gold.","{""x"":1.2395,""y"":1.7246,""z"":0.2618}","{""x"":0.8924,""y"":1.2417,""z"":0.1885}","{""x"":0.8925,""y"":1.2417,""z"":0.1885}","[{""name"":""barbarian"",""hex"":""#ffffff""}]","[{""hex"":""#ffffff"",""pixels"":2564},{""hex"":""#c0e0e0"",""pixels"":957},{""hex"":""#e0e0e0"",""pixels"":662},{""hex"":""#e0e0ff"",""pixels"":494},{""hex"":""#e0ffff"",""pixels"":487},{""hex"":""#e08060"",""pixels"":357},{""hex"":""#c0c0e0"",""pixels"":200},{""hex"":""#80c0e0"",""pixels"":185}]",[],[]
dagger,gltf,glb/equipment/weapons/dagger.gltf,0.65,decorative_tiny,tools_or_weapons,"dagger (tools_or_weapons); 0.1685m x 0.7838m x 0.0986m. Dominant colors: white/light, mixed, orange/gold.","{""x"":0.2593,""y"":1.2058,""z"":0.1517}","{""x"":0.1685,""y"":0.7838,""z"":0.0986}","{""x"":0.1685,""y"":0.7838,""z"":0.0986}","[{""name"":""rogue"",""hex"":""#ffffff""}]","[{""hex"":""#ffffff"",""pixels"":1393},{""hex"":""#e0ffff"",""pixels"":420},{""hex"":""#c0e0e0"",""pixels"":240},{""hex"":""#ffa080"",""pixels"":215},{""hex"":""#e0e0e0"",""pixels"":163},{""hex"":""#e0e0ff"",""pixels"":136},{""hex"":""#a0c0c0"",""pixels"":104},{""hex"":""#c0c0e0"",""pixels"":77}]",[],[]
shield_round,gltf,glb/equipment/shields/shield_round.gltf,0.7,decorative_tiny,tools_or_weapons,"shield round (tools_or_weapons); 0.6178m x 0.6178m x 0.2323m. Dominant colors: white/light, orange/gold, mixed.","{""x"":0.8826,""y"":0.8826,""z"":0.3319}","{""x"":0.6178,""y"":0.6178,""z"":0.2323}","{""x"":0.6178,""y"":0.6178,""z"":0.2324}","[{""name"":""knight"",""hex"":""#ffffff""}]","[{""hex"":""#ffffff"",""pixels"":5005},{""hex"":""#ffa080"",""pixels"":3457},{""hex"":""#c0e0e0"",""pixels"":1439},{""hex"":""#e0ffff"",""pixels"":1395},{""hex"":""#ff8060"",""pixels"":1085},{""hex"":""#ffc080"",""pixels"":863},{""hex"":""#e0e0e0"",""pixels"":748},{""hex"":""#e08060"",""pixels"":627}]",[],[]
shield_round_color,gltf,glb/equipment/shields/shield_round_color.gltf,0.7,decorative_tiny,tools_or_weapons,"shield round color (tools_or_weapons); 0.6178m x 0.6178m x 0.2323m. Dominant colors: white/light, red/brown, mixed.","{""x"":0.8826,""y"":0.8826,""z"":0.3319}","{""x"":0.6178,""y"":0.6178,""z"":0.2323}","{""x"":0.6178,""y"":0.6178,""z"":0.2324}","[{""name"":""knight"",""hex"":""#ffffff""}]","[{""hex"":""#ffffff"",""pixels"":8432},{""hex"":""#ff4060"",""pixels"":1988},{""hex"":""#e0ffff"",""pixels"":1454},{""hex"":""#c0e0e0"",""pixels"":1406},{""hex"":""#e0e0e0"",""pixels"":819},{""hex"":""#e0e0ff"",""pixels"":533},{""hex"":""#ff8080"",""pixels"":445},{""hex"":""#ffa0a0"",""pixels"":300}]",[],[]
shield_square_color,gltf,glb/equipment/shields/shield_square_color.gltf,0.7,decorative_tiny,tools_or_weapons,"shield square color (tools_or_weapons); 0.6178m x 0.835m x 0.2108m. Dominant colors: white/light, red/brown, mixed, gray/stone.","{""x"":0.8826,""y"":1.1929,""z"":0.3011}","{""x"":0.6178,""y"":0.835,""z"":0.2108}","{""x"":0.6178,""y"":0.835,""z"":0.2108}","[{""name"":""knight"",""hex"":""#ffffff""}]","[{""hex"":""#ffffff"",""pixels"":3922},{""hex"":""#ff4060"",""pixels"":3386},{""hex"":""#e0ffff"",""pixels"":1163},{""hex"":""#ff6060"",""pixels"":956},{""hex"":""#c0e0e0"",""pixels"":930},{""hex"":""#c0c0c0"",""pixels"":858},{""hex"":""#ff8080"",""pixels"":766},{""hex"":""#e0e0e0"",""pixels"":597}]",[],[]
bow,gltf,glb/equipment/ranged/bow.gltf,0.72,decorative_tiny,tools_or_weapons,"bow (tools_or_weapons); 0.356m x 0.112m x 1.4283m. Dominant colors: orange/gold, mixed, white/light.","{""x"":0.4944,""y"":0.1556,""z"":1.9837}","{""x"":0.356,""y"":0.112,""z"":1.4283}","{""x"":0.356,""y"":0.112,""z"":1.4283}","[{""name"":""ranger"",""hex"":""#ffffff""}]","[{""hex"":""#ffa080"",""pixels"":405},{""hex"":""#ffc0a0"",""pixels"":327},{""hex"":""#ffc080"",""pixels"":146},{""hex"":""#ffe0c0"",""pixels"":137},{""hex"":""#ffc0c0"",""pixels"":66},{""hex"":""#ffe0e0"",""pixels"":49},{""hex"":""#ffe0a0"",""pixels"":48},{""hex"":""#60ffff"",""pixels"":30}]",[],[]
crossbow,gltf,glb/equipment/ranged/crossbow_2handed.gltf,0.72,decorative_tiny,tools_or_weapons,"crossbow (tools_or_weapons); 0.8807m x 0.345m x 1.0374m. Dominant colors: white/light, orange/gold, mixed.","{""x"":1.2232,""y"":0.4792,""z"":1.4409}","{""x"":0.8807,""y"":0.345,""z"":1.0374}","{""x"":0.8807,""y"":0.3451,""z"":1.0374}","[{""name"":""rogue"",""hex"":""#ffffff""}]","[{""hex"":""#ffffff"",""pixels"":3119},{""hex"":""#ffa080"",""pixels"":361},{""hex"":""#e0ffff"",""pixels"":326},{""hex"":""#ffe0a0"",""pixels"":160},{""hex"":""#ffffe0"",""pixels"":109},{""hex"":""#e0e0e0"",""pixels"":106},{""hex"":""#ffc0a0"",""pixels"":84},{""hex"":""#ffe0c0"",""pixels"":76}]",[],[]
quiver,gltf,glb/equipment/ranged/quiver.gltf,0.72,decorative_tiny,decor_or_misc,"quiver (decor_or_misc); 0.2199m x 0.6692m x 0.14m. Dominant colors: orange/gold, green.","{""x"":0.3054,""y"":0.9294,""z"":0.1945}","{""x"":0.2199,""y"":0.6692,""z"":0.14}","{""x"":0.2199,""y"":0.6691,""z"":0.14}","[{""name"":""rogue"",""hex"":""#ffffff""}]","[{""hex"":""#ffa080"",""pixels"":2503},{""hex"":""#ff8060"",""pixels"":1014},{""hex"":""#e08060"",""pixels"":536},{""hex"":""#20ffa0"",""pixels"":350},{""hex"":""#ffc0a0"",""pixels"":339},{""hex"":""#20e0a0"",""pixels"":324},{""hex"":""#ffc080"",""pixels"":241},{""hex"":""#ffe0a0"",""pixels"":239}]",[],[]
staff,gltf,glb/equipment/magic/staff.gltf,0.75,decorative_tiny,tools_or_weapons,"staff (tools_or_weapons); 0.4322m x 1.616m x 0.2192m. Dominant colors: orange/gold, mixed, white/light, green.","{""x"":0.5762,""y"":2.1547,""z"":0.2923}","{""x"":0.4322,""y"":1.616,""z"":0.2192}","{""x"":0.4322,""y"":1.616,""z"":0.2193}","[{""name"":""mage"",""hex"":""#ffffff""}]","[{""hex"":""#ffa080"",""pixels"":271},{""hex"":""#ffffc0"",""pixels"":203},{""hex"":""#ffffff"",""pixels"":198},{""hex"":""#e0ffff"",""pixels"":159},{""hex"":""#a0ffc0"",""pixels"":148},{""hex"":""#60c0c0"",""pixels"":142},{""hex"":""#ffffa0"",""pixels"":136},{""hex"":""#80ffc0"",""pixels"":112}]",[],"[""decorative_tiny role but larger than expected""]"
wand,gltf,glb/equipment/magic/wand.gltf,0.7,decorative_tiny,decor_or_misc,"wand (decor_or_misc); 0.1124m x 0.6763m x 0.1124m. Dominant colors: mixed, orange/gold, blue.","{""x"":0.1606,""y"":0.9661,""z"":0.1606}","{""x"":0.1124,""y"":0.6763,""z"":0.1124}","{""x"":0.1124,""y"":0.6763,""z"":0.1124}","[{""name"":""mage"",""hex"":""#ffffff""}]","[{""hex"":""#60c0c0"",""pixels"":590},{""hex"":""#ffa080"",""pixels"":584},{""hex"":""#ffc0a0"",""pixels"":355},{""hex"":""#ffc080"",""pixels"":298},{""hex"":""#60a0c0"",""pixels"":220},{""hex"":""#ff8060"",""pixels"":138},{""hex"":""#e08060"",""pixels"":135},{""hex"":""#60a0a0"",""pixels"":87}]",[],[]
spellbook_closed,gltf,glb/equipment/magic/spellbook_closed.gltf,0.7,decorative_tiny,wall_or_display_decor,"spellbook closed (wall_or_display_decor); 0.2051m x 0.4025m x 0.299m. Dominant colors: red/brown, white/light, orange/gold, mixed.","{""x"":0.293,""y"":0.575,""z"":0.4271}","{""x"":0.2051,""y"":0.4025,""z"":0.299}","{""x"":0.2051,""y"":0.4025,""z"":0.299}","[{""name"":""mage"",""hex"":""#ffffff""}]","[{""hex"":""#ff40a0"",""pixels"":11287},{""hex"":""#ffffff"",""pixels"":4077},{""hex"":""#ff40c0"",""pixels"":1262},{""hex"":""#ffa080"",""pixels"":984},{""hex"":""#e04080"",""pixels"":929},{""hex"":""#ffa0ff"",""pixels"":777},{""hex"":""#ffc0a0"",""pixels"":617},{""hex"":""#e08060"",""pixels"":523}]",[],[]
spellbook_open,gltf,glb/equipment/magic/spellbook_open.gltf,0.7,decorative_tiny,wall_or_display_decor,"spellbook open (wall_or_display_decor); 0.5797m x 0.3982m x 0.1553m. Dominant colors: white/light, red/brown, mixed.","{""x"":0.8282,""y"":0.5688,""z"":0.2219}","{""x"":0.5797,""y"":0.3982,""z"":0.1553}","{""x"":0.5797,""y"":0.3982,""z"":0.1554}","[{""name"":""mage"",""hex"":""#ffffff""}]","[{""hex"":""#ffffff"",""pixels"":13009},{""hex"":""#ff40a0"",""pixels"":1250},{""hex"":""#ff40c0"",""pixels"":714},{""hex"":""#ffa0ff"",""pixels"":681},{""hex"":""#ffa0e0"",""pixels"":92},{""hex"":""#e04080"",""pixels"":89},{""hex"":""#ff60c0"",""pixels"":84},{""hex"":""#ffc0e0"",""pixels"":73}]",[],[]
mug_empty,gltf,glb/equipment/items/mug_empty.gltf,0.65,decorative_tiny,food_or_tabletop,"mug empty (food_or_tabletop); 0.3472m x 0.3164m x 0.2574m. Dominant colors: orange/gold, white/light, mixed.","{""x"":0.5342,""y"":0.4867,""z"":0.396}","{""x"":0.3472,""y"":0.3164,""z"":0.2574}","{""x"":0.3473,""y"":0.3164,""z"":0.2574}","[{""name"":""barbarian"",""hex"":""#ffffff""}]","[{""hex"":""#ffa080"",""pixels"":7742},{""hex"":""#ffffff"",""pixels"":6232},{""hex"":""#e0ffff"",""pixels"":2444},{""hex"":""#ffc080"",""pixels"":2196},{""hex"":""#ffe0c0"",""pixels"":979},{""hex"":""#ff8060"",""pixels"":952},{""hex"":""#ffc0a0"",""pixels"":686},{""hex"":""#e08060"",""pixels"":450}]",[],[]
mug_full,gltf,glb/equipment/items/mug_full.gltf,0.65,decorative_tiny,food_or_tabletop,"mug full (food_or_tabletop); 0.3472m x 0.3565m x 0.2574m. Dominant colors: white/light, orange/gold.","{""x"":0.5342,""y"":0.5484,""z"":0.396}","{""x"":0.3472,""y"":0.3565,""z"":0.2574}","{""x"":0.3473,""y"":0.3564,""z"":0.2574}","[{""name"":""barbarian"",""hex"":""#ffffff""}]","[{""hex"":""#ffffff"",""pixels"":9554},{""hex"":""#ffa080"",""pixels"":6078},{""hex"":""#e0ffff"",""pixels"":2327},{""hex"":""#ff8060"",""pixels"":955},{""hex"":""#ffc0a0"",""pixels"":784},{""hex"":""#ffc080"",""pixels"":768},{""hex"":""#ffe0a0"",""pixels"":745},{""hex"":""#e08060"",""pixels"":417}]",[],[]
bed_twin1,gltf,gltf/quaternius/fantasy_props/Bed_Twin1.gltf,0.82,furniture_or_clutter,furniture,"bed twin1 (furniture); 1.5381m x 0.6602m x 1.9778m. Dominant colors: white/light, orange/gold, mixed.","{""x"":1.8757,""y"":0.8051,""z"":2.4119}","{""x"":1.5381,""y"":0.6602,""z"":1.9778}","{""x"":1.5381,""y"":0.6602,""z"":1.9778}","[{""name"":""MI_Trim_Furniture"",""hex"":""#ffffff""},{""name"":""MI_Trim_Metal"",""hex"":""#ffffff""},{""name"":""MI_Trim_Cloth"",""hex"":""#ffffff""}]","[{""hex"":""#ffffff"",""pixels"":3130},{""hex"":""#e0a060"",""pixels"":2823},{""hex"":""#a0e0e0"",""pixels"":2162},{""hex"":""#ffc080"",""pixels"":2108},{""hex"":""#ffa060"",""pixels"":1529},{""hex"":""#e08060"",""pixels"":481},{""hex"":""#c08060"",""pixels"":418},{""hex"":""#80a0c0"",""pixels"":398}]",[],[]
bed_twin2,gltf,gltf/quaternius/fantasy_props/Bed_Twin2.gltf,0.82,furniture_or_clutter,furniture,"bed twin2 (furniture); 1.5381m x 0.6229m x 1.9778m. Dominant colors: white/light, orange/gold, red/brown, green.","{""x"":1.8757,""y"":0.7596,""z"":2.4119}","{""x"":1.5381,""y"":0.6229,""z"":1.9778}","{""x"":1.5381,""y"":0.6229,""z"":1.9778}","[{""name"":""MI_Trim_Furniture"",""hex"":""#ffffff""},{""name"":""MI_Trim_Metal"",""hex"":""#ffffff""},{""name"":""MI_Trim_Cloth"",""hex"":""#ffffff""}]","[{""hex"":""#ffffff"",""pixels"":3056},{""hex"":""#e0a060"",""pixels"":1862},{""hex"":""#a06040"",""pixels"":1690},{""hex"":""#ffc080"",""pixels"":1634},{""hex"":""#60a060"",""pixels"":1446},{""hex"":""#ffa060"",""pixels"":851},{""hex"":""#40a040"",""pixels"":749},{""hex"":""#408040"",""pixels"":599}]",[],[]
nightstand,gltf,gltf/quaternius/fantasy_props/Nightstand_Shelf.gltf,0.8,furniture_or_clutter,furniture,"nightstand (furniture); 0.5546m x 0.9725m x 0.3148m. Dominant colors: red/brown, orange/gold.","{""x"":0.6933,""y"":1.2156,""z"":0.3935}","{""x"":0.5546,""y"":0.9725,""z"":0.3148}","{""x"":0.5547,""y"":0.9725,""z"":0.3148}","[{""name"":""MI_Trim_Furniture"",""hex"":""#ffffff""}]","[{""hex"":""#a06020"",""pixels"":2737},{""hex"":""#a06040"",""pixels"":2499},{""hex"":""#a04020"",""pixels"":2472},{""hex"":""#804020"",""pixels"":1863},{""hex"":""#c08060"",""pixels"":1739},{""hex"":""#a06060"",""pixels"":1527},{""hex"":""#c06040"",""pixels"":741},{""hex"":""#a08060"",""pixels"":534}]",[],[]
cabinet,gltf,gltf/quaternius/fantasy_props/Cabinet.gltf,0.82,furniture_or_clutter,furniture,"cabinet (furniture); 1.1167m x 0.8179m x 0.2928m. Dominant colors: orange/gold, red/brown, mixed.","{""x"":1.3618,""y"":0.9974,""z"":0.3571}","{""x"":1.1167,""y"":0.8179,""z"":0.2928}","{""x"":1.1167,""y"":0.8179,""z"":0.2928}","[{""name"":""MI_Trim_Furniture"",""hex"":""#ffffff""},{""name"":""MI_Trim_Metal"",""hex"":""#ffffff""}]","[{""hex"":""#ffc080"",""pixels"":3523},{""hex"":""#c08060"",""pixels"":2625},{""hex"":""#c08040"",""pixels"":2045},{""hex"":""#e0a060"",""pixels"":2024},{""hex"":""#a06040"",""pixels"":1586},{""hex"":""#a08060"",""pixels"":1375},{""hex"":""#ffa060"",""pixels"":1241},{""hex"":""#a08040"",""pixels"":1126}]",[],[]
bookcase_2,gltf,gltf/quaternius/fantasy_props/Bookcase_2.gltf,0.82,decorative_tiny,furniture,"bookcase 2 (furniture); 1.1982m x 2.0868m x 0.3518m. Dominant colors: orange/gold, red/brown.","{""x"":1.4612,""y"":2.5449,""z"":0.429}","{""x"":1.1982,""y"":2.0868,""z"":0.3518}","{""x"":1.1982,""y"":2.0868,""z"":0.3518}","[{""name"":""MI_Trim_Furniture"",""hex"":""#ffffff""},{""name"":""MI_Trim_Metal"",""hex"":""#ffffff""}]","[{""hex"":""#e0a060"",""pixels"":3374},{""hex"":""#c08060"",""pixels"":2426},{""hex"":""#ffa060"",""pixels"":1706},{""hex"":""#c08040"",""pixels"":1213},{""hex"":""#ffc080"",""pixels"":1127},{""hex"":""#a06040"",""pixels"":872},{""hex"":""#e08060"",""pixels"":839},{""hex"":""#a08040"",""pixels"":465}]",[],"[""decorative_tiny role but larger than expected"",""handheld/tabletop-looking prop appears oversized""]"
bench_fp,gltf,gltf/quaternius/fantasy_props/Bench.gltf,0.82,furniture_or_clutter,furniture,"bench (furniture); 2.2769m x 0.4372m x 0.4381m. Dominant colors: orange/gold, red/brown.","{""x"":2.7767,""y"":0.5332,""z"":0.5343}","{""x"":2.2769,""y"":0.4372,""z"":0.4381}","{""x"":2.2769,""y"":0.4372,""z"":0.4381}","[{""name"":""MI_Trim_Furniture"",""hex"":""#ffffff""},{""name"":""MI_Trim_Metal"",""hex"":""#ffffff""}]","[{""hex"":""#ffc080"",""pixels"":1839},{""hex"":""#e0a080"",""pixels"":371},{""hex"":""#ffa060"",""pixels"":342},{""hex"":""#ffa080"",""pixels"":301},{""hex"":""#c06040"",""pixels"":297},{""hex"":""#e0a060"",""pixels"":277},{""hex"":""#c08040"",""pixels"":184},{""hex"":""#a06040"",""pixels"":169}]",[],[]
table_large_fp,gltf,gltf/quaternius/fantasy_props/Table_Large.gltf,0.82,furniture_or_clutter,furniture,"table large (furniture); 2.3358m x 0.667m x 0.8993m. Dominant colors: orange/gold, red/brown.","{""x"":2.8485,""y"":0.8134,""z"":1.0967}","{""x"":2.3358,""y"":0.667,""z"":0.8993}","{""x"":2.3358,""y"":0.667,""z"":0.8993}","[{""name"":""MI_Trim_Furniture"",""hex"":""#ffffff""},{""name"":""MI_Trim_Metal"",""hex"":""#ffffff""}]","[{""hex"":""#e0a060"",""pixels"":2501},{""hex"":""#ffa080"",""pixels"":1564},{""hex"":""#ffc080"",""pixels"":1473},{""hex"":""#e0a080"",""pixels"":763},{""hex"":""#806060"",""pixels"":357},{""hex"":""#ffa060"",""pixels"":338},{""hex"":""#e08060"",""pixels"":307},{""hex"":""#c08060"",""pixels"":220}]",[],[]
table_plate_fp,gltf,gltf/quaternius/fantasy_props/Table_Plate.gltf,0.68,decorative_tiny,furniture,"table plate (furniture); 0.2266m x 0.0137m x 0.2291m. Dominant colors: white/light, gray/stone, mixed.","{""x"":0.3333,""y"":0.0202,""z"":0.3369}","{""x"":0.2266,""y"":0.0137,""z"":0.2291}","{""x"":0.2266,""y"":0.0137,""z"":0.2291}","[{""name"":""MI_Trim_Metal"",""hex"":""#ffffff""}]","[{""hex"":""#e0e0e0"",""pixels"":5768},{""hex"":""#808080"",""pixels"":881},{""hex"":""#c0c0c0"",""pixels"":731},{""hex"":""#606060"",""pixels"":681},{""hex"":""#ffffff"",""pixels"":593},{""hex"":""#e0c0e0"",""pixels"":534},{""hex"":""#a0a0a0"",""pixels"":484},{""hex"":""#806080"",""pixels"":186}]",[],[]
table_knife_fp,gltf,gltf/quaternius/fantasy_props/Table_Knife.gltf,0.68,decorative_tiny,furniture,"table knife (furniture); 0.0284m x 0.0042m x 0.1949m. Dominant colors: white/light, gray/stone.","{""x"":0.0417,""y"":0.0062,""z"":0.2866}","{""x"":0.0284,""y"":0.0042,""z"":0.1949}","{""x"":0.0283,""y"":0.0042,""z"":0.1949}","[{""name"":""MI_Trim_Metal"",""hex"":""#ffffff""}]","[{""hex"":""#ffffff"",""pixels"":359},{""hex"":""#404040"",""pixels"":289},{""hex"":""#e0e0e0"",""pixels"":206},{""hex"":""#c0c0c0"",""pixels"":162},{""hex"":""#606060"",""pixels"":89},{""hex"":""#a0a0a0"",""pixels"":74},{""hex"":""#808080"",""pixels"":70},{""hex"":""#ffe0ff"",""pixels"":55}]",[],[]
table_spoon_fp,gltf,gltf/quaternius/fantasy_props/Table_Spoon.gltf,0.68,decorative_tiny,furniture,"table spoon (furniture); 0.0313m x 0.0124m x 0.1848m. Dominant colors: gray/stone, white/light.","{""x"":0.046,""y"":0.0182,""z"":0.2718}","{""x"":0.0313,""y"":0.0124,""z"":0.1848}","{""x"":0.0313,""y"":0.0124,""z"":0.1848}","[{""name"":""MI_Trim_Metal"",""hex"":""#ffffff""}]","[{""hex"":""#404040"",""pixels"":433},{""hex"":""#e0e0e0"",""pixels"":186},{""hex"":""#a0a0a0"",""pixels"":179},{""hex"":""#c0c0c0"",""pixels"":175},{""hex"":""#808080"",""pixels"":159},{""hex"":""#606060"",""pixels"":154},{""hex"":""#ffffff"",""pixels"":97},{""hex"":""#a080a0"",""pixels"":34}]",[],[]
mug_fp,gltf,gltf/quaternius/fantasy_props/Mug.gltf,0.68,decorative_tiny,food_or_tabletop,"mug (food_or_tabletop); 0.1306m x 0.1251m x 0.0998m. Dominant colors: orange/gold, gray/stone.","{""x"":0.1921,""y"":0.1839,""z"":0.1468}","{""x"":0.1306,""y"":0.1251,""z"":0.0998}","{""x"":0.1306,""y"":0.125,""z"":0.0998}","[{""name"":""MI_Trim_Metal"",""hex"":""#ffffff""},{""name"":""MI_Trim_Furniture"",""hex"":""#ffffff""}]","[{""hex"":""#ffa060"",""pixels"":5666},{""hex"":""#e0a060"",""pixels"":5199},{""hex"":""#404040"",""pixels"":4033},{""hex"":""#ffc080"",""pixels"":3366},{""hex"":""#606060"",""pixels"":1299},{""hex"":""#e08060"",""pixels"":1056},{""hex"":""#ffc060"",""pixels"":1003},{""hex"":""#c08060"",""pixels"":680}]",[],[]
stool_fp,gltf,gltf/quaternius/fantasy_props/Stool.gltf,0.78,furniture_or_clutter,furniture,"stool (furniture); 0.3702m x 0.4592m x 0.3702m. Dominant colors: orange/gold, red/brown.","{""x"":0.4746,""y"":0.5887,""z"":0.4746}","{""x"":0.3702,""y"":0.4592,""z"":0.3702}","{""x"":0.3702,""y"":0.4592,""z"":0.3702}","[{""name"":""MI_Trim_Furniture"",""hex"":""#ffffff""}]","[{""hex"":""#ffc080"",""pixels"":4571},{""hex"":""#a06040"",""pixels"":4561},{""hex"":""#ffa080"",""pixels"":1387},{""hex"":""#e0a060"",""pixels"":1273},{""hex"":""#e0a080"",""pixels"":1237},{""hex"":""#c08040"",""pixels"":1107},{""hex"":""#ffa060"",""pixels"":1044},{""hex"":""#a06020"",""pixels"":759}]",[],[]
chandelier_fp,gltf,gltf/quaternius/fantasy_props/Chandelier.gltf,0.78,decorative_or_unknown,decor_or_misc,"chandelier (decor_or_misc); 1.016m x 1.1369m x 1.016m. Dominant colors: orange/gold, gray/stone, white/light.","{""x"":1.3025,""y"":1.4576,""z"":1.3025}","{""x"":1.016,""y"":1.1369,""z"":1.016}","{""x"":1.016,""y"":1.137,""z"":1.016}","[{""name"":""MI_Trim_Metal"",""hex"":""#ffffff""},{""name"":""MI_Trim_Furniture"",""hex"":""#ffffff""},{""name"":""MI_Trim_Props_Vertex"",""hex"":""#ffffff""}]","[{""hex"":""#ffc080"",""pixels"":1489},{""hex"":""#ffa060"",""pixels"":901},{""hex"":""#e0a060"",""pixels"":845},{""hex"":""#606060"",""pixels"":802},{""hex"":""#404040"",""pixels"":734},{""hex"":""#ffffe0"",""pixels"":623},{""hex"":""#808080"",""pixels"":386},{""hex"":""#a0a0a0"",""pixels"":367}]",[],[]
lantern_wall_fp,gltf,gltf/quaternius/fantasy_props/Lantern_Wall.gltf,0.8,decorative_tiny,lighting,"lantern wall (lighting); 0.2858m x 1.0696m x 1.0418m. Dominant colors: gray/stone, mixed.","{""x"":0.3573,""y"":1.337,""z"":1.3023}","{""x"":0.2858,""y"":1.0696,""z"":1.0418}","{""x"":0.2859,""y"":1.0696,""z"":1.0419}","[{""name"":""MI_Trim_Metal"",""hex"":""#ffffff""}]","[{""hex"":""#404040"",""pixels"":3734},{""hex"":""#606060"",""pixels"":1594},{""hex"":""#808080"",""pixels"":722},{""hex"":""#c0c0c0"",""pixels"":572},{""hex"":""#604060"",""pixels"":492},{""hex"":""#a0a0a0"",""pixels"":342},{""hex"":""#e0e0e0"",""pixels"":328},{""hex"":""#402040"",""pixels"":263}]",[],[]
barrel_fp,gltf,gltf/quaternius/fantasy_props/Barrel.gltf,0.82,furniture_or_clutter,storage_or_clutter,"barrel (storage_or_clutter); 0.5724m x 0.7364m x 0.5724m. Dominant colors: orange/gold, gray/stone.","{""x"":0.698,""y"":0.898,""z"":0.698}","{""x"":0.5724,""y"":0.7364,""z"":0.5724}","{""x"":0.5724,""y"":0.7363,""z"":0.5724}","[{""name"":""MI_Trim_Furniture"",""hex"":""#ffffff""},{""name"":""MI_Trim_Metal"",""hex"":""#ffffff""}]","[{""hex"":""#e0a060"",""pixels"":2911},{""hex"":""#404040"",""pixels"":2228},{""hex"":""#c08060"",""pixels"":1970},{""hex"":""#e08040"",""pixels"":1822},{""hex"":""#c08040"",""pixels"":1565},{""hex"":""#ffc080"",""pixels"":1463},{""hex"":""#ffa060"",""pixels"":1439},{""hex"":""#c06040"",""pixels"":1209}]",[],[]
barrel_holder_fp,gltf,gltf/quaternius/fantasy_props/Barrel_Holder.gltf,0.82,furniture_or_clutter,storage_or_clutter,"barrel holder (storage_or_clutter); 1.1145m x 1.0311m x 0.6076m. Dominant colors: orange/gold, red/brown.","{""x"":1.3592,""y"":1.2574,""z"":0.741}","{""x"":1.1145,""y"":1.0311,""z"":0.6076}","{""x"":1.1146,""y"":1.0311,""z"":0.6076}","[{""name"":""MI_Trim_Furniture"",""hex"":""#ffffff""},{""name"":""MI_Trim_Metal"",""hex"":""#ffffff""}]","[{""hex"":""#ffc080"",""pixels"":3381},{""hex"":""#e0a060"",""pixels"":2406},{""hex"":""#ffa060"",""pixels"":1883},{""hex"":""#e08040"",""pixels"":1701},{""hex"":""#c08040"",""pixels"":1654},{""hex"":""#c06040"",""pixels"":1019},{""hex"":""#e08060"",""pixels"":783},{""hex"":""#ffa080"",""pixels"":669}]",[],[]
barrel_apples,gltf,gltf/quaternius/fantasy_props/Barrel_Apples.gltf,0.82,decorative_tiny,storage_or_clutter,"barrel apples (storage_or_clutter); 0.5724m x 0.7364m x 0.5724m. Dominant colors: orange/gold, gray/stone.","{""x"":0.698,""y"":0.898,""z"":0.698}","{""x"":0.5724,""y"":0.7364,""z"":0.5724}","{""x"":0.5724,""y"":0.7363,""z"":0.5724}","[{""name"":""MI_Trim_Furniture"",""hex"":""#ffffff""},{""name"":""MI_Trim_Metal"",""hex"":""#ffffff""},{""name"":""MI_Trim_Props_Vertex"",""hex"":""#ffffff""}]","[{""hex"":""#e0a060"",""pixels"":5415},{""hex"":""#ffa060"",""pixels"":3557},{""hex"":""#404040"",""pixels"":2226},{""hex"":""#ffc080"",""pixels"":1960},{""hex"":""#c08060"",""pixels"":1490},{""hex"":""#e08060"",""pixels"":974},{""hex"":""#606060"",""pixels"":686},{""hex"":""#c08040"",""pixels"":644}]",[],[]
farmcrate_apple,gltf,gltf/quaternius/fantasy_props/FarmCrate_Apple.gltf,0.82,decorative_tiny,storage_or_clutter,farmcrate apple (storage_or_clutter); 0.5853m x 0.1999m x 0.3396m. Dominant colors: orange/gold.,"{""x"":0.7138,""y"":0.2438,""z"":0.4142}","{""x"":0.5853,""y"":0.1999,""z"":0.3396}","{""x"":0.5853,""y"":0.1999,""z"":0.3396}","[{""name"":""MI_Trim_Furniture"",""hex"":""#ffffff""},{""name"":""MI_Trim_Metal"",""hex"":""#ffffff""},{""name"":""MI_Trim_Props_Vertex"",""hex"":""#ffffff""}]","[{""hex"":""#ffc080"",""pixels"":4145},{""hex"":""#e0a060"",""pixels"":3805},{""hex"":""#ffa060"",""pixels"":2498},{""hex"":""#ffc060"",""pixels"":571},{""hex"":""#c08040"",""pixels"":525},{""hex"":""#c08060"",""pixels"":519},{""hex"":""#e08060"",""pixels"":513},{""hex"":""#e04040"",""pixels"":377}]",[],[]
farmcrate_carrot,gltf,gltf/quaternius/fantasy_props/FarmCrate_Carrot.gltf,0.82,decorative_tiny,storage_or_clutter,"farmcrate carrot (storage_or_clutter); 0.5853m x 0.3373m x 0.4649m. Dominant colors: orange/gold, green.","{""x"":0.7138,""y"":0.4113,""z"":0.567}","{""x"":0.5853,""y"":0.3373,""z"":0.4649}","{""x"":0.5853,""y"":0.3373,""z"":0.4649}","[{""name"":""MI_Trim_Props_Vertex"",""hex"":""#ffffff""},{""name"":""MI_Trim_Furniture"",""hex"":""#ffffff""},{""name"":""MI_Trim_Metal"",""hex"":""#ffffff""}]","[{""hex"":""#e0a060"",""pixels"":3527},{""hex"":""#ffa060"",""pixels"":2716},{""hex"":""#ffc080"",""pixels"":2047},{""hex"":""#ff8040"",""pixels"":1831},{""hex"":""#ffa040"",""pixels"":1593},{""hex"":""#80e040"",""pixels"":776},{""hex"":""#a0e040"",""pixels"":711},{""hex"":""#ff8020"",""pixels"":596}]",[],[]
crate_wooden_fp,gltf,gltf/quaternius/fantasy_props/Crate_Wooden.gltf,0.82,furniture_or_clutter,storage_or_clutter,"crate wooden (storage_or_clutter); 0.6907m x 0.7633m x 0.7448m. Dominant colors: red/brown, orange/gold.","{""x"":0.8423,""y"":0.9309,""z"":0.9083}","{""x"":0.6907,""y"":0.7633,""z"":0.7448}","{""x"":0.6907,""y"":0.7634,""z"":0.7448}","[{""name"":""MI_Trim_Furniture"",""hex"":""#ffffff""},{""name"":""MI_Trim_Metal"",""hex"":""#ffffff""}]","[{""hex"":""#a06040"",""pixels"":8056},{""hex"":""#ffc080"",""pixels"":5586},{""hex"":""#e0a060"",""pixels"":5281},{""hex"":""#c08060"",""pixels"":3003},{""hex"":""#ffa060"",""pixels"":2773},{""hex"":""#a06020"",""pixels"":2151},{""hex"":""#806040"",""pixels"":1661},{""hex"":""#806020"",""pixels"":1655}]",[],[]
crate_metal_fp,gltf,gltf/quaternius/fantasy_props/Crate_Metal.gltf,0.82,furniture_or_clutter,storage_or_clutter,"crate metal (storage_or_clutter); 0.7084m x 0.7117m x 0.71m. Dominant colors: black/dark, red/brown, orange/gold, gray/stone.","{""x"":0.8639,""y"":0.8679,""z"":0.8659}","{""x"":0.7084,""y"":0.7117,""z"":0.71}","{""x"":0.7084,""y"":0.7117,""z"":0.7101}","[{""name"":""MI_Trim_Furniture"",""hex"":""#ffffff""},{""name"":""MI_Trim_Metal"",""hex"":""#ffffff""}]","[{""hex"":""#200000"",""pixels"":6896},{""hex"":""#a06040"",""pixels"":6719},{""hex"":""#e0a060"",""pixels"":3578},{""hex"":""#ffc080"",""pixels"":3326},{""hex"":""#202000"",""pixels"":3280},{""hex"":""#404040"",""pixels"":2436},{""hex"":""#c08060"",""pixels"":2396},{""hex"":""#ffa060"",""pixels"":1802}]",[],[]
bag_fp,gltf,gltf/quaternius/fantasy_props/Bag.gltf,0.78,furniture_or_clutter,storage_or_clutter,"bag (storage_or_clutter); 0.5111m x 0.6234m x 0.4246m. Dominant colors: orange/gold, mixed.","{""x"":0.6552,""y"":0.7992,""z"":0.5444}","{""x"":0.5111,""y"":0.6234,""z"":0.4246}","{""x"":0.511,""y"":0.6233,""z"":0.4246}","[{""name"":""MI_Trim_Cloth"",""hex"":""#ffffff""},{""name"":""MI_Trim_Furniture"",""hex"":""#ffffff""}]","[{""hex"":""#ffc060"",""pixels"":4535},{""hex"":""#ffe060"",""pixels"":4292},{""hex"":""#ffe080"",""pixels"":2703},{""hex"":""#ffa060"",""pixels"":1216},{""hex"":""#ffff80"",""pixels"":1201},{""hex"":""#e0a060"",""pixels"":589},{""hex"":""#c08040"",""pixels"":413},{""hex"":""#e0a040"",""pixels"":328}]",[],[]
bucket_wood,gltf,gltf/quaternius/fantasy_props/Bucket_Wooden_1.gltf,0.78,furniture_or_clutter,storage_or_clutter,"bucket wood (storage_or_clutter); 0.3384m x 0.2284m x 0.2991m. Dominant colors: orange/gold, mixed.","{""x"":0.4339,""y"":0.2928,""z"":0.3835}","{""x"":0.3384,""y"":0.2284,""z"":0.2991}","{""x"":0.3385,""y"":0.2284,""z"":0.2991}","[{""name"":""MI_Trim_Furniture"",""hex"":""#ffffff""},{""name"":""MI_Trim_Metal"",""hex"":""#ffffff""}]","[{""hex"":""#e0a060"",""pixels"":4058},{""hex"":""#ffa060"",""pixels"":3272},{""hex"":""#ffc080"",""pixels"":2813},{""hex"":""#c08060"",""pixels"":1294},{""hex"":""#e0c080"",""pixels"":1269},{""hex"":""#e08060"",""pixels"":1160},{""hex"":""#e0c0a0"",""pixels"":963},{""hex"":""#c0a080"",""pixels"":623}]",[],[]
rope_1_fp,gltf,gltf/quaternius/fantasy_props/Rope_1.gltf,0.78,decorative_tiny,decor_or_misc,"rope 1 (decor_or_misc); 0.4348m x 0.0764m x 0.4729m. Dominant colors: mixed, red/brown.","{""x"":0.5574,""y"":0.0979,""z"":0.6063}","{""x"":0.4348,""y"":0.0764,""z"":0.4729}","{""x"":0.4348,""y"":0.0763,""z"":0.4729}","[{""name"":""MI_Trim_Furniture"",""hex"":""#ffffff""}]","[{""hex"":""#e0c080"",""pixels"":2605},{""hex"":""#e0c0a0"",""pixels"":2327},{""hex"":""#c0a080"",""pixels"":1267},{""hex"":""#a08060"",""pixels"":504},{""hex"":""#ffe0a0"",""pixels"":376},{""hex"":""#806040"",""pixels"":366},{""hex"":""#c0c080"",""pixels"":335},{""hex"":""#ffe080"",""pixels"":236}]",[],[]
rope_2_fp,gltf,gltf/quaternius/fantasy_props/Rope_2.gltf,0.78,decorative_tiny,decor_or_misc,"rope 2 (decor_or_misc); 0.6301m x 0.0964m x 0.6591m. Dominant colors: mixed, orange/gold, red/brown.","{""x"":0.8078,""y"":0.1236,""z"":0.845}","{""x"":0.6301,""y"":0.0964,""z"":0.6591}","{""x"":0.6301,""y"":0.0964,""z"":0.6591}","[{""name"":""MI_Trim_Furniture"",""hex"":""#ffffff""}]","[{""hex"":""#e0c080"",""pixels"":2132},{""hex"":""#e0c0a0"",""pixels"":1450},{""hex"":""#c0a080"",""pixels"":1111},{""hex"":""#a08060"",""pixels"":432},{""hex"":""#ffc080"",""pixels"":298},{""hex"":""#806040"",""pixels"":291},{""hex"":""#c0c080"",""pixels"":288},{""hex"":""#ffe0a0"",""pixels"":282}]",[],[]
rope_3_fp,gltf,gltf/quaternius/fantasy_props/Rope_3.gltf,0.78,decorative_tiny,decor_or_misc,rope 3 (decor_or_misc); 0.9578m x 0.0794m x 0.7416m. Dominant colors: mixed.,"{""x"":1.228,""y"":0.1018,""z"":0.9508}","{""x"":0.9578,""y"":0.0794,""z"":0.7416}","{""x"":0.9578,""y"":0.0794,""z"":0.7416}","[{""name"":""MI_Trim_Furniture"",""hex"":""#ffffff""}]","[{""hex"":""#e0c080"",""pixels"":1590},{""hex"":""#e0c0a0"",""pixels"":1045},{""hex"":""#c0a080"",""pixels"":865},{""hex"":""#a08060"",""pixels"":348},{""hex"":""#e0e0c0"",""pixels"":228},{""hex"":""#c0c0a0"",""pixels"":211},{""hex"":""#c0c080"",""pixels"":178},{""hex"":""#c0a060"",""pixels"":140}]",[],[]
chain_coil,gltf,gltf/quaternius/fantasy_props/Chain_Coil.gltf,0.78,decorative_tiny,decor_or_misc,"chain coil (decor_or_misc); 0.8348m x 0.068m x 0.708m. Dominant colors: gray/stone, white/light.","{""x"":1.0703,""y"":0.0872,""z"":0.9077}","{""x"":0.8348,""y"":0.068,""z"":0.708}","{""x"":0.8348,""y"":0.068,""z"":0.708}","[{""name"":""MI_Trim_Metal"",""hex"":""#ffffff""}]","[{""hex"":""#606060"",""pixels"":934},{""hex"":""#404040"",""pixels"":849},{""hex"":""#a0a0a0"",""pixels"":702},{""hex"":""#c0c0c0"",""pixels"":694},{""hex"":""#808080"",""pixels"":667},{""hex"":""#e0e0e0"",""pixels"":386},{""hex"":""#604060"",""pixels"":166},{""hex"":""#a080a0"",""pixels"":120}]",[],[]
anvil_fp,gltf,gltf/quaternius/fantasy_props/Anvil.gltf,0.8,solid_landmark,service_or_landmark_prop,"anvil (service_or_landmark_prop); 0.8653m x 0.4448m x 0.3213m. Dominant colors: gray/stone, white/light, mixed.","{""x"":1.0816,""y"":0.556,""z"":0.4016}","{""x"":0.8653,""y"":0.4448,""z"":0.3213}","{""x"":0.8652,""y"":0.4448,""z"":0.3212}","[{""name"":""MI_Trim_Metal"",""hex"":""#ffffff""}]","[{""hex"":""#404040"",""pixels"":4197},{""hex"":""#606060"",""pixels"":1697},{""hex"":""#e0e0e0"",""pixels"":1338},{""hex"":""#604060"",""pixels"":654},{""hex"":""#808080"",""pixels"":330},{""hex"":""#c0c0c0"",""pixels"":258},{""hex"":""#a0a0a0"",""pixels"":218},{""hex"":""#e0c0e0"",""pixels"":106}]",[],[]
anvil_log_fp,gltf,gltf/quaternius/fantasy_props/Anvil_Log.gltf,0.8,tree_trunk,nature_or_resource,"anvil log (nature_or_resource); 0.7434m x 0.8587m x 0.6571m. Dominant colors: gray/stone, orange/gold, mixed.","{""x"":0.9293,""y"":1.0734,""z"":0.8214}","{""x"":0.7434,""y"":0.8587,""z"":0.6571}","{""x"":0.7434,""y"":0.8587,""z"":0.6571}","[{""name"":""MI_Trim_Furniture"",""hex"":""#ffffff""},{""name"":""MI_Trim_Metal"",""hex"":""#ffffff""},{""name"":""MI_Trim_Props"",""hex"":""#ffffff""}]","[{""hex"":""#404040"",""pixels"":4000},{""hex"":""#c08060"",""pixels"":2576},{""hex"":""#606060"",""pixels"":1705},{""hex"":""#e0a060"",""pixels"":1550},{""hex"":""#c0a060"",""pixels"":1461},{""hex"":""#c0a080"",""pixels"":1165},{""hex"":""#e0e0e0"",""pixels"":1069},{""hex"":""#ffc080"",""pixels"":930}]",[],[]
workbench_fp,gltf,gltf/quaternius/fantasy_props/Workbench.gltf,0.82,furniture_or_clutter,furniture,"workbench (furniture); 1.6557m x 0.7336m x 0.8398m. Dominant colors: orange/gold, red/brown.","{""x"":2.0191,""y"":0.8946,""z"":1.0242}","{""x"":1.6557,""y"":0.7336,""z"":0.8398}","{""x"":1.6557,""y"":0.7336,""z"":0.8399}","[{""name"":""MI_Trim_Furniture"",""hex"":""#ffffff""},{""name"":""MI_Trim_Metal"",""hex"":""#ffffff""}]","[{""hex"":""#ffa080"",""pixels"":1881},{""hex"":""#ffc080"",""pixels"":1808},{""hex"":""#e0a060"",""pixels"":1527},{""hex"":""#e0a080"",""pixels"":1249},{""hex"":""#804020"",""pixels"":1245},{""hex"":""#a06040"",""pixels"":834},{""hex"":""#604020"",""pixels"":768},{""hex"":""#ffa060"",""pixels"":602}]",[],[]
workbench_drawers_fp,gltf,gltf/quaternius/fantasy_props/Workbench_Drawers.gltf,0.82,furniture_or_clutter,furniture,"workbench drawers (furniture); 0.3469m x 0.1987m x 0.2452m. Dominant colors: orange/gold, red/brown.","{""x"":0.4231,""y"":0.2423,""z"":0.299}","{""x"":0.3469,""y"":0.1987,""z"":0.2452}","{""x"":0.3469,""y"":0.1987,""z"":0.2452}","[{""name"":""MI_Trim_Furniture"",""hex"":""#ffffff""},{""name"":""MI_Trim_Metal"",""hex"":""#ffffff""}]","[{""hex"":""#ffc080"",""pixels"":8382},{""hex"":""#a06040"",""pixels"":3336},{""hex"":""#e0a060"",""pixels"":2537},{""hex"":""#c08060"",""pixels"":1773},{""hex"":""#ffa060"",""pixels"":1631},{""hex"":""#ffa080"",""pixels"":1500},{""hex"":""#e08060"",""pixels"":1496},{""hex"":""#c08040"",""pixels"":1435}]",[],[]
weaponstand_fp,gltf,gltf/quaternius/fantasy_props/WeaponStand.gltf,0.82,decorative_or_unknown,tools_or_weapons,weaponstand (tools_or_weapons); 1.1367m x 0.9096m x 0.8061m. Dominant colors: orange/gold.,"{""x"":1.3862,""y"":1.1093,""z"":0.9831}","{""x"":1.1367,""y"":0.9096,""z"":0.8061}","{""x"":1.1367,""y"":0.9096,""z"":0.8062}","[{""name"":""MI_Trim_Furniture"",""hex"":""#ffffff""},{""name"":""MI_Trim_Metal"",""hex"":""#ffffff""}]","[{""hex"":""#ffc080"",""pixels"":4262},{""hex"":""#ffa060"",""pixels"":3831},{""hex"":""#e0a060"",""pixels"":3506},{""hex"":""#e08060"",""pixels"":675},{""hex"":""#ffc060"",""pixels"":665},{""hex"":""#ffa080"",""pixels"":560},{""hex"":""#e0a080"",""pixels"":426},{""hex"":""#e0e0c0"",""pixels"":395}]",[],[]
sword_bronze_fp,gltf,gltf/quaternius/fantasy_props/Sword_Bronze.gltf,0.72,decorative_tiny,tools_or_weapons,sword bronze (tools_or_weapons); 0.192m x 0.8152m x 0.0471m. Dominant colors: red/brown.,"{""x"":0.2666,""y"":1.1322,""z"":0.0654}","{""x"":0.192,""y"":0.8152,""z"":0.0471}","{""x"":0.1919,""y"":0.8152,""z"":0.0471}","[{""name"":""MI_Trim_Props_Vertex"",""hex"":""#ffffff""}]","[{""hex"":""#402000"",""pixels"":337},{""hex"":""#604020"",""pixels"":289},{""hex"":""#604000"",""pixels"":155},{""hex"":""#804020"",""pixels"":109},{""hex"":""#602000"",""pixels"":96},{""hex"":""#806040"",""pixels"":53},{""hex"":""#c0c0a0"",""pixels"":50},{""hex"":""#a08080"",""pixels"":38}]",[],[]
axe_bronze_fp,gltf,gltf/quaternius/fantasy_props/Axe_Bronze.gltf,0.72,decorative_tiny,tools_or_weapons,"axe bronze (tools_or_weapons); 0.212m x 0.5954m x 0.0331m. Dominant colors: orange/gold, red/brown, mixed.","{""x"":0.2945,""y"":0.8269,""z"":0.046}","{""x"":0.212,""y"":0.5954,""z"":0.0331}","{""x"":0.212,""y"":0.5954,""z"":0.0331}","[{""name"":""MI_Trim_Props_Vertex"",""hex"":""#ffffff""}]","[{""hex"":""#c08060"",""pixels"":407},{""hex"":""#604000"",""pixels"":361},{""hex"":""#402000"",""pixels"":307},{""hex"":""#e0a060"",""pixels"":263},{""hex"":""#ffa060"",""pixels"":141},{""hex"":""#c0a060"",""pixels"":138},{""hex"":""#c0a080"",""pixels"":130},{""hex"":""#804000"",""pixels"":101}]",[],[]
pickaxe_bronze_fp,gltf,gltf/quaternius/fantasy_props/Pickaxe_Bronze.gltf,0.72,decorative_tiny,tools_or_weapons,"pickaxe bronze (tools_or_weapons); 0.5853m x 0.8623m x 0.0977m. Dominant colors: orange/gold, red/brown, mixed.","{""x"":0.8129,""y"":1.1976,""z"":0.1357}","{""x"":0.5853,""y"":0.8623,""z"":0.0977}","{""x"":0.5853,""y"":0.8623,""z"":0.0977}","[{""name"":""MI_Trim_Props_Vertex"",""hex"":""#ffffff""}]","[{""hex"":""#c08060"",""pixels"":510},{""hex"":""#402000"",""pixels"":466},{""hex"":""#e0a060"",""pixels"":286},{""hex"":""#c0a080"",""pixels"":213},{""hex"":""#604000"",""pixels"":192},{""hex"":""#c0a060"",""pixels"":157},{""hex"":""#604020"",""pixels"":146},{""hex"":""#a06020"",""pixels"":89}]",[],[]
shield_wooden_fp,gltf,gltf/quaternius/fantasy_props/Shield_Wooden.gltf,0.72,decorative_tiny,tools_or_weapons,"shield wooden (tools_or_weapons); 0.4425m x 0.447m x 0.1287m. Dominant colors: black/dark, orange/gold, gray/stone, blue.","{""x"":0.6146,""y"":0.6209,""z"":0.1788}","{""x"":0.4425,""y"":0.447,""z"":0.1287}","{""x"":0.4425,""y"":0.447,""z"":0.1288}","[{""name"":""MI_Trim_Furniture"",""hex"":""#ffffff""},{""name"":""MI_Trim_Metal_Vertex"",""hex"":""#ffffff""},{""name"":""MI_Trim_Props"",""hex"":""#ffffff""}]","[{""hex"":""#202020"",""pixels"":3413},{""hex"":""#e0a060"",""pixels"":2818},{""hex"":""#ffa060"",""pixels"":2240},{""hex"":""#ffc080"",""pixels"":1674},{""hex"":""#404040"",""pixels"":1332},{""hex"":""#202040"",""pixels"":670},{""hex"":""#402020"",""pixels"":650},{""hex"":""#606060"",""pixels"":577}]",[],[]
whetstone_fp,gltf,gltf/quaternius/fantasy_props/Whetstone.gltf,0.72,decorative_tiny,nature_or_resource,"whetstone (nature_or_resource); 0.8214m x 0.8423m x 0.6493m. Dominant colors: mixed, orange/gold, red/brown, gray/stone.","{""x"":1.1409,""y"":1.1699,""z"":0.9018}","{""x"":0.8214,""y"":0.8423,""z"":0.6493}","{""x"":0.8214,""y"":0.8423,""z"":0.6493}","[{""name"":""MI_Trim_Furniture"",""hex"":""#ffffff""},{""name"":""MI_Trim_Metal"",""hex"":""#ffffff""},{""name"":""MI_Trim_Props_Vertex"",""hex"":""#ffffff""}]","[{""hex"":""#c0a080"",""pixels"":3594},{""hex"":""#e08040"",""pixels"":3221},{""hex"":""#ffc080"",""pixels"":2406},{""hex"":""#c06040"",""pixels"":1467},{""hex"":""#c08040"",""pixels"":1446},{""hex"":""#404040"",""pixels"":1274},{""hex"":""#ffa060"",""pixels"":1167},{""hex"":""#e0a060"",""pixels"":1150}]",[],[]
torch_metal_fp,gltf,gltf/quaternius/fantasy_props/Torch_Metal.gltf,0.78,decorative_tiny,lighting,"torch metal (lighting); 0.1741m x 0.5056m x 0.303m. Dominant colors: gray/stone, mixed.","{""x"":0.2232,""y"":0.6482,""z"":0.3884}","{""x"":0.1741,""y"":0.5056,""z"":0.303}","{""x"":0.1741,""y"":0.5056,""z"":0.303}","[{""name"":""MI_Trim_Metal"",""hex"":""#ffffff""}]","[{""hex"":""#606060"",""pixels"":2074},{""hex"":""#404040"",""pixels"":2020},{""hex"":""#604060"",""pixels"":617},{""hex"":""#808080"",""pixels"":604},{""hex"":""#c0c0c0"",""pixels"":399},{""hex"":""#a0a0a0"",""pixels"":278},{""hex"":""#a08080"",""pixels"":222},{""hex"":""#402040"",""pixels"":163}]",[],[]
chest_wood_fp,gltf,gltf/quaternius/fantasy_props/Chest_Wood.gltf,0.82,furniture_or_clutter,storage_or_clutter,"chest wood (storage_or_clutter); 1.0463m x 0.5865m x 0.6194m. Dominant colors: gray/stone, orange/gold.","{""x"":1.276,""y"":0.7152,""z"":0.7554}","{""x"":1.0463,""y"":0.5865,""z"":0.6194}","{""x"":1.0464,""y"":0.5865,""z"":0.6194}","[{""name"":""MI_Trim_Furniture"",""hex"":""#ffffff""},{""name"":""MI_Trim_Metal"",""hex"":""#ffffff""}]","[{""hex"":""#404040"",""pixels"":6724},{""hex"":""#606060"",""pixels"":1981},{""hex"":""#ffc080"",""pixels"":1620},{""hex"":""#ffa060"",""pixels"":1540},{""hex"":""#e0a060"",""pixels"":1356},{""hex"":""#808080"",""pixels"":883},{""hex"":""#c0c0c0"",""pixels"":593},{""hex"":""#e0e0e0"",""pixels"":535}]","[{""name"":""Chest_Close"",""duration"":0.5},{""name"":""Chest_Closed"",""duration"":0.333},{""name"":""Chest_Open"",""duration"":0.633},{""name"":""Chest_Opened"",""duration"":0.333}]",[]
coin_fp,gltf,gltf/quaternius/fantasy_props/Coin.gltf,0.62,decorative_tiny,decor_or_misc,"coin (decor_or_misc); 0.0423m x 0.0423m x 0.009m. Dominant colors: black/dark, red/brown.","{""x"":0.0683,""y"":0.0683,""z"":0.0145}","{""x"":0.0423,""y"":0.0423,""z"":0.009}","{""x"":0.0423,""y"":0.0423,""z"":0.009}","[{""name"":""MI_Trim_Metal_Vertex"",""hex"":""#ffffff""}]","[{""hex"":""#202000"",""pixels"":7032},{""hex"":""#402000"",""pixels"":6339},{""hex"":""#200000"",""pixels"":750},{""hex"":""#000000"",""pixels"":553},{""hex"":""#a06020"",""pixels"":544},{""hex"":""#604020"",""pixels"":406},{""hex"":""#604000"",""pixels"":353},{""hex"":""#402020"",""pixels"":334}]",[],[]
coin_pile,gltf,gltf/quaternius/fantasy_props/Coin_Pile.gltf,0.62,decorative_tiny,decor_or_misc,"coin pile (decor_or_misc); 0.1225m x 0.0456m x 0.0956m. Dominant colors: red/brown, mixed, black/dark, orange/gold.","{""x"":0.1975,""y"":0.0735,""z"":0.1542}","{""x"":0.1225,""y"":0.0456,""z"":0.0956}","{""x"":0.1224,""y"":0.0456,""z"":0.0956}","[{""name"":""MI_Trim_Metal_Vertex"",""hex"":""#ffffff""}]","[{""hex"":""#402000"",""pixels"":3929},{""hex"":""#a08060"",""pixels"":805},{""hex"":""#202000"",""pixels"":804},{""hex"":""#e0a080"",""pixels"":577},{""hex"":""#c0a080"",""pixels"":574},{""hex"":""#c08060"",""pixels"":503},{""hex"":""#604000"",""pixels"":408},{""hex"":""#a08080"",""pixels"":370}]",[],[]
coin_pile_2,gltf,gltf/quaternius/fantasy_props/Coin_Pile_2.gltf,0.62,decorative_tiny,decor_or_misc,"coin pile 2 (decor_or_misc); 0.1728m x 0.0362m x 0.1241m. Dominant colors: red/brown, mixed, orange/gold.","{""x"":0.2787,""y"":0.0584,""z"":0.2002}","{""x"":0.1728,""y"":0.0362,""z"":0.1241}","{""x"":0.1728,""y"":0.0362,""z"":0.1241}","[{""name"":""MI_Trim_Metal_Vertex"",""hex"":""#ffffff""}]","[{""hex"":""#402000"",""pixels"":1977},{""hex"":""#a08060"",""pixels"":804},{""hex"":""#c0a080"",""pixels"":624},{""hex"":""#c08060"",""pixels"":523},{""hex"":""#e0a080"",""pixels"":505},{""hex"":""#a08080"",""pixels"":340},{""hex"":""#604020"",""pixels"":290},{""hex"":""#604000"",""pixels"":276}]",[],[]
key_gold_fp,gltf,gltf/quaternius/fantasy_props/Key_Gold.gltf,0.62,decorative_tiny,decor_or_misc,"key gold (decor_or_misc); 0.036m x 0.0076m x 0.0758m. Dominant colors: red/brown, orange/gold.","{""x"":0.0581,""y"":0.0123,""z"":0.1223}","{""x"":0.036,""y"":0.0076,""z"":0.0758}","{""x"":0.036,""y"":0.0076,""z"":0.0758}","[{""name"":""MI_Trim_Metal_Vertex"",""hex"":""#ffffff""}]","[{""hex"":""#604000"",""pixels"":448},{""hex"":""#a06020"",""pixels"":349},{""hex"":""#804000"",""pixels"":320},{""hex"":""#402000"",""pixels"":225},{""hex"":""#c08040"",""pixels"":222},{""hex"":""#a06000"",""pixels"":219},{""hex"":""#806000"",""pixels"":189},{""hex"":""#806020"",""pixels"":166}]",[],[]
key_metal_fp,gltf,gltf/quaternius/fantasy_props/Key_Metal.gltf,0.62,decorative_tiny,decor_or_misc,"key metal (decor_or_misc); 0.0298m x 0.0077m x 0.0688m. Dominant colors: gray/stone, white/light.","{""x"":0.048,""y"":0.0124,""z"":0.111}","{""x"":0.0298,""y"":0.0077,""z"":0.0688}","{""x"":0.0297,""y"":0.0077,""z"":0.0689}","[{""name"":""MI_Trim_Metal"",""hex"":""#ffffff""}]","[{""hex"":""#a0a0a0"",""pixels"":526},{""hex"":""#c0c0c0"",""pixels"":462},{""hex"":""#606060"",""pixels"":455},{""hex"":""#808080"",""pixels"":430},{""hex"":""#404040"",""pixels"":202},{""hex"":""#e0e0e0"",""pixels"":181},{""hex"":""#a080a0"",""pixels"":86},{""hex"":""#a0a0c0"",""pixels"":84}]",[],[]
book_stack_1,gltf,gltf/quaternius/fantasy_props/Book_Stack_1.gltf,0.68,decorative_tiny,wall_or_display_decor,"book stack 1 (wall_or_display_decor); 0.1937m x 0.1453m x 0.1539m. Dominant colors: red/brown, wood/brown, mixed, gray/stone.","{""x"":0.2849,""y"":0.2137,""z"":0.2263}","{""x"":0.1937,""y"":0.1453,""z"":0.1539}","{""x"":0.1938,""y"":0.1453,""z"":0.1539}","[{""name"":""MI_Trim_Props_Vertex"",""hex"":""#ffffff""}]","[{""hex"":""#604020"",""pixels"":4062},{""hex"":""#a08040"",""pixels"":3316},{""hex"":""#404020"",""pixels"":2779},{""hex"":""#808080"",""pixels"":2636},{""hex"":""#806040"",""pixels"":2093},{""hex"":""#606060"",""pixels"":2071},{""hex"":""#606020"",""pixels"":1793},{""hex"":""#406020"",""pixels"":1761}]",[],[]
book_stack_2,gltf,gltf/quaternius/fantasy_props/Book_Stack_2.gltf,0.68,decorative_tiny,wall_or_display_decor,"book stack 2 (wall_or_display_decor); 0.1867m x 0.1349m x 0.1546m. Dominant colors: red/brown, wood/brown, blue, green, orange/gold.","{""x"":0.2745,""y"":0.1984,""z"":0.2273}","{""x"":0.1867,""y"":0.1349,""z"":0.1546}","{""x"":0.1866,""y"":0.1349,""z"":0.1545}","[{""name"":""MI_Trim_Props_Vertex"",""hex"":""#ffffff""},{""name"":""MI_Trim_Metal"",""hex"":""#ffffff""}]","[{""hex"":""#806040"",""pixels"":2799},{""hex"":""#806060"",""pixels"":2753},{""hex"":""#a08040"",""pixels"":2263},{""hex"":""#404060"",""pixels"":2113},{""hex"":""#406020"",""pixels"":1799},{""hex"":""#c08060"",""pixels"":1707},{""hex"":""#402020"",""pixels"":1658},{""hex"":""#204040"",""pixels"":1330}]",[],[]
book_group_1,gltf,gltf/quaternius/fantasy_props/BookGroup_Medium_1.gltf,0.68,decorative_tiny,wall_or_display_decor,"book group 1 (wall_or_display_decor); 0.7226m x 0.2028m x 0.1683m. Dominant colors: gray/stone, blue, mixed, green, red/brown.","{""x"":1.0626,""y"":0.2983,""z"":0.2475}","{""x"":0.7226,""y"":0.2028,""z"":0.1683}","{""x"":0.7226,""y"":0.2028,""z"":0.1683}","[{""name"":""MI_Trim_Props_Vertex"",""hex"":""#ffffff""}]","[{""hex"":""#404040"",""pixels"":1646},{""hex"":""#404060"",""pixels"":1043},{""hex"":""#204040"",""pixels"":725},{""hex"":""#406040"",""pixels"":694},{""hex"":""#a08060"",""pixels"":582},{""hex"":""#602020"",""pixels"":439},{""hex"":""#806060"",""pixels"":389},{""hex"":""#406020"",""pixels"":384}]",[],[]
book_group_2,gltf,gltf/quaternius/fantasy_props/BookGroup_Medium_2.gltf,0.68,decorative_tiny,wall_or_display_decor,"book group 2 (wall_or_display_decor); 0.7511m x 0.2005m x 0.1683m. Dominant colors: blue, red/brown, mixed.","{""x"":1.1046,""y"":0.2949,""z"":0.2475}","{""x"":0.7511,""y"":0.2005,""z"":0.1683}","{""x"":0.7511,""y"":0.2005,""z"":0.1683}","[{""name"":""MI_Trim_Props_Vertex"",""hex"":""#ffffff""}]","[{""hex"":""#404060"",""pixels"":953},{""hex"":""#604020"",""pixels"":850},{""hex"":""#806060"",""pixels"":640},{""hex"":""#a08060"",""pixels"":637},{""hex"":""#402020"",""pixels"":553},{""hex"":""#606020"",""pixels"":546},{""hex"":""#404040"",""pixels"":536},{""hex"":""#602020"",""pixels"":526}]",[],[]
bookstand_fp,gltf,gltf/quaternius/fantasy_props/BookStand.gltf,0.76,decorative_tiny,wall_or_display_decor,bookstand (wall_or_display_decor); 0.3854m x 1.0996m x 0.3885m. Dominant colors: orange/gold.,"{""x"":0.5071,""y"":1.4468,""z"":0.5112}","{""x"":0.3854,""y"":1.0996,""z"":0.3885}","{""x"":0.3854,""y"":1.0996,""z"":0.3885}","[{""name"":""MI_Trim_Furniture"",""hex"":""#ffffff""}]","[{""hex"":""#e0a060"",""pixels"":1853},{""hex"":""#ffa060"",""pixels"":1486},{""hex"":""#ffc080"",""pixels"":945},{""hex"":""#e08060"",""pixels"":459},{""hex"":""#ffa080"",""pixels"":238},{""hex"":""#c08060"",""pixels"":235},{""hex"":""#e0a080"",""pixels"":162},{""hex"":""#e0c0a0"",""pixels"":78}]",[],[]
scroll_1_fp,gltf,gltf/quaternius/fantasy_props/Scroll_1.gltf,0.66,decorative_tiny,wall_or_display_decor,"scroll 1 (wall_or_display_decor); 0.161m x 0.0388m x 0.0416m. Dominant colors: white/light, mixed, green.","{""x"":0.2439,""y"":0.0588,""z"":0.0631}","{""x"":0.161,""y"":0.0388,""z"":0.0416}","{""x"":0.161,""y"":0.0388,""z"":0.0417}","[{""name"":""MI_Page_Empty"",""hex"":""#ffffff""},{""name"":""MI_Trim_Props_Vertex"",""hex"":""#ffffff""}]","[{""hex"":""#ffffff"",""pixels"":3702},{""hex"":""#ffffe0"",""pixels"":578},{""hex"":""#e0e0c0"",""pixels"":310},{""hex"":""#ffe0e0"",""pixels"":206},{""hex"":""#608040"",""pixels"":194},{""hex"":""#e0c0c0"",""pixels"":112},{""hex"":""#406020"",""pixels"":107},{""hex"":""#608020"",""pixels"":83}]",[],[]
scroll_2_fp,gltf,gltf/quaternius/fantasy_props/Scroll_2.gltf,0.66,decorative_tiny,wall_or_display_decor,"scroll 2 (wall_or_display_decor); 0.1537m x 0.0387m x 0.042m. Dominant colors: white/light, mixed, red/brown.","{""x"":0.2329,""y"":0.0587,""z"":0.0637}","{""x"":0.1537,""y"":0.0387,""z"":0.042}","{""x"":0.1537,""y"":0.0387,""z"":0.042}","[{""name"":""MI_Page_Empty"",""hex"":""#ffffff""},{""name"":""MI_Trim_Props_Vertex"",""hex"":""#ffffff""}]","[{""hex"":""#ffffff"",""pixels"":3611},{""hex"":""#ffffe0"",""pixels"":585},{""hex"":""#e0e0c0"",""pixels"":293},{""hex"":""#ffe0e0"",""pixels"":219},{""hex"":""#e0c0c0"",""pixels"":136},{""hex"":""#ff4040"",""pixels"":117},{""hex"":""#ff4020"",""pixels"":101},{""hex"":""#e04020"",""pixels"":85}]",[],[]
potion_1_fp,gltf,gltf/quaternius/fantasy_props/Potion_1.gltf,0.62,decorative_tiny,decor_or_misc,potion 1 (decor_or_misc); 0.0706m x 0.087m x 0.0706m. Dominant colors: green.,"{""x"":0.1139,""y"":0.1404,""z"":0.1139}","{""x"":0.0706,""y"":0.087,""z"":0.0706}","{""x"":0.0706,""y"":0.087,""z"":0.0706}","[{""name"":""MI_Trim_Props_Vertex"",""hex"":""#ffffff""}]","[{""hex"":""#608040"",""pixels"":4968},{""hex"":""#408040"",""pixels"":1720},{""hex"":""#60a040"",""pixels"":1661},{""hex"":""#406020"",""pixels"":1657},{""hex"":""#406040"",""pixels"":1628},{""hex"":""#60a060"",""pixels"":913},{""hex"":""#608060"",""pixels"":863},{""hex"":""#80a060"",""pixels"":771}]",[],[]
potion_2_fp,gltf,gltf/quaternius/fantasy_props/Potion_2.gltf,0.62,decorative_tiny,decor_or_misc,potion 2 (decor_or_misc); 0.079m x 0.1621m x 0.079m. Dominant colors: red/brown.,"{""x"":0.1274,""y"":0.2615,""z"":0.1274}","{""x"":0.079,""y"":0.1621,""z"":0.079}","{""x"":0.079,""y"":0.1621,""z"":0.079}","[{""name"":""MI_Trim_Props_Vertex"",""hex"":""#ffffff""}]","[{""hex"":""#a04040"",""pixels"":2380},{""hex"":""#802020"",""pixels"":2233},{""hex"":""#602020"",""pixels"":796},{""hex"":""#a04020"",""pixels"":745},{""hex"":""#804040"",""pixels"":474},{""hex"":""#804020"",""pixels"":295},{""hex"":""#806040"",""pixels"":223},{""hex"":""#600000"",""pixels"":216}]",[],[]
potion_4_fp,gltf,gltf/quaternius/fantasy_props/Potion_4.gltf,0.62,decorative_tiny,decor_or_misc,"potion 4 (decor_or_misc); 0.0916m x 0.1244m x 0.0916m. Dominant colors: blue, mixed.","{""x"":0.1477,""y"":0.2006,""z"":0.1477}","{""x"":0.0916,""y"":0.1244,""z"":0.0916}","{""x"":0.0916,""y"":0.1243,""z"":0.0916}","[{""name"":""MI_Trim_Props_Vertex"",""hex"":""#ffffff""}]","[{""hex"":""#604080"",""pixels"":2407},{""hex"":""#806080"",""pixels"":1941},{""hex"":""#604060"",""pixels"":1793},{""hex"":""#402040"",""pixels"":1391},{""hex"":""#602060"",""pixels"":974},{""hex"":""#804080"",""pixels"":891},{""hex"":""#402060"",""pixels"":651},{""hex"":""#8080a0"",""pixels"":503}]",[],[]
small_bottle_fp,gltf,gltf/quaternius/fantasy_props/SmallBottle.gltf,0.62,decorative_tiny,food_or_tabletop,"small bottle (food_or_tabletop); 0.0374m x 0.0741m x 0.0305m. Dominant colors: red/brown, mixed.","{""x"":0.0604,""y"":0.1195,""z"":0.0492}","{""x"":0.0374,""y"":0.0741,""z"":0.0305}","{""x"":0.0375,""y"":0.0741,""z"":0.0305}","[{""name"":""MI_Trim_Props_Vertex"",""hex"":""#ffffff""}]","[{""hex"":""#604040"",""pixels"":8384},{""hex"":""#604020"",""pixels"":3285},{""hex"":""#606040"",""pixels"":933},{""hex"":""#404020"",""pixels"":701},{""hex"":""#806060"",""pixels"":566},{""hex"":""#402020"",""pixels"":447},{""hex"":""#808080"",""pixels"":273},{""hex"":""#606060"",""pixels"":257}]",[],[]
small_bottles_1,gltf,gltf/quaternius/fantasy_props/SmallBottles_1.gltf,0.62,decorative_tiny,food_or_tabletop,"small bottles 1 (food_or_tabletop); 0.1334m x 0.0901m x 0.0346m. Dominant colors: red/brown, mixed.","{""x"":0.2151,""y"":0.1454,""z"":0.0558}","{""x"":0.1334,""y"":0.0901,""z"":0.0346}","{""x"":0.1333,""y"":0.0901,""z"":0.0346}","[{""name"":""MI_Trim_Props_Vertex"",""hex"":""#ffffff""}]","[{""hex"":""#806040"",""pixels"":4200},{""hex"":""#604040"",""pixels"":1751},{""hex"":""#c06040"",""pixels"":1522},{""hex"":""#a06040"",""pixels"":1150},{""hex"":""#604020"",""pixels"":1125},{""hex"":""#606040"",""pixels"":716},{""hex"":""#804040"",""pixels"":678},{""hex"":""#606020"",""pixels"":500}]",[],[]
shelf_small_bottles,gltf,gltf/quaternius/fantasy_props/Shelf_Small_Bottles.gltf,0.78,decorative_tiny,furniture,"shelf small bottles (furniture); 0.8869m x 0.505m x 0.222m. Dominant colors: orange/gold, red/brown, gray/stone.","{""x"":1.1371,""y"":0.6474,""z"":0.2846}","{""x"":0.8869,""y"":0.505,""z"":0.222}","{""x"":0.887,""y"":0.505,""z"":0.222}","[{""name"":""MI_Trim_Props_Vertex"",""hex"":""#ffffff""},{""name"":""MI_Trim_Metal"",""hex"":""#ffffff""},{""name"":""MI_Trim_Furniture"",""hex"":""#ffffff""}]","[{""hex"":""#e0a060"",""pixels"":3333},{""hex"":""#ffa060"",""pixels"":2661},{""hex"":""#ffc080"",""pixels"":2053},{""hex"":""#604040"",""pixels"":1001},{""hex"":""#c08060"",""pixels"":928},{""hex"":""#404040"",""pixels"":690},{""hex"":""#e08060"",""pixels"":672},{""hex"":""#404020"",""pixels"":555}]",[],[]
cauldron_fp,gltf,gltf/quaternius/fantasy_props/Cauldron.gltf,0.8,decorative_or_unknown,decor_or_misc,"cauldron (decor_or_misc); 0.7913m x 0.6524m x 0.7552m. Dominant colors: gray/stone, black/dark.","{""x"":0.9891,""y"":0.8155,""z"":0.944}","{""x"":0.7913,""y"":0.6524,""z"":0.7552}","{""x"":0.7913,""y"":0.6524,""z"":0.7552}","[{""name"":""MI_Trim_Metal"",""hex"":""#ffffff""}]","[{""hex"":""#404040"",""pixels"":6177},{""hex"":""#606060"",""pixels"":3287},{""hex"":""#808080"",""pixels"":1972},{""hex"":""#202020"",""pixels"":1343},{""hex"":""#a0a0a0"",""pixels"":1089},{""hex"":""#000000"",""pixels"":922},{""hex"":""#604060"",""pixels"":824},{""hex"":""#e0e0e0"",""pixels"":805}]",[],[]
candle_1_fp,gltf,gltf/quaternius/fantasy_props/Candle_1.gltf,0.62,decorative_tiny,lighting,"candle 1 (lighting); 0.0582m x 0.0818m x 0.0669m. Dominant colors: white/light, mixed, blue.","{""x"":0.0939,""y"":0.132,""z"":0.1079}","{""x"":0.0582,""y"":0.0818,""z"":0.0669}","{""x"":0.0582,""y"":0.0818,""z"":0.0669}","[{""name"":""MI_Trim_Props"",""hex"":""#ffffff""}]","[{""hex"":""#ffffe0"",""pixels"":10448},{""hex"":""#ffffc0"",""pixels"":5690},{""hex"":""#ffffff"",""pixels"":3984},{""hex"":""#ffffa0"",""pixels"":721},{""hex"":""#c0e0e0"",""pixels"":94},{""hex"":""#c0e0ff"",""pixels"":40},{""hex"":""#e0e0e0"",""pixels"":21},{""hex"":""#e0ffe0"",""pixels"":12}]",[],[]
candlestick_fp,gltf,gltf/quaternius/fantasy_props/CandleStick.gltf,0.7,decorative_tiny,lighting,"candlestick (lighting); 0.1826m x 0.1086m x 0.1256m. Dominant colors: gray/stone, white/light.","{""x"":0.2609,""y"":0.1552,""z"":0.1794}","{""x"":0.1826,""y"":0.1086,""z"":0.1256}","{""x"":0.1826,""y"":0.1087,""z"":0.1255}","[{""name"":""MI_Trim_Metal"",""hex"":""#ffffff""}]","[{""hex"":""#a0a0a0"",""pixels"":1336},{""hex"":""#404040"",""pixels"":1294},{""hex"":""#808080"",""pixels"":1255},{""hex"":""#c0c0c0"",""pixels"":1210},{""hex"":""#606060"",""pixels"":1112},{""hex"":""#ffffff"",""pixels"":863},{""hex"":""#e0e0e0"",""pixels"":789},{""hex"":""#000000"",""pixels"":415}]",[],[]
candlestick_stand_fp,gltf,gltf/quaternius/fantasy_props/CandleStick_Stand.gltf,0.75,decorative_tiny,lighting,"candlestick stand (lighting); 0.5492m x 0.9844m x 0.5485m. Dominant colors: gray/stone, white/light.","{""x"":0.7323,""y"":1.3125,""z"":0.7313}","{""x"":0.5492,""y"":0.9844,""z"":0.5485}","{""x"":0.5492,""y"":0.9844,""z"":0.5485}","[{""name"":""MI_Trim_Metal"",""hex"":""#ffffff""},{""name"":""MI_Trim_Props_Vertex"",""hex"":""#ffffff""}]","[{""hex"":""#606060"",""pixels"":836},{""hex"":""#808080"",""pixels"":699},{""hex"":""#404040"",""pixels"":559},{""hex"":""#a0a0a0"",""pixels"":436},{""hex"":""#ffffe0"",""pixels"":377},{""hex"":""#c0c0c0"",""pixels"":332},{""hex"":""#e0e0e0"",""pixels"":268},{""hex"":""#ffffff"",""pixels"":171}]",[],[]
candlestick_triple_fp,gltf,gltf/quaternius/fantasy_props/CandleStick_Triple.gltf,0.7,decorative_tiny,lighting,"candlestick triple (lighting); 0.3096m x 0.3243m x 0.0955m. Dominant colors: gray/stone, white/light.","{""x"":0.4423,""y"":0.4633,""z"":0.1364}","{""x"":0.3096,""y"":0.3243,""z"":0.0955}","{""x"":0.3096,""y"":0.3243,""z"":0.0955}","[{""name"":""MI_Trim_Metal"",""hex"":""#ffffff""},{""name"":""MI_Trim_Props"",""hex"":""#ffffff""}]","[{""hex"":""#606060"",""pixels"":1111},{""hex"":""#404040"",""pixels"":845},{""hex"":""#ffffe0"",""pixels"":756},{""hex"":""#c0c0c0"",""pixels"":623},{""hex"":""#808080"",""pixels"":617},{""hex"":""#a0a0a0"",""pixels"":572},{""hex"":""#ffffff"",""pixels"":539},{""hex"":""#ffffc0"",""pixels"":282}]",[],[]
chalice_fp,gltf,gltf/quaternius/fantasy_props/Chalice.gltf,0.66,decorative_tiny,food_or_tabletop,"chalice (food_or_tabletop); 0.0781m x 0.1694m x 0.0822m. Dominant colors: gray/stone, black/dark.","{""x"":0.1184,""y"":0.2567,""z"":0.1245}","{""x"":0.0781,""y"":0.1694,""z"":0.0822}","{""x"":0.0782,""y"":0.1694,""z"":0.0822}","[{""name"":""MI_Trim_Metal"",""hex"":""#ffffff""}]","[{""hex"":""#404040"",""pixels"":3175},{""hex"":""#606060"",""pixels"":1111},{""hex"":""#808080"",""pixels"":944},{""hex"":""#a0a0a0"",""pixels"":619},{""hex"":""#202020"",""pixels"":480},{""hex"":""#c0c0c0"",""pixels"":461},{""hex"":""#ffffff"",""pixels"":293},{""hex"":""#402040"",""pixels"":277}]",[],[]
carrot_fp,gltf,gltf/quaternius/fantasy_props/Carrot.gltf,0.62,decorative_tiny,food_or_tabletop,"carrot (food_or_tabletop); 0.1115m x 0.3508m x 0.1376m. Dominant colors: orange/gold, green, red/brown.","{""x"":0.1799,""y"":0.5658,""z"":0.222}","{""x"":0.1115,""y"":0.3508,""z"":0.1376}","{""x"":0.1115,""y"":0.3508,""z"":0.1377}","[{""name"":""MI_Trim_Props_Vertex"",""hex"":""#ffffff""}]","[{""hex"":""#ff8020"",""pixels"":950},{""hex"":""#80c020"",""pixels"":316},{""hex"":""#60c040"",""pixels"":296},{""hex"":""#60c020"",""pixels"":288},{""hex"":""#ff8040"",""pixels"":254},{""hex"":""#ff6020"",""pixels"":247},{""hex"":""#60a020"",""pixels"":155},{""hex"":""#80c040"",""pixels"":151}]",[],[]
dummy_fp,gltf,gltf/quaternius/fantasy_props/Dummy.gltf,0.88,solid_landmark,service_or_landmark_prop,"dummy (service_or_landmark_prop); 0.7115m x 1.6392m x 0.5144m. Dominant colors: orange/gold, mixed.","{""x"":0.8085,""y"":1.8627,""z"":0.5846}","{""x"":0.7115,""y"":1.6392,""z"":0.5144}","{""x"":0.7115,""y"":1.6392,""z"":0.5145}","[{""name"":""MI_Trim_Furniture"",""hex"":""#ffffff""},{""name"":""MI_Trim_Metal"",""hex"":""#ffffff""},{""name"":""MI_Trim_Cloth"",""hex"":""#ffffff""}]","[{""hex"":""#ffc060"",""pixels"":1122},{""hex"":""#ffe060"",""pixels"":656},{""hex"":""#ffc080"",""pixels"":426},{""hex"":""#ffa060"",""pixels"":399},{""hex"":""#e0a060"",""pixels"":341},{""hex"":""#e08060"",""pixels"":192},{""hex"":""#ffa040"",""pixels"":180},{""hex"":""#e0a040"",""pixels"":137}]",[],[]
cage_small_fp,gltf,gltf/quaternius/fantasy_props/Cage_Small.gltf,0.78,solid_landmark,decor_or_misc,"cage small (decor_or_misc); 0.6668m x 0.6281m x 0.6898m. Dominant colors: gray/stone, white/light.","{""x"":0.8549,""y"":0.8052,""z"":0.8843}","{""x"":0.6668,""y"":0.6281,""z"":0.6898}","{""x"":0.6668,""y"":0.628,""z"":0.6897}","[{""name"":""MI_Trim_Metal"",""hex"":""#ffffff""}]","[{""hex"":""#404040"",""pixels"":20799},{""hex"":""#606060"",""pixels"":3864},{""hex"":""#e0e0e0"",""pixels"":2810},{""hex"":""#808080"",""pixels"":2131},{""hex"":""#c0c0c0"",""pixels"":1696},{""hex"":""#a0a0a0"",""pixels"":1602},{""hex"":""#202020"",""pixels"":1331},{""hex"":""#ffffff"",""pixels"":1234}]",[],[]
obj_house_1,obj,obj/medieval_voxel/House_1,1,architecture_block,architecture,house 1 (architecture); 6.5m x 4m x 6.4m. Dominant colors: white/light.,"{""x"":6.5,""y"":4,""z"":6.4}","{""x"":6.5,""y"":4,""z"":6.4}","{""x"":6.5,""y"":4,""z"":6.4}","[{""name"":""House_1"",""hex"":""#ffffff""}]","[{""hex"":""#ffffff"",""pixels"":29964}]",[],"[""renders mostly white/untextured; verify OBJ MTL/texture hookup""]"
obj_house_2,obj,obj/medieval_voxel/House_2,1,architecture_block,architecture,house 2 (architecture); 4.8m x 5.2m x 6.1m. Dominant colors: white/light.,"{""x"":4.8,""y"":5.2,""z"":6.1}","{""x"":4.8,""y"":5.2,""z"":6.1}","{""x"":4.8,""y"":5.2,""z"":6.1}","[{""name"":""House_2"",""hex"":""#ffffff""}]","[{""hex"":""#ffffff"",""pixels"":24254}]",[],"[""renders mostly white/untextured; verify OBJ MTL/texture hookup""]"
obj_house_3,obj,obj/medieval_voxel/House_3,1,architecture_block,architecture,house 3 (architecture); 4.1m x 6.7m x 4m. Dominant colors: white/light.,"{""x"":4.1,""y"":6.7,""z"":4}","{""x"":4.1,""y"":6.7,""z"":4}","{""x"":4.1,""y"":6.7,""z"":4}","[{""name"":""House_3"",""hex"":""#ffffff""}]","[{""hex"":""#ffffff"",""pixels"":21260}]",[],"[""renders mostly white/untextured; verify OBJ MTL/texture hookup""]"
obj_shop_simple,obj,obj/medieval_voxel/Shop_Simple,1,decorative_or_unknown,architecture,shop simple (architecture); 2.4m x 2m x 2m. Dominant colors: white/light.,"{""x"":2.4,""y"":2,""z"":2}","{""x"":2.4,""y"":2,""z"":2}","{""x"":2.4,""y"":2,""z"":2}","[{""name"":""Shop_Simple"",""hex"":""#ffffff""}]","[{""hex"":""#ffffff"",""pixels"":28086}]",[],"[""renders mostly white/untextured; verify OBJ MTL/texture hookup""]"
obj_shop_closed,obj,obj/medieval_voxel/Shop_Closed,1,decorative_or_unknown,architecture,shop closed (architecture); 2.8m x 2.3m x 2.4m. Dominant colors: white/light.,"{""x"":2.8,""y"":2.3,""z"":2.4}","{""x"":2.8,""y"":2.3,""z"":2.4}","{""x"":2.8,""y"":2.3,""z"":2.4}","[{""name"":""Shop_Closed"",""hex"":""#ffffff""}]","[{""hex"":""#ffffff"",""pixels"":29516}]",[],"[""renders mostly white/untextured; verify OBJ MTL/texture hookup""]"
obj_kiosk,obj,obj/medieval_voxel/Kiosk,1,decorative_or_unknown,decor_or_misc,kiosk (decor_or_misc); 4.2m x 4.8m x 6m. Dominant colors: white/light.,"{""x"":4.2,""y"":4.8,""z"":6}","{""x"":4.2,""y"":4.8,""z"":6}","{""x"":4.2,""y"":4.8,""z"":6}","[{""name"":""Kiosk"",""hex"":""#ffffff""}]","[{""hex"":""#ffffff"",""pixels"":18939}]",[],"[""renders mostly white/untextured; verify OBJ MTL/texture hookup""]"
obj_tower_complex,obj,obj/medieval_voxel/Tower_Complex,1,architecture_block,architecture,tower complex (architecture); 6m x 7.2m x 6m. Dominant colors: white/light.,"{""x"":6,""y"":7.2,""z"":6}","{""x"":6,""y"":7.2,""z"":6}","{""x"":6,""y"":7.2,""z"":6}","[{""name"":""Tower_Complex"",""hex"":""#ffffff""}]","[{""hex"":""#ffffff"",""pixels"":30381}]",[],"[""renders mostly white/untextured; verify OBJ MTL/texture hookup""]"
obj_tower_door,obj,obj/medieval_voxel/Tower_Door,1,architecture_block,architecture,tower door (architecture); 1.6m x 1.8m x 0.4m. Dominant colors: white/light.,"{""x"":1.6,""y"":1.8,""z"":0.4}","{""x"":1.6,""y"":1.8,""z"":0.4}","{""x"":1.6,""y"":1.8,""z"":0.4}","[{""name"":""Tower_Door"",""hex"":""#ffffff""}]","[{""hex"":""#ffffff"",""pixels"":23469}]",[],"[""renders mostly white/untextured; verify OBJ MTL/texture hookup""]"
obj_tower_simple,obj,obj/medieval_voxel/Tower_Simple,1,architecture_block,architecture,tower simple (architecture); 6m x 7.2m x 6m. Dominant colors: white/light.,"{""x"":6,""y"":7.2,""z"":6}","{""x"":6,""y"":7.2,""z"":6}","{""x"":6,""y"":7.2,""z"":6}","[{""name"":""Tower_Simple"",""hex"":""#ffffff""}]","[{""hex"":""#ffffff"",""pixels"":29975}]",[],"[""renders mostly white/untextured; verify OBJ MTL/texture hookup""]"
obj_wall_entrance,obj,obj/medieval_voxel/Wall_Entrance,1,architecture_block,wall_or_display_decor,wall entrance (wall_or_display_decor); 12m x 10.7m x 4.8m. Dominant colors: white/light.,"{""x"":12,""y"":10.7,""z"":4.8}","{""x"":12,""y"":10.7,""z"":4.8}","{""x"":12,""y"":10.7,""z"":4.8}","[{""name"":""Wall_Entrance"",""hex"":""#ffffff""}]","[{""hex"":""#ffffff"",""pixels"":22223}]",[],"[""small-decor semantic role but very large measured bounds"",""renders mostly white/untextured; verify OBJ MTL/texture hookup""]"
obj_wall_entrance_door,obj,obj/medieval_voxel/Wall_Entrance_Door,1,architecture_block,wall_or_display_decor,wall entrance door (wall_or_display_decor); 3.2m x 4.6m x 0.2m. Dominant colors: white/light.,"{""x"":3.2,""y"":4.6,""z"":0.2}","{""x"":3.2,""y"":4.6,""z"":0.2}","{""x"":3.2,""y"":4.6,""z"":0.2}","[{""name"":""Wall_Entrance_Door"",""hex"":""#ffffff""}]","[{""hex"":""#ffffff"",""pixels"":14497}]",[],"[""renders mostly white/untextured; verify OBJ MTL/texture hookup""]"
obj_wall_simple,obj,obj/medieval_voxel/Wall_Simple,1,architecture_block,wall_or_display_decor,wall simple (wall_or_display_decor); 6m x 3.7m x 3.5m. Dominant colors: white/light.,"{""x"":6,""y"":3.7,""z"":3.5}","{""x"":6,""y"":3.7,""z"":3.5}","{""x"":6,""y"":3.7,""z"":3.5}","[{""name"":""Wall_Simple"",""hex"":""#ffffff""}]","[{""hex"":""#ffffff"",""pixels"":23076}]",[],"[""small-decor semantic role but very large measured bounds"",""renders mostly white/untextured; verify OBJ MTL/texture hookup""]"
obj_wall_simple_windows,obj,obj/medieval_voxel/Wall_Simple_Windows,1,architecture_block,wall_or_display_decor,wall simple windows (wall_or_display_decor); 6m x 3.7m x 3.5m. Dominant colors: white/light.,"{""x"":6,""y"":3.7,""z"":3.5}","{""x"":6,""y"":3.7,""z"":3.5}","{""x"":6,""y"":3.7,""z"":3.5}","[{""name"":""Wall_Simple_Windows"",""hex"":""#ffffff""}]","[{""hex"":""#ffffff"",""pixels"":22337}]",[],"[""small-decor semantic role but very large measured bounds"",""renders mostly white/untextured; verify OBJ MTL/texture hookup""]"
obj_wall_stairs,obj,obj/medieval_voxel/Wall_Stairs,1,architecture_block,wall_or_display_decor,wall stairs (wall_or_display_decor); 4.1m x 3.2m x 1.1m. Dominant colors: white/light.,"{""x"":4.1,""y"":3.2,""z"":1.1}","{""x"":4.1,""y"":3.2,""z"":1.1}","{""x"":4.1,""y"":3.2,""z"":1.1}","[{""name"":""Wall_Stairs"",""hex"":""#ffffff""}]","[{""hex"":""#ffffff"",""pixels"":18171}]",[],"[""renders mostly white/untextured; verify OBJ MTL/texture hookup""]"
obj_bridge_low_body,obj,obj/medieval_voxel/Bridge_Low_Body,1,decorative_or_unknown,architecture,bridge low body (architecture); 7m x 6.2m x 12m. Dominant colors: white/light.,"{""x"":7,""y"":6.2,""z"":12}","{""x"":7,""y"":6.2,""z"":12}","{""x"":7,""y"":6.2,""z"":12}","[{""name"":""Bridge_Low_Body"",""hex"":""#ffffff""}]","[{""hex"":""#ffffff"",""pixels"":20527}]",[],"[""renders mostly white/untextured; verify OBJ MTL/texture hookup""]"
obj_bridge_medium_body,obj,obj/medieval_voxel/Bridge_Medium_Body,1,decorative_or_unknown,architecture,bridge medium body (architecture); 7m x 8.2m x 12m. Dominant colors: white/light.,"{""x"":7,""y"":8.2,""z"":12}","{""x"":7,""y"":8.2,""z"":12}","{""x"":7,""y"":8.2,""z"":12}","[{""name"":""Bridge_Medium_Body"",""hex"":""#ffffff""}]","[{""hex"":""#ffffff"",""pixels"":24053}]",[],"[""renders mostly white/untextured; verify OBJ MTL/texture hookup""]"
obj_flag_large_red,obj,obj/medieval_voxel/Flag_Large_Red,1,decorative_tiny,wall_or_display_decor,flag large red (wall_or_display_decor); 2.1m x 3.7m x 0.3m. Dominant colors: white/light.,"{""x"":2.1,""y"":3.7,""z"":0.3}","{""x"":2.1,""y"":3.7,""z"":0.3}","{""x"":2.1,""y"":3.7,""z"":0.3}","[{""name"":""Flag_Large_Red"",""hex"":""#ffffff""}]","[{""hex"":""#ffffff"",""pixels"":4613}]",[],"[""decorative_tiny role but larger than expected"",""renders mostly white/untextured; verify OBJ MTL/texture hookup""]"
obj_flag_large_green,obj,obj/medieval_voxel/Flag_Large_Green,1,decorative_tiny,wall_or_display_decor,flag large green (wall_or_display_decor); 2.1m x 3.7m x 0.3m. Dominant colors: white/light.,"{""x"":2.1,""y"":3.7,""z"":0.3}","{""x"":2.1,""y"":3.7,""z"":0.3}","{""x"":2.1,""y"":3.7,""z"":0.3}","[{""name"":""Flag_Large_Green"",""hex"":""#ffffff""}]","[{""hex"":""#ffffff"",""pixels"":4611}]",[],"[""decorative_tiny role but larger than expected"",""renders mostly white/untextured; verify OBJ MTL/texture hookup""]"
obj_flag_large_blue,obj,obj/medieval_voxel/Flag_Large_Blue,1,decorative_tiny,wall_or_display_decor,flag large blue (wall_or_display_decor); 2.1m x 3.7m x 0.3m. Dominant colors: white/light.,"{""x"":2.1,""y"":3.7,""z"":0.3}","{""x"":2.1,""y"":3.7,""z"":0.3}","{""x"":2.1,""y"":3.7,""z"":0.3}","[{""name"":""Flag_Large_Blue"",""hex"":""#ffffff""}]","[{""hex"":""#ffffff"",""pixels"":4613}]",[],"[""decorative_tiny role but larger than expected"",""renders mostly white/untextured; verify OBJ MTL/texture hookup""]"
obj_sign_post,obj,obj/medieval_voxel/Sing_Post,1,decorative_or_unknown,wall_or_display_decor,sign post (wall_or_display_decor); 0.8m x 1.6m x 0.5m. Dominant colors: white/light.,"{""x"":0.8,""y"":1.6,""z"":0.5}","{""x"":0.8,""y"":1.6,""z"":0.5}","{""x"":0.8,""y"":1.6,""z"":0.5}","[{""name"":""Sing_Post"",""hex"":""#ffffff""}]","[{""hex"":""#ffffff"",""pixels"":4808}]",[],"[""renders mostly white/untextured; verify OBJ MTL/texture hookup""]"
obj_lamp_ground_large,obj,obj/medieval_voxel/Lamp_Ground_Large,1,ground_surface,lighting,lamp ground large (lighting); 0.7m x 1.7m x 0.7m. Dominant colors: white/light.,"{""x"":0.7,""y"":1.7,""z"":0.7}","{""x"":0.7,""y"":1.7,""z"":0.7}","{""x"":0.7,""y"":1.7,""z"":0.7}","[{""name"":""Lamp_Ground_Large"",""hex"":""#ffffff""}]","[{""hex"":""#ffffff"",""pixels"":6148}]",[],"[""renders mostly white/untextured; verify OBJ MTL/texture hookup""]"
obj_lamp_ground_small,obj,obj/medieval_voxel/Lamp_Ground_Small,1,ground_surface,lighting,lamp ground small (lighting); 0.7m x 1.4m x 0.7m. Dominant colors: white/light.,"{""x"":0.7,""y"":1.4,""z"":0.7}","{""x"":0.7,""y"":1.4,""z"":0.7}","{""x"":0.7,""y"":1.4,""z"":0.7}","[{""name"":""Lamp_Ground_Small"",""hex"":""#ffffff""}]","[{""hex"":""#ffffff"",""pixels"":8567}]",[],"[""renders mostly white/untextured; verify OBJ MTL/texture hookup""]"
obj_lamp_wall,obj,obj/medieval_voxel/Lamp_Wall,1,decorative_or_unknown,lighting,lamp wall (lighting); 0.7m x 0.6m x 0.8m. Dominant colors: white/light.,"{""x"":0.7,""y"":0.6,""z"":0.8}","{""x"":0.7,""y"":0.6,""z"":0.8}","{""x"":0.7,""y"":0.6,""z"":0.8}","[{""name"":""Lamp_Wall"",""hex"":""#ffffff""}]","[{""hex"":""#ffffff"",""pixels"":15846}]",[],"[""renders mostly white/untextured; verify OBJ MTL/texture hookup""]"
obj_cart_straight,obj,obj/medieval_voxel/Cart_Straight,1,low_cart,service_or_landmark_prop,cart straight (service_or_landmark_prop); 1.9m x 1.1m x 3.1m. Dominant colors: white/light.,"{""x"":1.9,""y"":1.1,""z"":3.1}","{""x"":1.9,""y"":1.1,""z"":3.1}","{""x"":1.9,""y"":1.1,""z"":3.1}","[{""name"":""Cart_Straight"",""hex"":""#ffffff""}]","[{""hex"":""#ffffff"",""pixels"":11345}]",[],"[""renders mostly white/untextured; verify OBJ MTL/texture hookup""]"
obj_church_iso,obj,obj/church_cemetery/church-16-ch_iso,1,architecture_block,architecture,church iso (architecture); 8.8m x 12.4m x 13.5m. Dominant colors: white/light.,"{""x"":8.8,""y"":12.4,""z"":13.5}","{""x"":8.8,""y"":12.4,""z"":13.5}","{""x"":8.8,""y"":12.4,""z"":13.5}","[{""name"":""palette"",""hex"":""#ffffff""}]","[{""hex"":""#ffffff"",""pixels"":20971}]",[],"[""renders mostly white/untextured; verify OBJ MTL/texture hookup""]"
obj_church_roof_blue,obj,obj/church_cemetery/church-34-ch_roofblue,1,architecture_block,architecture,church roof blue (architecture); 8.2m x 7.2m x 11.8m. Dominant colors: white/light.,"{""x"":8.2,""y"":7.2,""z"":11.8}","{""x"":8.2,""y"":7.2,""z"":11.8}","{""x"":8.2,""y"":7.2,""z"":11.8}","[{""name"":""palette"",""hex"":""#ffffff""}]","[{""hex"":""#ffffff"",""pixels"":8285}]",[],"[""renders mostly white/untextured; verify OBJ MTL/texture hookup""]"
obj_church_bells,obj,obj/church_cemetery/church-80-churchbells,1,architecture_block,architecture,church bells (architecture); 6.4m x 0.7m x 0.6m. Dominant colors: white/light.,"{""x"":6.4,""y"":0.7,""z"":0.6}","{""x"":6.4,""y"":0.7,""z"":0.6}","{""x"":6.4,""y"":0.7,""z"":0.6}","[{""name"":""palette"",""hex"":""#ffffff""}]","[{""hex"":""#ffffff"",""pixels"":806}]",[],"[""renders mostly white/untextured; verify OBJ MTL/texture hookup""]"
obj_church_window_lower,obj,obj/church_cemetery/church-81-ch_windowlower,1,architecture_block,architecture,church window lower (architecture); 7.8m x 2.9m x 9m. Dominant colors: white/light.,"{""x"":7.8,""y"":2.9,""z"":9}","{""x"":7.8,""y"":2.9,""z"":9}","{""x"":7.8,""y"":2.9,""z"":9}","[{""name"":""palette"",""hex"":""#ffffff""}]","[{""hex"":""#ffffff"",""pixels"":4070}]",[],"[""renders mostly white/untextured; verify OBJ MTL/texture hookup""]"
obj_church_window_upper,obj,obj/church_cemetery/church-75-ch_windowupper,1,architecture_block,architecture,church window upper (architecture); 7m x 3.4m x 11.3m. Dominant colors: white/light.,"{""x"":7,""y"":3.4,""z"":11.3}","{""x"":7,""y"":3.4,""z"":11.3}","{""x"":7,""y"":3.4,""z"":11.3}","[{""name"":""palette"",""hex"":""#ffffff""}]","[{""hex"":""#ffffff"",""pixels"":1670}]",[],"[""renders mostly white/untextured; verify OBJ MTL/texture hookup""]"
obj_church_base_lower,obj,obj/church_cemetery/church-83-ch_baselower,1,architecture_block,architecture,church base lower (architecture); 8.8m x 3.4m x 12.4m. Dominant colors: white/light.,"{""x"":8.8,""y"":3.4,""z"":12.4}","{""x"":8.8,""y"":3.4,""z"":12.4}","{""x"":8.8,""y"":3.4,""z"":12.4}","[{""name"":""palette"",""hex"":""#ffffff""}]","[{""hex"":""#ffffff"",""pixels"":14170}]",[],"[""renders mostly white/untextured; verify OBJ MTL/texture hookup""]"
obj_church_base_upper,obj,obj/church_cemetery/church-82-ch_baseupper,1,architecture_block,architecture,church base upper (architecture); 8.8m x 6.2m x 11.8m. Dominant colors: white/light.,"{""x"":8.8,""y"":6.2,""z"":11.8}","{""x"":8.8,""y"":6.2,""z"":11.8}","{""x"":8.8,""y"":6.2,""z"":11.8}","[{""name"":""palette"",""hex"":""#ffffff""}]","[{""hex"":""#ffffff"",""pixels"":15844}]",[],"[""renders mostly white/untextured; verify OBJ MTL/texture hookup""]"
obj_church_trapdoor_metal,obj,obj/church_cemetery/church-62-ch_trapdoormetal,1,architecture_block,architecture,church trapdoor metal (architecture); 1.8m x 0.3m x 1.7m. Dominant colors: white/light.,"{""x"":1.8,""y"":0.3,""z"":1.7}","{""x"":1.8,""y"":0.3,""z"":1.7}","{""x"":1.8,""y"":0.3,""z"":1.7}","[{""name"":""palette"",""hex"":""#ffffff""}]","[{""hex"":""#ffffff"",""pixels"":7566}]",[],"[""renders mostly white/untextured; verify OBJ MTL/texture hookup""]"
obj_church_crypt,obj,obj/church_cemetery/church-67-crypt,1,solid_landmark,architecture,church crypt (architecture); 1.8m x 0.7m x 3.1m. Dominant colors: white/light.,"{""x"":1.8,""y"":0.7,""z"":3.1}","{""x"":1.8,""y"":0.7,""z"":3.1}","{""x"":1.8,""y"":0.7,""z"":3.1}","[{""name"":""palette"",""hex"":""#ffffff""}]","[{""hex"":""#ffffff"",""pixels"":11145}]",[],"[""renders mostly white/untextured; verify OBJ MTL/texture hookup""]"
obj_church_grave_fence,obj,obj/church_cemetery/church-70-gy_fencemetalal,1,thin_barrier,architecture,church grave fence (architecture); 1.5m x 1m x 0.1m. Dominant colors: white/light.,"{""x"":1.5,""y"":1,""z"":0.1}","{""x"":1.5,""y"":1,""z"":0.1}","{""x"":1.5,""y"":1,""z"":0.1}","[{""name"":""palette"",""hex"":""#ffffff""}]","[{""hex"":""#ffffff"",""pixels"":10142}]",[],"[""renders mostly white/untextured; verify OBJ MTL/texture hookup""]"
obj_church_grave_wall,obj,obj/church_cemetery/church-71-gy_wallbase,1,architecture_block,wall_or_display_decor,church grave wall (wall_or_display_decor); 1.5m x 0.4m x 0.3m. Dominant colors: white/light.,"{""x"":1.5,""y"":0.4,""z"":0.3}","{""x"":1.5,""y"":0.4,""z"":0.3}","{""x"":1.5,""y"":0.4,""z"":0.3}","[{""name"":""palette"",""hex"":""#ffffff""}]","[{""hex"":""#ffffff"",""pixels"":9002}]",[],"[""renders mostly white/untextured; verify OBJ MTL/texture hookup""]"
obj_grave_dirt,obj,obj/church_cemetery/church-74-gy_dirtgrave,1,architecture_block,architecture,grave dirt (architecture); 1.3m x 0.3m x 2.4m. Dominant colors: white/light.,"{""x"":1.3,""y"":0.3,""z"":2.4}","{""x"":1.3,""y"":0.3,""z"":2.4}","{""x"":1.3,""y"":0.3,""z"":2.4}","[{""name"":""palette"",""hex"":""#ffffff""}]","[{""hex"":""#ffffff"",""pixels"":8121}]",[],"[""renders mostly white/untextured; verify OBJ MTL/texture hookup""]"
obj_gargoyle,obj,obj/church_cemetery/church-79-gargoyle,1,architecture_block,architecture,gargoyle (architecture); 0.4m x 0.7m x 0.6m. Dominant colors: white/light.,"{""x"":0.4,""y"":0.7,""z"":0.6}","{""x"":0.4,""y"":0.7,""z"":0.6}","{""x"":0.4,""y"":0.7,""z"":0.6}","[{""name"":""palette"",""hex"":""#ffffff""}]","[{""hex"":""#ffffff"",""pixels"":22157}]",[],"[""renders mostly white/untextured; verify OBJ MTL/texture hookup""]"
bread_loaf,obj,obj/tavern/tavern-58-bread_loaf,1.05,decorative_tiny,food_or_tabletop,bread loaf (food_or_tabletop); 0.42m x 0.315m x 0.735m. Dominant colors: white/light.,"{""x"":0.4,""y"":0.3,""z"":0.7}","{""x"":0.42,""y"":0.315,""z"":0.735}","{""x"":0.42,""y"":0.315,""z"":0.735}","[{""name"":""palette"",""hex"":""#ffffff""}]","[{""hex"":""#ffffff"",""pixels"":18424}]",[],"[""renders mostly white/untextured; verify OBJ MTL/texture hookup""]"
bread_slice,obj,obj/tavern/tavern-57-bread_slice,1.05,decorative_tiny,food_or_tabletop,bread slice (food_or_tabletop); 0.42m x 0.105m x 0.315m. Dominant colors: white/light.,"{""x"":0.4,""y"":0.1,""z"":0.3}","{""x"":0.42,""y"":0.105,""z"":0.315}","{""x"":0.42,""y"":0.105,""z"":0.315}","[{""name"":""palette"",""hex"":""#ffffff""}]","[{""hex"":""#ffffff"",""pixels"":16653}]",[],"[""renders mostly white/untextured; verify OBJ MTL/texture hookup""]"
cheese,obj,obj/tavern/tavern-6-cheese,0.95,decorative_tiny,decor_or_misc,cheese (decor_or_misc); 0.285m x 0.19m x 0.285m. Dominant colors: white/light.,"{""x"":0.3,""y"":0.2,""z"":0.3}","{""x"":0.285,""y"":0.19,""z"":0.285}","{""x"":0.285,""y"":0.19,""z"":0.285}","[{""name"":""palette"",""hex"":""#ffffff""}]","[{""hex"":""#ffffff"",""pixels"":40286}]",[],"[""renders mostly white/untextured; verify OBJ MTL/texture hookup""]"
shelf_meat,obj,obj/tavern/tavern-33-shelf_meat,0.9,furniture_or_clutter,furniture,shelf meat (furniture); 0.9m x 0.9m x 0.36m. Dominant colors: white/light.,"{""x"":1,""y"":1,""z"":0.4}","{""x"":0.9,""y"":0.9,""z"":0.36}","{""x"":0.9,""y"":0.9,""z"":0.36}","[{""name"":""palette"",""hex"":""#ffffff""}]","[{""hex"":""#ffffff"",""pixels"":18553}]",[],"[""renders mostly white/untextured; verify OBJ MTL/texture hookup""]"
cake,obj,obj/tavern/tavern-56-cake,1,architecture_block,decor_or_misc,cake (decor_or_misc); 0.5m x 0.5m x 0.5m. Dominant colors: white/light.,"{""x"":0.5,""y"":0.5,""z"":0.5}","{""x"":0.5,""y"":0.5,""z"":0.5}","{""x"":0.5,""y"":0.5,""z"":0.5}","[{""name"":""palette"",""hex"":""#ffffff""}]","[{""hex"":""#ffffff"",""pixels"":32860}]",[],"[""renders mostly white/untextured; verify OBJ MTL/texture hookup""]"
keg_iso,obj,obj/tavern/tavern-76-keg_iso,1,furniture_or_clutter,food_or_tabletop,keg iso (food_or_tabletop); 1.1m x 1m x 1.1m. Dominant colors: white/light.,"{""x"":1.1,""y"":1,""z"":1.1}","{""x"":1.1,""y"":1,""z"":1.1}","{""x"":1.1,""y"":1,""z"":1.1}","[{""name"":""palette"",""hex"":""#ffffff""}]","[{""hex"":""#ffffff"",""pixels"":35397}]",[],"[""renders mostly white/untextured; verify OBJ MTL/texture hookup""]"
keg_metal,obj,obj/tavern/tavern-17-keg_metalbinding,1,furniture_or_clutter,food_or_tabletop,keg metal (food_or_tabletop); 1.1m x 1m x 1.1m. Dominant colors: white/light.,"{""x"":1.1,""y"":1,""z"":1.1}","{""x"":1.1,""y"":1,""z"":1.1}","{""x"":1.1,""y"":1,""z"":1.1}","[{""name"":""palette"",""hex"":""#ffffff""}]","[{""hex"":""#ffffff"",""pixels"":26594}]",[],"[""renders mostly white/untextured; verify OBJ MTL/texture hookup""]"
tavern_bar,obj,obj/tavern/tavern-25-bar,0.95,architecture_block,decor_or_misc,tavern bar (decor_or_misc); 0.76m x 0.665m x 1.52m. Dominant colors: white/light.,"{""x"":0.8,""y"":0.7,""z"":1.6}","{""x"":0.76,""y"":0.665,""z"":1.52}","{""x"":0.76,""y"":0.665,""z"":1.52}","[{""name"":""palette"",""hex"":""#ffffff""}]","[{""hex"":""#ffffff"",""pixels"":17053}]",[],"[""renders mostly white/untextured; verify OBJ MTL/texture hookup""]"
tavern_bar_corner,obj,obj/tavern/tavern-24-barcorner,0.95,architecture_block,decor_or_misc,tavern bar corner (decor_or_misc); 0.76m x 0.665m x 0.665m. Dominant colors: white/light.,"{""x"":0.8,""y"":0.7,""z"":0.7}","{""x"":0.76,""y"":0.665,""z"":0.665}","{""x"":0.76,""y"":0.665,""z"":0.665}","[{""name"":""palette"",""hex"":""#ffffff""}]","[{""hex"":""#ffffff"",""pixels"":35819}]",[],"[""renders mostly white/untextured; verify OBJ MTL/texture hookup""]"
tavern_table,obj,obj/tavern/tavern-48-table,1,furniture_or_clutter,furniture,tavern table (furniture); 1.6m x 0.5m x 0.9m. Dominant colors: white/light.,"{""x"":1.6,""y"":0.5,""z"":0.9}","{""x"":1.6,""y"":0.5,""z"":0.9}","{""x"":1.6,""y"":0.5,""z"":0.9}","[{""name"":""palette"",""hex"":""#ffffff""}]","[{""hex"":""#ffffff"",""pixels"":10998}]",[],"[""renders mostly white/untextured; verify OBJ MTL/texture hookup""]"
tavern_chair,obj,obj/tavern/tavern-46-chair,0.9,furniture_or_clutter,furniture,tavern chair (furniture); 0.45m x 0.63m x 0.45m. Dominant colors: white/light.,"{""x"":0.5,""y"":0.7,""z"":0.5}","{""x"":0.45,""y"":0.63,""z"":0.45}","{""x"":0.45,""y"":0.63,""z"":0.45}","[{""name"":""palette"",""hex"":""#ffffff""}]","[{""hex"":""#ffffff"",""pixels"":22141}]",[],"[""renders mostly white/untextured; verify OBJ MTL/texture hookup""]"
tavern_stool,obj,obj/tavern/tavern-47-stool,0.9,furniture_or_clutter,furniture,tavern stool (furniture); 0.45m x 0.27m x 0.45m. Dominant colors: white/light.,"{""x"":0.5,""y"":0.3,""z"":0.5}","{""x"":0.45,""y"":0.27,""z"":0.45}","{""x"":0.45,""y"":0.27,""z"":0.45}","[{""name"":""palette"",""hex"":""#ffffff""}]","[{""hex"":""#ffffff"",""pixels"":24691}]",[],"[""renders mostly white/untextured; verify OBJ MTL/texture hookup""]"
tavern_bookshelf,obj,obj/tavern/tavern-35-bookshelf_books,0.92,decorative_tiny,furniture,tavern bookshelf (furniture); 0.92m x 1.472m x 0.368m. Dominant colors: white/light.,"{""x"":1,""y"":1.6,""z"":0.4}","{""x"":0.92,""y"":1.472,""z"":0.368}","{""x"":0.92,""y"":1.472,""z"":0.368}","[{""name"":""palette"",""hex"":""#ffffff""}]","[{""hex"":""#ffffff"",""pixels"":19909}]",[],"[""renders mostly white/untextured; verify OBJ MTL/texture hookup""]"
church_bench,obj,obj/church_cemetery/church-27-ch_bench2,0.95,furniture_or_clutter,furniture,church bench (furniture); 1.9m x 1.14m x 0.57m. Dominant colors: white/light.,"{""x"":2,""y"":1.2,""z"":0.6}","{""x"":1.9,""y"":1.14,""z"":0.57}","{""x"":1.9,""y"":1.14,""z"":0.57}","[{""name"":""palette"",""hex"":""#ffffff""}]","[{""hex"":""#ffffff"",""pixels"":12022}]",[],"[""renders mostly white/untextured; verify OBJ MTL/texture hookup""]"
church_pulpit,obj,obj/church_cemetery/church-29-ch_pulpit2,0.95,architecture_block,architecture,church pulpit (architecture); 1.33m x 0.76m x 0.95m. Dominant colors: white/light.,"{""x"":1.4,""y"":0.8,""z"":1}","{""x"":1.33,""y"":0.76,""z"":0.95}","{""x"":1.33,""y"":0.76,""z"":0.95}","[{""name"":""palette"",""hex"":""#ffffff""}]","[{""hex"":""#ffffff"",""pixels"":24915}]",[],"[""renders mostly white/untextured; verify OBJ MTL/texture hookup""]"
church_candelabra,obj,obj/church_cemetery/church-38-candelabrawhite,0.9,architecture_block,architecture,church candelabra (architecture); 0.63m x 0.18m x 0.63m. Dominant colors: white/light.,"{""x"":0.7,""y"":0.2,""z"":0.7}","{""x"":0.63,""y"":0.18,""z"":0.63}","{""x"":0.63,""y"":0.18,""z"":0.63}","[{""name"":""palette"",""hex"":""#ffffff""}]","[{""hex"":""#ffffff"",""pixels"":9165}]",[],"[""renders mostly white/untextured; verify OBJ MTL/texture hookup""]"
church_lantern,obj,obj/church_cemetery/church-59-lantern,0.85,decorative_tiny,lighting,church lantern (lighting); 0.255m x 0.425m x 0.255m. Dominant colors: white/light.,"{""x"":0.3,""y"":0.5,""z"":0.3}","{""x"":0.255,""y"":0.425,""z"":0.255}","{""x"":0.255,""y"":0.425,""z"":0.255}","[{""name"":""palette"",""hex"":""#ffffff""}]","[{""hex"":""#ffffff"",""pixels"":20064}]",[],"[""renders mostly white/untextured; verify OBJ MTL/texture hookup""]"
tombstone,obj,obj/church_cemetery/church-58-gy_tombstone1,0.85,solid_resource,nature_or_resource,tombstone (nature_or_resource); 1.105m x 0.935m x 0.255m. Dominant colors: white/light.,"{""x"":1.3,""y"":1.1,""z"":0.3}","{""x"":1.105,""y"":0.935,""z"":0.255}","{""x"":1.105,""y"":0.935,""z"":0.255}","[{""name"":""palette"",""hex"":""#ffffff""}]","[{""hex"":""#ffffff"",""pixels"":20318}]",[],"[""renders mostly white/untextured; verify OBJ MTL/texture hookup""]"
coffin,obj,obj/church_cemetery/church-55-coffin,0.9,solid_landmark,architecture,coffin (architecture); 1.08m x 0.36m x 1.98m. Dominant colors: white/light.,"{""x"":1.2,""y"":0.4,""z"":2.2}","{""x"":1.08,""y"":0.36,""z"":1.98}","{""x"":1.08,""y"":0.36,""z"":1.98}","[{""name"":""palette"",""hex"":""#ffffff""}]","[{""hex"":""#ffffff"",""pixels"":10982}]",[],"[""renders mostly white/untextured; verify OBJ MTL/texture hookup""]"
shovel,obj,obj/church_cemetery/church-72-shovel,0.85,architecture_block,architecture,shovel (architecture); 0.425m x 1.105m x 0.425m. Dominant colors: white/light.,"{""x"":0.5,""y"":1.3,""z"":0.5}","{""x"":0.425,""y"":1.105,""z"":0.425}","{""x"":0.425,""y"":1.105,""z"":0.425}","[{""name"":""palette"",""hex"":""#ffffff""}]","[{""hex"":""#ffffff"",""pixels"":5215}]",[],"[""renders mostly white/untextured; verify OBJ MTL/texture hookup""]"
crate_a,obj,obj/town_sample/Medieval Town - Free Sample-0-Crate-0,1.45,furniture_or_clutter,storage_or_clutter,crate a (storage_or_clutter); 0.58m x 0.58m x 0.58m. Dominant colors: white/light.,"{""x"":0.4,""y"":0.4,""z"":0.4}","{""x"":0.58,""y"":0.58,""z"":0.58}","{""x"":0.58,""y"":0.58,""z"":0.58}","[{""name"":""palette"",""hex"":""#ffffff""}]","[{""hex"":""#ffffff"",""pixels"":53288}]",[],"[""renders mostly white/untextured; verify OBJ MTL/texture hookup""]"
crate_b,obj,obj/town_sample/Medieval Town - Free Sample-1-Crate-1,1.45,furniture_or_clutter,storage_or_clutter,crate b (storage_or_clutter); 0.58m x 0.58m x 0.58m. Dominant colors: white/light.,"{""x"":0.4,""y"":0.4,""z"":0.4}","{""x"":0.58,""y"":0.58,""z"":0.58}","{""x"":0.58,""y"":0.58,""z"":0.58}","[{""name"":""palette"",""hex"":""#ffffff""}]","[{""hex"":""#ffffff"",""pixels"":53288}]",[],"[""renders mostly white/untextured; verify OBJ MTL/texture hookup""]"
crate_c,obj,obj/town_sample/Medieval Town - Free Sample-5-Crate-2,1.45,furniture_or_clutter,storage_or_clutter,crate c (storage_or_clutter); 0.58m x 0.58m x 0.58m. Dominant colors: white/light.,"{""x"":0.4,""y"":0.4,""z"":0.4}","{""x"":0.58,""y"":0.58,""z"":0.58}","{""x"":0.58,""y"":0.58,""z"":0.58}","[{""name"":""palette"",""hex"":""#ffffff""}]","[{""hex"":""#ffffff"",""pixels"":53288}]",[],"[""renders mostly white/untextured; verify OBJ MTL/texture hookup""]"
trolley,obj,obj/town_sample/Medieval Town - Free Sample-3-Trolley,0.95,low_cart,service_or_landmark_prop,trolley (service_or_landmark_prop); 0.57m x 0.399m x 1.33m. Dominant colors: white/light.,"{""x"":0.6,""y"":0.42,""z"":1.4}","{""x"":0.57,""y"":0.399,""z"":1.33}","{""x"":0.57,""y"":0.399,""z"":1.33}","[{""name"":""palette"",""hex"":""#ffffff""}]","[{""hex"":""#ffffff"",""pixels"":8703}]",[],"[""renders mostly white/untextured; verify OBJ MTL/texture hookup""]"
rack,obj,obj/town_sample/Medieval Town - Free Sample-8-Rack,0.95,furniture_or_clutter,storage_or_clutter,rack (storage_or_clutter); 0.38m x 0.342m x 0.095m. Dominant colors: white/light.,"{""x"":0.4,""y"":0.36,""z"":0.1}","{""x"":0.38,""y"":0.342,""z"":0.095}","{""x"":0.38,""y"":0.342,""z"":0.095}","[{""name"":""palette"",""hex"":""#ffffff""}]","[{""hex"":""#ffffff"",""pixels"":22579}]",[],"[""renders mostly white/untextured; verify OBJ MTL/texture hookup""]"
logs,obj,obj/town_sample/Medieval Town - Free Sample-9-Logs,0.95,tree_trunk,nature_or_resource,logs (nature_or_resource); 0.323m x 0.247m x 0.266m. Dominant colors: white/light.,"{""x"":0.34,""y"":0.26,""z"":0.28}","{""x"":0.323,""y"":0.247,""z"":0.266}","{""x"":0.323,""y"":0.247,""z"":0.266}","[{""name"":""palette"",""hex"":""#ffffff""}]","[{""hex"":""#ffffff"",""pixels"":24334}]",[],"[""renders mostly white/untextured; verify OBJ MTL/texture hookup""]"
