2026-05-31T23:51:28.320485Z	OK redis-external listening on 10.0.0.12:6379
2026-05-31T23:51:28.320485Z	Redis external configured host=10.0.0.12 port=6379 mode=external
2026-05-31T23:51:30.1552201Z	Redis is already populated with the installed snapshot data.
2026-05-31T23:51:30.1552201Z	  stream workers: trigger/notify=0 sink=0
2026-05-31T23:51:30.1552201Z	START shim HOST=127.0.0.1 BASE_PORT=3100 RPC_PORT=3104 METRICS_PORT=3101 file=/app/dist/shim.js
2026-05-31T23:51:30.1552201Z	  chat distributor: 3300/3301
2026-05-31T23:51:30.1552201Z	  sync base: https://biomes-node-vnet.thankfulfield-9814940f.eastus.azurecontainerapps.io
2026-05-31T23:51:30.1552201Z	  sync websocket: 4900 -> same-origin /sync proxy
2026-05-31T23:51:30.1552201Z	  web: 3000 -> container app target 3000
2026-05-31T23:51:30.1552201Z	  sync rpc: 4904
2026-05-31T23:51:30.1552201Z	Redis preflight host=10.0.0.12 port=6379 mode=external notifier=shim
2026-05-31T23:51:30.1552201Z	PID shim=36
2026-05-31T23:51:30.1552201Z	Glitch local game stack v134
2026-05-31T23:51:31.127456Z	GLITCH_STARTUP_TRACE_V2 connectToRedis:pinged purpose=bikkie totalMs=13
2026-05-31T23:51:31.127456Z	{"time":"2026-05-31T23:51:30.543Z","severity":"INFO","message":"./deploy/glitch/biomes.config.yaml updating undefined to 2634255ff00fc892cbaa5676b951315d...","logging.googleapis.com/insertId":"4"}
2026-05-31T23:51:31.127456Z	GLITCH_STARTUP_TRACE_V2 registerWorldApi:enter pid=36
2026-05-31T23:51:31.127456Z	{"time":"2026-05-31T23:51:30.722Z","severity":"INFO","message":"Loaded apply.lua, 7442 bytes / SHA1 2d258730713978bf15199492b3bffaff1986835e","logging.googleapis.com/insertId":"13"}
2026-05-31T23:51:31.127456Z	{"time":"2026-05-31T23:51:30.722Z","severity":"INFO","message":"Loaded bootstrap.lua, 773 bytes / SHA1 c844404d534dd199d79727c0d1972fa7537275ac","logging.googleapis.com/insertId":"11"}
2026-05-31T23:51:31.127456Z	{"time":"2026-05-31T23:51:30.724Z","severity":"INFO","message":"Loaded filter.lua, 1717 bytes / SHA1 e2336a3110d523f5ac9a39aeb3acab0dab006dea","logging.googleapis.com/insertId":"18"}
2026-05-31T23:51:31.127456Z	GLITCH_STARTUP_TRACE_V2 connectToRedis:enter purpose=ecs db=0
2026-05-31T23:51:31.127456Z	{"time":"2026-05-31T23:51:30.552Z","severity":"INFO","message":"shim initializing","lifecycle":true,"logging.googleapis.com/insertId":"6"}
2026-05-31T23:51:31.127456Z	GLITCH_STARTUP_TRACE_V2 registerWorldApi:client-constructed kind=RedisWorld
2026-05-31T23:51:31.127456Z	GLITCH_STARTUP_TRACE_V2 sharedServerContext:install:enter pid=36
2026-05-31T23:51:31.127456Z	{"time":"2026-05-31T23:51:30.724Z","severity":"INFO","message":"Loaded filter.lua, 1717 bytes / SHA1 e2336a3110d523f5ac9a39aeb3acab0dab006dea","logging.googleapis.com/insertId":"20"}
2026-05-31T23:51:31.127456Z	GLITCH_STARTUP_TRACE_V2 registerBikkieRefresher:got-worldApi elapsedMs=25 present=true
2026-05-31T23:51:31.127456Z	GLITCH_STARTUP_TRACE_V2 registerBiomesStorage:got-config storageMode=memory
2026-05-31T23:51:31.127456Z	GLITCH_STARTUP_TRACE_V2 registerBiomesStorage:enter
2026-05-31T23:51:31.127456Z	GLITCH_STARTUP_TRACE_V2 bikkieNotifiers:factory:done
2026-05-31T23:51:31.127456Z	GLITCH_STARTUP_TRACE_V2 connectToRedis:opened purpose=ecs elapsedMs=1
2026-05-31T23:51:31.127456Z	{"time":"2026-05-31T23:51:30.721Z","severity":"INFO","message":"Loaded filtered_get_since.lua, 1292 bytes / SHA1 253d9aca570bd07d61841172e3811cd57525fb74","logging.googleapis.com/insertId":"9"}
2026-05-31T23:51:31.127456Z	GLITCH_STARTUP_TRACE_V2 registerWorldApi:done
2026-05-31T23:51:31.127456Z	GLITCH_STARTUP_TRACE_V2 registerWorldApi:before-waitForHealthy mode=hfc-hybrid timeoutMs=Infinity
2026-05-31T23:51:31.127456Z	GLITCH_STARTUP_TRACE_V2 connectToRedis:enter purpose=bikkie db=3
2026-05-31T23:51:31.127456Z	GLITCH_STARTUP_TRACE_V2 connectToRedis:opened purpose=ecs-hfc elapsedMs=1
2026-05-31T23:51:31.127456Z	{"time":"2026-05-31T23:51:30.723Z","severity":"INFO","message":"Loaded filter.lua, 1717 bytes / SHA1 e2336a3110d523f5ac9a39aeb3acab0dab006dea","logging.googleapis.com/insertId":"17"}
2026-05-31T23:51:31.127456Z	GLITCH_STARTUP_TRACE_V2 connectToRedis:pinged purpose=ecs totalMs=9
2026-05-31T23:51:31.127456Z	GLITCH_STARTUP_TRACE_V2 registerBikkieRefresher:got-bikkieNotifiers elapsedMs=4
2026-05-31T23:51:31.127456Z	GLITCH_STARTUP_TRACE_V2 redis-connection:resolved host=10.0.0.12 port=6379 GLITCH_REDIS_HOST=10.0.0.12 LOCAL_REDIS_HOST=10.0.0.12 REDIS_HOST=10.0.0.12 ALLOW_NON_K8_REDIS=1
2026-05-31T23:51:31.127456Z	GLITCH_STARTUP_TRACE_V2 registerWorldApi:got-config mode=hfc-hybrid
2026-05-31T23:51:31.127456Z	{"time":"2026-05-31T23:51:30.722Z","severity":"INFO","message":"Loaded filtered_get.lua, 452 bytes / SHA1 871cde3a41413b7249f6218bbed558bd804a4157","logging.googleapis.com/insertId":"16"}
2026-05-31T23:51:31.127456Z	{"time":"2026-05-31T23:51:30.724Z","severity":"INFO","message":"Loaded filter.lua, 1717 bytes / SHA1 e2336a3110d523f5ac9a39aeb3acab0dab006dea","logging.googleapis.com/insertId":"21"}
2026-05-31T23:51:31.127456Z	GLITCH_STARTUP_TRACE_V2 registerWorldApi:wrapped-as-hfc-hybrid
2026-05-31T23:51:31.127456Z	GLITCH_STARTUP_TRACE_V2 connectToRedis:opened purpose=bikkie elapsedMs=4
2026-05-31T23:51:31.127456Z	{"time":"2026-05-31T23:51:30.713Z","severity":"INFO","message":"> Metrics Server: http://127.0.0.1:3101","logging.googleapis.com/insertId":"8"}
2026-05-31T23:51:31.127456Z	GLITCH_STARTUP_TRACE_V2 registerWorldApi:after-waitForHealthy healthy=true elapsedMs=2
2026-05-31T23:51:31.127456Z	GLITCH_STARTUP_TRACE_V2 registerBikkieRefresher:before-force
2026-05-31T23:51:31.127456Z	{"time":"2026-05-31T23:51:30.551Z","severity":"INFO","message":"Skipping Google Secret Manager for Glitch/local non-GCP runtime; using deterministic local runtime secrets.","logging.googleapis.com/insertId":"5"}
2026-05-31T23:51:31.127456Z	{"time":"2026-05-31T23:51:30.724Z","severity":"INFO","message":"Loaded filter.lua, 1717 bytes / SHA1 e2336a3110d523f5ac9a39aeb3acab0dab006dea","logging.googleapis.com/insertId":"19"}
2026-05-31T23:51:31.127456Z	{"time":"2026-05-31T23:51:30.722Z","severity":"INFO","message":"Loaded apply.lua, 7442 bytes / SHA1 2d258730713978bf15199492b3bffaff1986835e","logging.googleapis.com/insertId":"10"}
2026-05-31T23:51:31.127456Z	{"time":"2026-05-31T23:51:30.531Z","severity":"INFO","message":"Server Commit Hash: local\\n","logging.googleapis.com/insertId":"2"}
2026-05-31T23:51:31.127456Z	GLITCH_STARTUP_TRACE_V2 registerBiomesStorage:done
2026-05-31T23:51:31.127456Z	{"time":"2026-05-31T23:51:30.722Z","severity":"INFO","message":"Loaded filtered_get_since.lua, 1292 bytes / SHA1 253d9aca570bd07d61841172e3811cd57525fb74","logging.googleapis.com/insertId":"15"}
2026-05-31T23:51:31.127456Z	{"time":"2026-05-31T23:51:30.724Z","severity":"INFO","message":"Loaded filter.lua, 1717 bytes / SHA1 e2336a3110d523f5ac9a39aeb3acab0dab006dea","logging.googleapis.com/insertId":"22"}
2026-05-31T23:51:31.127456Z	GLITCH_STARTUP_TRACE_V2 connectToRedis:pinged purpose=ecs-hfc totalMs=4
2026-05-31T23:51:31.127456Z	GLITCH_STARTUP_TRACE_V2 bikkieNotifiers:factory:enter
2026-05-31T23:51:31.127456Z	{"time":"2026-05-31T23:51:30.722Z","severity":"INFO","message":"Loaded bootstrap.lua, 773 bytes / SHA1 c844404d534dd199d79727c0d1972fa7537275ac","logging.googleapis.com/insertId":"14"}
2026-05-31T23:51:31.127456Z	{"time":"2026-05-31T23:51:30.527Z","severity":"INFO","message":"shim starting, PID: 36 / biomes-node-vnet--0000069-76dd6ff594-4jwtw","lifecycle":true,"logging.googleapis.com/insertId":"1"}
2026-05-31T23:51:31.127456Z	{"time":"2026-05-31T23:51:30.722Z","severity":"INFO","message":"Loaded filtered_get.lua, 452 bytes / SHA1 871cde3a41413b7249f6218bbed558bd804a4157","logging.googleapis.com/insertId":"12"}
2026-05-31T23:51:31.127456Z	GLITCH_STARTUP_TRACE_V2 connectToRedis:enter purpose=ecs-hfc db=5
2026-05-31T23:51:31.127456Z	GLITCH_STARTUP_TRACE_V2 registerBikkieRefresher:constructing
2026-05-31T23:51:31.127456Z	{"time":"2026-05-31T23:51:30.709Z","severity":"WARNING","message":"STORAGE MODE: In-memory storage, will not be persisted","logging.googleapis.com/insertId":"7"}
2026-05-31T23:51:31.127456Z	GLITCH_STARTUP_TRACE_V2 registerBikkieRefresher:enter
2026-05-31T23:51:31.127456Z	{"time":"2026-05-31T23:51:30.532Z","severity":"INFO","message":"Skipping GCE metadata wait for Glitch/local non-GCP runtime.","logging.googleapis.com/insertId":"3"}
2026-05-31T23:51:31.127456Z	GLITCH_STARTUP_TRACE_V2 registerBikkieRefresher:got-bikkieStorage elapsedMs=17
2026-05-31T23:51:31.127456Z	GLITCH_STARTUP_TRACE_V2 runServer:before-makeContext service=shim
2026-05-31T23:51:32.1421132Z	{"time":"2026-05-31T23:51:31.352Z","severity":"INFO","message":"Starting Redis bootstrap...","to":"1780271161780-0","logging.googleapis.com/insertId":"25"}
2026-05-31T23:51:32.1421132Z	GLITCH_STARTUP_TRACE_V2 runServer:after-makeContext service=shim elapsedMs=767
2026-05-31T23:51:32.1421132Z	GLITCH_STARTUP_TRACE_V2 runServer:before-initializer service=shim
2026-05-31T23:51:32.1421132Z	GLITCH_STARTUP_TRACE_V2 registerBikkieRefresher:done totalMs=617 forceMs=586
2026-05-31T23:51:32.1421132Z	{"time":"2026-05-31T23:51:31.351Z","severity":"INFO","message":"Starting Redis subscription...","logging.googleapis.com/insertId":"24"}
2026-05-31T23:51:32.1421132Z	{"time":"2026-05-31T23:51:31.319Z","severity":"INFO","message":"Slow registry load, took 766ms","timing":{"bikkieNotifiers":"3.135ms","bikkieRefresher":"571.612ms","bikkieStorage":"14.459ms","config":"0.698ms","worldApi":"24.113ms","shimWorldService":"3.580ms","db":"4.427ms","bootstrap":"3.786ms","firehose":"0.622ms","rpcServer":"0.565ms","notifierService":"0.363ms","pubsubService":"0.310ms","playerSpatialObserver":"27.984ms","chatApi":"0.075ms"},"logging.googleapis.com/insertId":"23"}
2026-05-31T23:51:33.1914128Z	{"time":"2026-05-31T23:51:32.353Z","severity":"INFO","message":"Loaded 17446 entities from Redis","logging.googleapis.com/insertId":"26"}
2026-05-31T23:51:33.1914128Z	{"time":"2026-05-31T23:51:32.573Z","severity":"INFO","message":"./deploy/glitch/biomes.config.yaml unchanged, is 2634255ff00fc892cbaa5676b951315d","logging.googleapis.com/insertId":"27"}
2026-05-31T23:51:34.2976191Z	{"time":"2026-05-31T23:51:33.358Z","severity":"INFO","message":"Loaded 35199 entities from Redis","logging.googleapis.com/insertId":"28"}
2026-05-31T23:51:35.1104947Z	{"time":"2026-05-31T23:51:34.359Z","severity":"INFO","message":"Loaded 53257 entities from Redis","logging.googleapis.com/insertId":"29"}
2026-05-31T23:51:36.2352475Z	{"time":"2026-05-31T23:51:35.362Z","severity":"INFO","message":"Loaded 70313 entities from Redis","logging.googleapis.com/insertId":"30"}
2026-05-31T23:51:37.3137844Z	{"time":"2026-05-31T23:51:36.367Z","severity":"INFO","message":"Loaded 88166 entities from Redis","logging.googleapis.com/insertId":"31"}
2026-05-31T23:51:38.1400129Z	{"time":"2026-05-31T23:51:37.369Z","severity":"INFO","message":"Loaded 105531 entities from Redis","logging.googleapis.com/insertId":"32"}
2026-05-31T23:51:39.5144449Z	{"time":"2026-05-31T23:51:38.373Z","severity":"INFO","message":"Loaded 123492 entities from Redis","logging.googleapis.com/insertId":"33"}
2026-05-31T23:51:40.3319203Z	{"time":"2026-05-31T23:51:39.377Z","severity":"INFO","message":"Loaded 139838 entities from Redis","logging.googleapis.com/insertId":"34"}
2026-05-31T23:51:41.3947019Z	{"time":"2026-05-31T23:51:40.381Z","severity":"INFO","message":"Loaded 157899 entities from Redis","logging.googleapis.com/insertId":"35"}
2026-05-31T23:51:42.1732611Z	{"time":"2026-05-31T23:51:41.386Z","severity":"INFO","message":"Loaded 175549 entities from Redis","logging.googleapis.com/insertId":"36"}
2026-05-31T23:51:43.1213788Z	{"time":"2026-05-31T23:51:42.391Z","severity":"INFO","message":"Loaded 193304 entities from Redis","logging.googleapis.com/insertId":"37"}
2026-05-31T23:51:44.1318807Z	{"time":"2026-05-31T23:51:43.391Z","severity":"INFO","message":"Loaded 209447 entities from Redis","logging.googleapis.com/insertId":"38"}
2026-05-31T23:51:45.6673736Z	{"time":"2026-05-31T23:51:44.395Z","severity":"INFO","message":"Loaded 227399 entities from Redis","logging.googleapis.com/insertId":"39"}
2026-05-31T23:51:46.2320115Z	{"time":"2026-05-31T23:51:45.397Z","severity":"INFO","message":"Loaded 245054 entities from Redis","logging.googleapis.com/insertId":"40"}
2026-05-31T23:51:47.1430446Z	{"time":"2026-05-31T23:51:46.398Z","severity":"INFO","message":"Loaded 262512 entities from Redis","logging.googleapis.com/insertId":"41"}
2026-05-31T23:51:48.4766881Z	{"time":"2026-05-31T23:51:47.402Z","severity":"INFO","message":"Loaded 279271 entities from Redis","logging.googleapis.com/insertId":"42"}
2026-05-31T23:51:49.2258714Z	{"time":"2026-05-31T23:51:48.402Z","severity":"INFO","message":"Loaded 297730 entities from Redis","logging.googleapis.com/insertId":"43"}
2026-05-31T23:51:50.4856211Z	{"time":"2026-05-31T23:51:49.402Z","severity":"INFO","message":"Loaded 316387 entities from Redis","logging.googleapis.com/insertId":"44"}
2026-05-31T23:51:51.198401Z	{"time":"2026-05-31T23:51:50.439Z","severity":"INFO","message":"Shim chat loaded 0, ready to serve.","logging.googleapis.com/insertId":"50"}
2026-05-31T23:51:51.198401Z	{"time":"2026-05-31T23:51:50.404Z","severity":"INFO","message":"Loaded 334738 entities from Redis","logging.googleapis.com/insertId":"45"}
2026-05-31T23:51:51.198401Z	{"time":"2026-05-31T23:51:50.439Z","severity":"INFO","message":"Bootstrapping shim world and chat...","logging.googleapis.com/insertId":"48"}
2026-05-31T23:51:51.198401Z	{"time":"2026-05-31T23:51:50.439Z","severity":"WARNING","message":"Skipping SyncBootstrap prod/gcloud load for Glitch/no-cloud runtime.","logging.googleapis.com/insertId":"49"}
2026-05-31T23:51:51.198401Z	{"time":"2026-05-31T23:51:50.445Z","severity":"INFO","message":"HFC Bootstrap complete, total 0 entities.","logging.googleapis.com/insertId":"51"}
2026-05-31T23:51:51.198401Z	{"time":"2026-05-31T23:51:50.435Z","severity":"INFO","message":"Bootstrap complete, total 335234 entities.","logging.googleapis.com/insertId":"46"}
2026-05-31T23:51:51.198401Z	{"time":"2026-05-31T23:51:50.437Z","severity":"INFO","message":"Streaming new changes...","fromId":"1780271161780-0","logging.googleapis.com/insertId":"47"}
2026-05-31T23:51:52.2630957Z	START sync HOST=0.0.0.0 BASE_PORT=4900 RPC_PORT=4904 METRICS_PORT=4901 file=/app/dist/sync.js
2026-05-31T23:51:52.2630957Z	START oob HOST=127.0.0.1 BASE_PORT=4700 RPC_PORT=4704 METRICS_PORT=4701 file=/app/dist/oob.js
2026-05-31T23:51:52.2630957Z	OK shim-rpc listening on 127.0.0.1:3104
2026-05-31T23:51:52.2630957Z	PID sync=237
2026-05-31T23:51:52.2630957Z	PID oob=235
2026-05-31T23:51:52.2630957Z	{"time":"2026-05-31T23:51:51.473Z","severity":"INFO","message":"> zRPC listening on port 3104","logging.googleapis.com/insertId":"52"}
2026-05-31T23:51:52.2630957Z	START chat HOST=127.0.0.1 BASE_PORT=3300 RPC_PORT=3304 METRICS_PORT=3301 file=/app/dist/chat.js
2026-05-31T23:51:52.2630957Z	START sidefx HOST=127.0.0.1 BASE_PORT=4600 RPC_PORT=4604 METRICS_PORT=4601 file=/app/dist/sidefx.js
2026-05-31T23:51:52.2630957Z	PID logic=232
2026-05-31T23:51:52.2630957Z	{"time":"2026-05-31T23:51:51.474Z","severity":"INFO","message":"shim now running","lifecycle":true,"logging.googleapis.com/insertId":"53"}
2026-05-31T23:51:52.2630957Z	PID bikkie=231
2026-05-31T23:51:52.2630957Z	START bikkie HOST=127.0.0.1 BASE_PORT=3400 RPC_PORT=3404 METRICS_PORT=3401 file=/app/dist/bikkie.js
2026-05-31T23:51:52.2630957Z	PID chat=234
2026-05-31T23:51:52.2630957Z	PID ask=233
2026-05-31T23:51:52.2630957Z	START ask HOST=127.0.0.1 BASE_PORT=3600 RPC_PORT=3604 METRICS_PORT=3601 file=/app/dist/ask.js
2026-05-31T23:51:52.2630957Z	PID sidefx=236
2026-05-31T23:51:52.2630957Z	START logic HOST=127.0.0.1 BASE_PORT=3500 RPC_PORT=3504 METRICS_PORT=3501 file=/app/dist/logic.js
2026-05-31T23:51:52.2630957Z	GLITCH_STARTUP_TRACE_V2 runServer:after-initializer service=shim elapsedMs=20155
2026-05-31T23:51:55.2458201Z	GLITCH_STARTUP_TRACE_V2 redis-connection:resolved host=10.0.0.12 port=6379 GLITCH_REDIS_HOST=10.0.0.12 LOCAL_REDIS_HOST=10.0.0.12 REDIS_HOST=10.0.0.12 ALLOW_NON_K8_REDIS=1
2026-05-31T23:51:55.2458201Z	GLITCH_STARTUP_TRACE_V2 redis-connection:resolved host=10.0.0.12 port=6379 GLITCH_REDIS_HOST=10.0.0.12 LOCAL_REDIS_HOST=10.0.0.12 REDIS_HOST=10.0.0.12 ALLOW_NON_K8_REDIS=1
2026-05-31T23:51:55.2458201Z	GLITCH_STARTUP_TRACE_V2 redis-connection:resolved host=10.0.0.12 port=6379 GLITCH_REDIS_HOST=10.0.0.12 LOCAL_REDIS_HOST=10.0.0.12 REDIS_HOST=10.0.0.12 ALLOW_NON_K8_REDIS=1
2026-05-31T23:51:55.2458201Z	GLITCH_STARTUP_TRACE_V2 redis-connection:resolved host=10.0.0.12 port=6379 GLITCH_REDIS_HOST=10.0.0.12 LOCAL_REDIS_HOST=10.0.0.12 REDIS_HOST=10.0.0.12 ALLOW_NON_K8_REDIS=1
2026-05-31T23:51:55.2458201Z	GLITCH_STARTUP_TRACE_V2 redis-connection:resolved host=10.0.0.12 port=6379 GLITCH_REDIS_HOST=10.0.0.12 LOCAL_REDIS_HOST=10.0.0.12 REDIS_HOST=10.0.0.12 ALLOW_NON_K8_REDIS=1
2026-05-31T23:51:55.2458201Z	GLITCH_STARTUP_TRACE_V2 redis-connection:resolved host=10.0.0.12 port=6379 GLITCH_REDIS_HOST=10.0.0.12 LOCAL_REDIS_HOST=10.0.0.12 REDIS_HOST=10.0.0.12 ALLOW_NON_K8_REDIS=1
2026-05-31T23:51:57.13762Z	GLITCH_STARTUP_TRACE_V2 registerBiomesStorage:enter
2026-05-31T23:51:57.13762Z	{"time":"2026-05-31T23:51:55.376Z","severity":"INFO","message":"Skipping Google Secret Manager for Glitch/local non-GCP runtime; using deterministic local runtime secrets.","logging.googleapis.com/insertId":"5"}
2026-05-31T23:51:57.13762Z	{"time":"2026-05-31T23:51:55.267Z","severity":"INFO","message":"Skipping Google Secret Manager for Glitch/local non-GCP runtime; using deterministic local runtime secrets.","logging.googleapis.com/insertId":"5"}
2026-05-31T23:51:57.13762Z	{"time":"2026-05-31T23:51:55.765Z","severity":"INFO","message":"Loaded filter.lua, 1717 bytes / SHA1 e2336a3110d523f5ac9a39aeb3acab0dab006dea","logging.googleapis.com/insertId":"20"}
2026-05-31T23:51:57.13762Z	GLITCH_STARTUP_TRACE_V2 registerWorldApi:wrapped-as-hfc-hybrid
2026-05-31T23:51:57.13762Z	{"time":"2026-05-31T23:51:55.706Z","severity":"INFO","message":"> Metrics Server: http://127.0.0.1:4701","logging.googleapis.com/insertId":"8"}
2026-05-31T23:51:57.13762Z	{"time":"2026-05-31T23:51:55.189Z","severity":"INFO","message":"ask starting, PID: 233 / biomes-node-vnet--0000069-76dd6ff594-4jwtw","lifecycle":true,"logging.googleapis.com/insertId":"1"}
2026-05-31T23:51:57.13762Z	{"time":"2026-05-31T23:51:55.724Z","severity":"INFO","message":"Loaded filter.lua, 1717 bytes / SHA1 e2336a3110d523f5ac9a39aeb3acab0dab006dea","logging.googleapis.com/insertId":"19"}
2026-05-31T23:51:57.13762Z	{"time":"2026-05-31T23:51:55.762Z","severity":"INFO","message":"Loaded filtered_get_since.lua, 1292 bytes / SHA1 253d9aca570bd07d61841172e3811cd57525fb74","logging.googleapis.com/insertId":"12"}
2026-05-31T23:51:57.13762Z	GLITCH_STARTUP_TRACE_V2 registerBikkieRefresher:enter
2026-05-31T23:51:57.13762Z	GLITCH_STARTUP_TRACE_V2 sharedServerContext:install:enter pid=235
2026-05-31T23:51:57.13762Z	GLITCH_STARTUP_TRACE_V2 bikkieNotifiers:factory:enter
2026-05-31T23:51:57.13762Z	GLITCH_STARTUP_TRACE_V2 registerBiomesStorage:done
2026-05-31T23:51:57.13762Z	{"time":"2026-05-31T23:51:55.722Z","severity":"INFO","message":"Loaded filtered_get_since.lua, 1292 bytes / SHA1 253d9aca570bd07d61841172e3811cd57525fb74","logging.googleapis.com/insertId":"12"}
2026-05-31T23:51:57.13762Z	GLITCH_STARTUP_TRACE_V2 connectToRedis:opened purpose=ecs elapsedMs=7
2026-05-31T23:51:57.13762Z	{"time":"2026-05-31T23:51:55.724Z","severity":"INFO","message":"Loaded filter.lua, 1717 bytes / SHA1 e2336a3110d523f5ac9a39aeb3acab0dab006dea","logging.googleapis.com/insertId":"18"}
2026-05-31T23:51:57.13762Z	GLITCH_STARTUP_TRACE_V2 connectToRedis:pinged purpose=ecs totalMs=22
2026-05-31T23:51:57.13762Z	GLITCH_STARTUP_TRACE_V2 connectToRedis:pinged purpose=bikkie totalMs=28
2026-05-31T23:51:57.13762Z	GLITCH_STARTUP_TRACE_V2 connectToRedis:opened purpose=bikkie elapsedMs=15
2026-05-31T23:51:57.13762Z	GLITCH_STARTUP_TRACE_V2 sharedServerContext:install:enter pid=236
2026-05-31T23:51:57.13762Z	GLITCH_STARTUP_TRACE_V2 bikkieNotifiers:factory:done
2026-05-31T23:51:57.13762Z	{"time":"2026-05-31T23:51:55.690Z","severity":"INFO","message":"STORAGE MODE: Locally running shim 127.0.0.1:3104","logging.googleapis.com/insertId":"7"}
2026-05-31T23:51:57.13762Z	GLITCH_STARTUP_TRACE_V2 connectToRedis:opened purpose=ecs elapsedMs=9
2026-05-31T23:51:57.13762Z	GLITCH_STARTUP_TRACE_V2 connectToRedis:opened purpose=ecs elapsedMs=16
2026-05-31T23:51:57.13762Z	{"time":"2026-05-31T23:51:55.830Z","severity":"INFO","message":"Skipping Google Secret Manager for Glitch/local non-GCP runtime; using deterministic local runtime secrets.","logging.googleapis.com/insertId":"5"}
2026-05-31T23:51:57.13762Z	{"time":"2026-05-31T23:51:55.722Z","severity":"INFO","message":"Loaded filtered_get.lua, 452 bytes / SHA1 871cde3a41413b7249f6218bbed558bd804a4157","logging.googleapis.com/insertId":"11"}
2026-05-31T23:51:57.13762Z	GLITCH_STARTUP_TRACE_V2 registerBiomesStorage:enter
2026-05-31T23:51:57.13762Z	{"time":"2026-05-31T23:51:55.262Z","severity":"INFO","message":"Server Commit Hash: local\\n","logging.googleapis.com/insertId":"2"}
2026-05-31T23:51:57.13762Z	GLITCH_STARTUP_TRACE_V2 registerWorldApi:before-waitForHealthy mode=hfc-hybrid timeoutMs=Infinity
2026-05-31T23:51:57.13762Z	{"time":"2026-05-31T23:51:55.765Z","severity":"INFO","message":"Loaded filter.lua, 1717 bytes / SHA1 e2336a3110d523f5ac9a39aeb3acab0dab006dea","logging.googleapis.com/insertId":"22"}
2026-05-31T23:51:57.13762Z	{"time":"2026-05-31T23:51:55.793Z","severity":"INFO","message":"./deploy/glitch/biomes.config.yaml updating undefined to 2634255ff00fc892cbaa5676b951315d...","logging.googleapis.com/insertId":"4"}
2026-05-31T23:51:57.13762Z	GLITCH_STARTUP_TRACE_V2 registerBikkieRefresher:got-worldApi elapsedMs=45 present=true
2026-05-31T23:51:57.13762Z	{"time":"2026-05-31T23:51:55.377Z","severity":"INFO","message":"oob initializing","lifecycle":true,"logging.googleapis.com/insertId":"6"}
2026-05-31T23:51:57.13762Z	GLITCH_STARTUP_TRACE_V2 registerBiomesStorage:got-config storageMode=shim
2026-05-31T23:51:57.13762Z	GLITCH_STARTUP_TRACE_V2 connectToRedis:enter purpose=bikkie db=3
2026-05-31T23:51:57.13762Z	{"time":"2026-05-31T23:51:55.707Z","severity":"INFO","message":"logic starting, PID: 232 / biomes-node-vnet--0000069-76dd6ff594-4jwtw","lifecycle":true,"logging.googleapis.com/insertId":"1"}
2026-05-31T23:51:57.13762Z	GLITCH_STARTUP_TRACE_V2 registerWorldApi:enter pid=236
2026-05-31T23:51:57.13762Z	GLITCH_STARTUP_TRACE_V2 redis-connection:resolved host=10.0.0.12 port=6379 GLITCH_REDIS_HOST=10.0.0.12 LOCAL_REDIS_HOST=10.0.0.12 REDIS_HOST=10.0.0.12 ALLOW_NON_K8_REDIS=1
2026-05-31T23:51:57.13762Z	GLITCH_STARTUP_TRACE_V2 registerWorldApi:enter pid=233
2026-05-31T23:51:57.13762Z	{"time":"2026-05-31T23:51:55.721Z","severity":"INFO","message":"Loaded bootstrap.lua, 773 bytes / SHA1 c844404d534dd199d79727c0d1972fa7537275ac","logging.googleapis.com/insertId":"10"}
2026-05-31T23:51:57.13762Z	GLITCH_STARTUP_TRACE_V2 registerWorldApi:client-constructed kind=RedisWorld
2026-05-31T23:51:57.13762Z	{"time":"2026-05-31T23:51:55.724Z","severity":"INFO","message":"Loaded filter.lua, 1717 bytes / SHA1 e2336a3110d523f5ac9a39aeb3acab0dab006dea","logging.googleapis.com/insertId":"17"}
2026-05-31T23:51:57.13762Z	GLITCH_STARTUP_TRACE_V2 registerBikkieRefresher:enter
2026-05-31T23:51:57.13762Z	GLITCH_STARTUP_TRACE_V2 registerWorldApi:done
2026-05-31T23:51:57.13762Z	GLITCH_STARTUP_TRACE_V2 sharedServerContext:install:enter pid=233
2026-05-31T23:51:57.13762Z	GLITCH_STARTUP_TRACE_V2 runServer:before-makeContext service=sidefx
2026-05-31T23:51:57.13762Z	GLITCH_STARTUP_TRACE_V2 connectToRedis:pinged purpose=ecs-hfc totalMs=6
2026-05-31T23:51:57.13762Z	{"time":"2026-05-31T23:51:55.320Z","severity":"INFO","message":"./deploy/glitch/biomes.config.yaml updating undefined to 2634255ff00fc892cbaa5676b951315d...","logging.googleapis.com/insertId":"4"}
2026-05-31T23:51:57.13762Z	{"time":"2026-05-31T23:51:55.764Z","severity":"INFO","message":"Loaded filter.lua, 1717 bytes / SHA1 e2336a3110d523f5ac9a39aeb3acab0dab006dea","logging.googleapis.com/insertId":"18"}
2026-05-31T23:51:57.13762Z	GLITCH_STARTUP_TRACE_V2 registerBikkieRefresher:got-bikkieStorage elapsedMs=82
2026-05-31T23:51:57.13762Z	GLITCH_STARTUP_TRACE_V2 sharedServerContext:install:enter pid=232
2026-05-31T23:51:57.13762Z	{"time":"2026-05-31T23:51:55.193Z","severity":"INFO","message":"Skipping GCE metadata wait for Glitch/local non-GCP runtime.","logging.googleapis.com/insertId":"3"}
2026-05-31T23:51:57.13762Z	GLITCH_STARTUP_TRACE_V2 connectToRedis:pinged purpose=bikkie totalMs=76
2026-05-31T23:51:57.13762Z	GLITCH_STARTUP_TRACE_V2 registerBiomesStorage:enter
2026-05-31T23:51:57.13762Z	GLITCH_STARTUP_TRACE_V2 connectToRedis:opened purpose=ecs-hfc elapsedMs=0
2026-05-31T23:51:57.13762Z	GLITCH_STARTUP_TRACE_V2 connectToRedis:enter purpose=ecs-hfc db=5
2026-05-31T23:51:57.13762Z	{"time":"2026-05-31T23:51:55.764Z","severity":"INFO","message":"Loaded filter.lua, 1717 bytes / SHA1 e2336a3110d523f5ac9a39aeb3acab0dab006dea","logging.googleapis.com/insertId":"17"}
2026-05-31T23:51:57.13762Z	GLITCH_STARTUP_TRACE_V2 registerBikkieRefresher:constructing
2026-05-31T23:51:57.13762Z	{"time":"2026-05-31T23:51:55.762Z","severity":"INFO","message":"Loaded bootstrap.lua, 773 bytes / SHA1 c844404d534dd199d79727c0d1972fa7537275ac","logging.googleapis.com/insertId":"14"}
2026-05-31T23:51:57.13762Z	{"time":"2026-05-31T23:51:55.267Z","severity":"INFO","message":"Skipping GCE metadata wait for Glitch/local non-GCP runtime.","logging.googleapis.com/insertId":"3"}
2026-05-31T23:51:57.13762Z	GLITCH_STARTUP_TRACE_V2 runServer:before-makeContext service=oob
2026-05-31T23:51:57.13762Z	{"time":"2026-05-31T23:51:55.268Z","severity":"INFO","message":"ask initializing","lifecycle":true,"logging.googleapis.com/insertId":"6"}
2026-05-31T23:51:57.13762Z	GLITCH_STARTUP_TRACE_V2 runServer:before-makeContext service=ask
2026-05-31T23:51:57.13762Z	{"time":"2026-05-31T23:51:55.722Z","severity":"INFO","message":"Loaded apply.lua, 7442 bytes / SHA1 2d258730713978bf15199492b3bffaff1986835e","logging.googleapis.com/insertId":"13"}
2026-05-31T23:51:57.13762Z	GLITCH_STARTUP_TRACE_V2 connectToRedis:enter purpose=ecs db=0
2026-05-31T23:51:57.13762Z	{"time":"2026-05-31T23:51:55.347Z","severity":"INFO","message":"./deploy/glitch/biomes.config.yaml updating undefined to 2634255ff00fc892cbaa5676b951315d...","logging.googleapis.com/insertId":"4"}
2026-05-31T23:51:57.13762Z	GLITCH_STARTUP_TRACE_V2 registerWorldApi:got-config mode=hfc-hybrid
2026-05-31T23:51:57.13762Z	GLITCH_STARTUP_TRACE_V2 registerBikkieRefresher:enter
2026-05-31T23:51:57.13762Z	{"time":"2026-05-31T23:51:55.697Z","severity":"INFO","message":"STORAGE MODE: Locally running shim 127.0.0.1:3104","logging.googleapis.com/insertId":"7"}
2026-05-31T23:51:57.13762Z	GLITCH_STARTUP_TRACE_V2 registerBikkieRefresher:before-force
2026-05-31T23:51:57.13762Z	GLITCH_STARTUP_TRACE_V2 connectToRedis:enter purpose=ecs db=0
2026-05-31T23:51:57.13762Z	GLITCH_STARTUP_TRACE_V2 connectToRedis:pinged purpose=ecs totalMs=72
2026-05-31T23:51:57.13762Z	GLITCH_STARTUP_TRACE_V2 registerBikkieRefresher:got-bikkieNotifiers elapsedMs=5
2026-05-31T23:51:57.13762Z	GLITCH_STARTUP_TRACE_V2 connectToRedis:enter purpose=bikkie db=3
2026-05-31T23:51:57.13762Z	{"time":"2026-05-31T23:51:55.233Z","severity":"INFO","message":"./deploy/glitch/biomes.config.yaml updating undefined to 2634255ff00fc892cbaa5676b951315d...","logging.googleapis.com/insertId":"4"}
2026-05-31T23:51:57.13762Z	{"time":"2026-05-31T23:51:55.293Z","severity":"INFO","message":"Skipping GCE metadata wait for Glitch/local non-GCP runtime.","logging.googleapis.com/insertId":"3"}
2026-05-31T23:51:57.13762Z	{"time":"2026-05-31T23:51:55.723Z","severity":"INFO","message":"Loaded filtered_get.lua, 452 bytes / SHA1 871cde3a41413b7249f6218bbed558bd804a4157","logging.googleapis.com/insertId":"15"}
2026-05-31T23:51:57.13762Z	GLITCH_STARTUP_TRACE_V2 registerBikkieRefresher:before-force
2026-05-31T23:51:57.13762Z	GLITCH_STARTUP_TRACE_V2 registerBikkieRefresher:got-bikkieStorage elapsedMs=36
2026-05-31T23:51:57.13762Z	{"time":"2026-05-31T23:51:55.710Z","severity":"INFO","message":"> Metrics Server: http://127.0.0.1:3601","logging.googleapis.com/insertId":"8"}
2026-05-31T23:51:57.13762Z	GLITCH_STARTUP_TRACE_V2 connectToRedis:enter purpose=ecs-hfc db=5
2026-05-31T23:51:57.13762Z	{"time":"2026-05-31T23:51:55.257Z","severity":"INFO","message":"sidefx starting, PID: 236 / biomes-node-vnet--0000069-76dd6ff594-4jwtw","lifecycle":true,"logging.googleapis.com/insertId":"1"}
2026-05-31T23:51:57.13762Z	{"time":"2026-05-31T23:51:55.292Z","severity":"INFO","message":"Server Commit Hash: local\\n","logging.googleapis.com/insertId":"2"}
2026-05-31T23:51:57.13762Z	GLITCH_STARTUP_TRACE_V2 registerWorldApi:wrapped-as-hfc-hybrid
2026-05-31T23:51:57.13762Z	GLITCH_STARTUP_TRACE_V2 registerBiomesStorage:done
2026-05-31T23:51:57.13762Z	GLITCH_STARTUP_TRACE_V2 runServer:before-makeContext service=logic
2026-05-31T23:51:57.13762Z	GLITCH_STARTUP_TRACE_V2 registerBikkieRefresher:got-worldApi elapsedMs=94 present=true
2026-05-31T23:51:57.13762Z	{"time":"2026-05-31T23:51:55.351Z","severity":"INFO","message":"Skipping Google Secret Manager for Glitch/local non-GCP runtime; using deterministic local runtime secrets.","logging.googleapis.com/insertId":"5"}
2026-05-31T23:51:57.13762Z	{"time":"2026-05-31T23:51:55.762Z","severity":"INFO","message":"Loaded apply.lua, 7442 bytes / SHA1 2d258730713978bf15199492b3bffaff1986835e","logging.googleapis.com/insertId":"13"}
2026-05-31T23:51:57.13762Z	{"time":"2026-05-31T23:51:55.291Z","severity":"INFO","message":"oob starting, PID: 235 / biomes-node-vnet--0000069-76dd6ff594-4jwtw","lifecycle":true,"logging.googleapis.com/insertId":"1"}
2026-05-31T23:51:57.13762Z	GLITCH_STARTUP_TRACE_V2 registerBiomesStorage:got-config storageMode=shim
2026-05-31T23:51:57.13762Z	GLITCH_STARTUP_TRACE_V2 registerWorldApi:after-waitForHealthy healthy=true elapsedMs=2
2026-05-31T23:51:57.13762Z	GLITCH_STARTUP_TRACE_V2 registerWorldApi:got-config mode=hfc-hybrid
2026-05-31T23:51:57.13762Z	{"time":"2026-05-31T23:51:55.761Z","severity":"INFO","message":"Loaded filtered_get.lua, 452 bytes / SHA1 871cde3a41413b7249f6218bbed558bd804a4157","logging.googleapis.com/insertId":"11"}
2026-05-31T23:51:57.13762Z	GLITCH_STARTUP_TRACE_V2 registerWorldApi:done
2026-05-31T23:51:57.13762Z	{"time":"2026-05-31T23:51:55.887Z","severity":"INFO","message":"> Metrics Server: http://127.0.0.1:4601","logging.googleapis.com/insertId":"8"}
2026-05-31T23:51:57.13762Z	GLITCH_STARTUP_TRACE_V2 registerWorldApi:enter pid=235
2026-05-31T23:51:57.13762Z	{"time":"2026-05-31T23:51:55.725Z","severity":"INFO","message":"Loaded filter.lua, 1717 bytes / SHA1 e2336a3110d523f5ac9a39aeb3acab0dab006dea","logging.googleapis.com/insertId":"21"}
2026-05-31T23:51:57.13762Z	GLITCH_STARTUP_TRACE_V2 bikkieNotifiers:factory:done
2026-05-31T23:51:57.13762Z	{"time":"2026-05-31T23:51:55.762Z","severity":"INFO","message":"Loaded filtered_get.lua, 452 bytes / SHA1 871cde3a41413b7249f6218bbed558bd804a4157","logging.googleapis.com/insertId":"15"}
2026-05-31T23:51:57.13762Z	GLITCH_STARTUP_TRACE_V2 registerBiomesStorage:got-config storageMode=shim
2026-05-31T23:51:57.13762Z	{"time":"2026-05-31T23:51:55.864Z","severity":"INFO","message":"STORAGE MODE: Locally running shim 127.0.0.1:3104","logging.googleapis.com/insertId":"7"}
2026-05-31T23:51:57.13762Z	{"time":"2026-05-31T23:51:55.765Z","severity":"INFO","message":"Loaded filter.lua, 1717 bytes / SHA1 e2336a3110d523f5ac9a39aeb3acab0dab006dea","logging.googleapis.com/insertId":"21"}
2026-05-31T23:51:57.13762Z	GLITCH_STARTUP_TRACE_V2 connectToRedis:enter purpose=ecs db=0
2026-05-31T23:51:57.13762Z	GLITCH_STARTUP_TRACE_V2 connectToRedis:opened purpose=bikkie elapsedMs=11
2026-05-31T23:51:57.13762Z	{"time":"2026-05-31T23:51:55.725Z","severity":"INFO","message":"Loaded filter.lua, 1717 bytes / SHA1 e2336a3110d523f5ac9a39aeb3acab0dab006dea","logging.googleapis.com/insertId":"22"}
2026-05-31T23:51:57.13762Z	GLITCH_STARTUP_TRACE_V2 connectToRedis:pinged purpose=ecs-hfc totalMs=7
2026-05-31T23:51:57.13762Z	{"time":"2026-05-31T23:51:55.353Z","severity":"INFO","message":"sidefx initializing","lifecycle":true,"logging.googleapis.com/insertId":"6"}
2026-05-31T23:51:57.13762Z	{"time":"2026-05-31T23:51:55.721Z","severity":"INFO","message":"Loaded apply.lua, 7442 bytes / SHA1 2d258730713978bf15199492b3bffaff1986835e","logging.googleapis.com/insertId":"9"}
2026-05-31T23:51:57.13762Z	GLITCH_STARTUP_TRACE_V2 registerWorldApi:after-waitForHealthy healthy=true elapsedMs=2
2026-05-31T23:51:57.13762Z	{"time":"2026-05-31T23:51:55.189Z","severity":"INFO","message":"Server Commit Hash: local\\n","logging.googleapis.com/insertId":"2"}
2026-05-31T23:51:57.13762Z	{"time":"2026-05-31T23:51:55.761Z","severity":"INFO","message":"Loaded bootstrap.lua, 773 bytes / SHA1 c844404d534dd199d79727c0d1972fa7537275ac","logging.googleapis.com/insertId":"10"}
2026-05-31T23:51:57.13762Z	{"time":"2026-05-31T23:51:55.715Z","severity":"INFO","message":"Skipping GCE metadata wait for Glitch/local non-GCP runtime.","logging.googleapis.com/insertId":"3"}
2026-05-31T23:51:57.13762Z	GLITCH_STARTUP_TRACE_V2 connectToRedis:opened purpose=bikkie elapsedMs=16
2026-05-31T23:51:57.13762Z	GLITCH_STARTUP_TRACE_V2 connectToRedis:enter purpose=bikkie db=3
2026-05-31T23:51:57.13762Z	GLITCH_STARTUP_TRACE_V2 bikkieNotifiers:factory:enter
2026-05-31T23:51:57.13762Z	GLITCH_STARTUP_TRACE_V2 connectToRedis:opened purpose=ecs-hfc elapsedMs=0
2026-05-31T23:51:57.13762Z	GLITCH_STARTUP_TRACE_V2 registerBikkieRefresher:got-bikkieNotifiers elapsedMs=21
2026-05-31T23:51:57.13762Z	GLITCH_STARTUP_TRACE_V2 registerWorldApi:client-constructed kind=RedisWorld
2026-05-31T23:51:57.13762Z	{"time":"2026-05-31T23:51:55.763Z","severity":"INFO","message":"Loaded filtered_get_since.lua, 1292 bytes / SHA1 253d9aca570bd07d61841172e3811cd57525fb74","logging.googleapis.com/insertId":"16"}
2026-05-31T23:51:57.13762Z	GLITCH_STARTUP_TRACE_V2 bikkieNotifiers:factory:done
2026-05-31T23:51:57.13762Z	GLITCH_STARTUP_TRACE_V2 bikkieNotifiers:factory:enter
2026-05-31T23:51:57.13762Z	{"time":"2026-05-31T23:51:55.713Z","severity":"INFO","message":"Server Commit Hash: local\\n","logging.googleapis.com/insertId":"2"}
2026-05-31T23:51:57.13762Z	GLITCH_STARTUP_TRACE_V2 registerBiomesStorage:done
2026-05-31T23:51:57.13762Z	{"time":"2026-05-31T23:51:55.723Z","severity":"INFO","message":"Loaded filtered_get_since.lua, 1292 bytes / SHA1 253d9aca570bd07d61841172e3811cd57525fb74","logging.googleapis.com/insertId":"16"}
2026-05-31T23:51:57.13762Z	GLITCH_STARTUP_TRACE_V2 registerWorldApi:before-waitForHealthy mode=hfc-hybrid timeoutMs=Infinity
2026-05-31T23:51:57.13762Z	{"time":"2026-05-31T23:51:55.724Z","severity":"INFO","message":"Loaded filter.lua, 1717 bytes / SHA1 e2336a3110d523f5ac9a39aeb3acab0dab006dea","logging.googleapis.com/insertId":"20"}
2026-05-31T23:51:57.13762Z	{"time":"2026-05-31T23:51:55.764Z","severity":"INFO","message":"Loaded filter.lua, 1717 bytes / SHA1 e2336a3110d523f5ac9a39aeb3acab0dab006dea","logging.googleapis.com/insertId":"19"}
2026-05-31T23:51:57.13762Z	{"time":"2026-05-31T23:51:55.760Z","severity":"INFO","message":"Loaded apply.lua, 7442 bytes / SHA1 2d258730713978bf15199492b3bffaff1986835e","logging.googleapis.com/insertId":"9"}
2026-05-31T23:51:57.13762Z	GLITCH_STARTUP_TRACE_V2 bikkieNotifiers:factory:enter
2026-05-31T23:51:57.13762Z	GLITCH_STARTUP_TRACE_V2 registerWorldApi:got-config mode=hfc-hybrid
2026-05-31T23:51:57.13762Z	GLITCH_STARTUP_TRACE_V2 registerBikkieRefresher:constructing
2026-05-31T23:51:57.13762Z	{"time":"2026-05-31T23:51:55.841Z","severity":"INFO","message":"logic initializing","lifecycle":true,"logging.googleapis.com/insertId":"6"}
2026-05-31T23:51:57.13762Z	GLITCH_STARTUP_TRACE_V2 registerBikkieRefresher:got-bikkieNotifiers elapsedMs=7
2026-05-31T23:51:57.13762Z	{"time":"2026-05-31T23:51:55.723Z","severity":"INFO","message":"Loaded bootstrap.lua, 773 bytes / SHA1 c844404d534dd199d79727c0d1972fa7537275ac","logging.googleapis.com/insertId":"14"}
2026-05-31T23:51:57.1618952Z	GLITCH_STARTUP_TRACE_V2 connectToRedis:pinged purpose=bikkie totalMs=52
2026-05-31T23:51:57.1618952Z	GLITCH_STARTUP_TRACE_V2 connectToRedis:pinged purpose=ecs-hfc totalMs=12
2026-05-31T23:51:57.1618952Z	GLITCH_STARTUP_TRACE_V2 registerWorldApi:enter pid=232
2026-05-31T23:51:57.1618952Z	GLITCH_STARTUP_TRACE_V2 registerWorldApi:after-waitForHealthy healthy=true elapsedMs=19
2026-05-31T23:51:57.1618952Z	GLITCH_STARTUP_TRACE_V2 registerBikkieRefresher:enter
2026-05-31T23:51:57.1618952Z	{"time":"2026-05-31T23:51:56.145Z","severity":"INFO","message":"Loaded filter.lua, 1717 bytes / SHA1 e2336a3110d523f5ac9a39aeb3acab0dab006dea","logging.googleapis.com/insertId":"20"}
2026-05-31T23:51:57.1618952Z	{"time":"2026-05-31T23:51:56.114Z","severity":"INFO","message":"Loaded bootstrap.lua, 773 bytes / SHA1 c844404d534dd199d79727c0d1972fa7537275ac","logging.googleapis.com/insertId":"10"}
2026-05-31T23:51:57.1618952Z	{"time":"2026-05-31T23:51:56.365Z","severity":"INFO","message":"Loaded filtered_get.lua, 452 bytes / SHA1 871cde3a41413b7249f6218bbed558bd804a4157","logging.googleapis.com/insertId":"11"}
2026-05-31T23:51:57.1618952Z	GLITCH_STARTUP_TRACE_V2 registerWorldApi:before-waitForHealthy mode=hfc-hybrid timeoutMs=Infinity
2026-05-31T23:51:57.1618952Z	{"time":"2026-05-31T23:51:56.366Z","severity":"INFO","message":"Loaded filtered_get_since.lua, 1292 bytes / SHA1 253d9aca570bd07d61841172e3811cd57525fb74","logging.googleapis.com/insertId":"12"}
2026-05-31T23:51:57.1618952Z	{"time":"2026-05-31T23:51:56.375Z","severity":"INFO","message":"Loaded filter.lua, 1717 bytes / SHA1 e2336a3110d523f5ac9a39aeb3acab0dab006dea","logging.googleapis.com/insertId":"17"}
2026-05-31T23:51:57.1618952Z	{"time":"2026-05-31T23:51:56.145Z","severity":"INFO","message":"Loaded filter.lua, 1717 bytes / SHA1 e2336a3110d523f5ac9a39aeb3acab0dab006dea","logging.googleapis.com/insertId":"22"}
2026-05-31T23:51:57.1618952Z	{"time":"2026-05-31T23:51:56.375Z","severity":"INFO","message":"Loaded filter.lua, 1717 bytes / SHA1 e2336a3110d523f5ac9a39aeb3acab0dab006dea","logging.googleapis.com/insertId":"18"}
2026-05-31T23:51:57.1618952Z	{"time":"2026-05-31T23:51:56.370Z","severity":"INFO","message":"Loaded filtered_get.lua, 452 bytes / SHA1 871cde3a41413b7249f6218bbed558bd804a4157","logging.googleapis.com/insertId":"15"}
2026-05-31T23:51:57.1618952Z	GLITCH_STARTUP_TRACE_V2 registerBikkieRefresher:before-force
2026-05-31T23:51:57.1618952Z	{"time":"2026-05-31T23:51:56.398Z","severity":"INFO","message":"Loaded WASM","logging.googleapis.com/insertId":"23"}
2026-05-31T23:51:57.1618952Z	GLITCH_STARTUP_TRACE_V2 registerWorldApi:wrapped-as-hfc-hybrid
2026-05-31T23:51:57.1618952Z	GLITCH_STARTUP_TRACE_V2 registerBikkieRefresher:constructing
2026-05-31T23:51:57.1618952Z	{"time":"2026-05-31T23:51:56.144Z","severity":"INFO","message":"Loaded filter.lua, 1717 bytes / SHA1 e2336a3110d523f5ac9a39aeb3acab0dab006dea","logging.googleapis.com/insertId":"19"}
2026-05-31T23:51:57.1618952Z	{"time":"2026-05-31T23:51:56.262Z","severity":"INFO","message":"> Metrics Server: http://127.0.0.1:3501","logging.googleapis.com/insertId":"8"}
2026-05-31T23:51:57.1618952Z	GLITCH_STARTUP_TRACE_V2 connectToRedis:pinged purpose=ecs totalMs=98
2026-05-31T23:51:57.1618952Z	{"time":"2026-05-31T23:51:56.144Z","severity":"INFO","message":"Loaded filter.lua, 1717 bytes / SHA1 e2336a3110d523f5ac9a39aeb3acab0dab006dea","logging.googleapis.com/insertId":"17"}
2026-05-31T23:51:57.1618952Z	GLITCH_STARTUP_TRACE_V2 registerBiomesStorage:got-config storageMode=shim
2026-05-31T23:51:57.1618952Z	GLITCH_STARTUP_TRACE_V2 connectToRedis:opened purpose=bikkie elapsedMs=12
2026-05-31T23:51:57.1618952Z	GLITCH_STARTUP_TRACE_V2 registerWorldApi:before-waitForHealthy mode=hfc-hybrid timeoutMs=Infinity
2026-05-31T23:51:57.1618952Z	{"time":"2026-05-31T23:51:56.127Z","severity":"INFO","message":"Loaded filtered_get_since.lua, 1292 bytes / SHA1 253d9aca570bd07d61841172e3811cd57525fb74","logging.googleapis.com/insertId":"12"}
2026-05-31T23:51:57.1618952Z	GLITCH_STARTUP_TRACE_V2 connectToRedis:pinged purpose=ecs totalMs=45
2026-05-31T23:51:57.1618952Z	GLITCH_STARTUP_TRACE_V2 registerWorldApi:client-constructed kind=RedisWorld
2026-05-31T23:51:57.1618952Z	{"time":"2026-05-31T23:51:56.376Z","severity":"INFO","message":"Loaded filter.lua, 1717 bytes / SHA1 e2336a3110d523f5ac9a39aeb3acab0dab006dea","logging.googleapis.com/insertId":"20"}
2026-05-31T23:51:57.1618952Z	GLITCH_STARTUP_TRACE_V2 registerBikkieRefresher:got-worldApi elapsedMs=175 present=true
2026-05-31T23:51:57.1618952Z	{"time":"2026-05-31T23:51:56.369Z","severity":"INFO","message":"Loaded apply.lua, 7442 bytes / SHA1 2d258730713978bf15199492b3bffaff1986835e","logging.googleapis.com/insertId":"13"}
2026-05-31T23:51:57.1618952Z	GLITCH_STARTUP_TRACE_V2 connectToRedis:enter purpose=ecs-hfc db=5
2026-05-31T23:51:57.1618952Z	GLITCH_STARTUP_TRACE_V2 connectToRedis:enter purpose=ecs db=0
2026-05-31T23:51:57.1618952Z	GLITCH_STARTUP_TRACE_V2 connectToRedis:opened purpose=ecs-hfc elapsedMs=5
2026-05-31T23:51:57.1618952Z	{"time":"2026-05-31T23:51:56.356Z","severity":"INFO","message":"Loaded bootstrap.lua, 773 bytes / SHA1 c844404d534dd199d79727c0d1972fa7537275ac","logging.googleapis.com/insertId":"10"}
2026-05-31T23:51:57.1618952Z	GLITCH_STARTUP_TRACE_V2 registerWorldApi:client-constructed kind=RedisWorld
2026-05-31T23:51:57.1618952Z	{"time":"2026-05-31T23:51:56.145Z","severity":"INFO","message":"Loaded filter.lua, 1717 bytes / SHA1 e2336a3110d523f5ac9a39aeb3acab0dab006dea","logging.googleapis.com/insertId":"21"}
2026-05-31T23:51:57.1618952Z	GLITCH_STARTUP_TRACE_V2 registerBikkieRefresher:got-bikkieStorage elapsedMs=59
2026-05-31T23:51:57.1618952Z	GLITCH_STARTUP_TRACE_V2 bikkieNotifiers:factory:done
2026-05-31T23:51:57.1618952Z	GLITCH_STARTUP_TRACE_V2 connectToRedis:pinged purpose=bikkie totalMs=105
2026-05-31T23:51:57.1618952Z	{"time":"2026-05-31T23:51:56.126Z","severity":"INFO","message":"Loaded filtered_get.lua, 452 bytes / SHA1 871cde3a41413b7249f6218bbed558bd804a4157","logging.googleapis.com/insertId":"11"}
2026-05-31T23:51:57.1618952Z	GLITCH_STARTUP_TRACE_V2 registerWorldApi:wrapped-as-hfc-hybrid
2026-05-31T23:51:57.1618952Z	GLITCH_STARTUP_TRACE_V2 registerWorldApi:done
2026-05-31T23:51:57.1618952Z	{"time":"2026-05-31T23:51:56.144Z","severity":"INFO","message":"Loaded filter.lua, 1717 bytes / SHA1 e2336a3110d523f5ac9a39aeb3acab0dab006dea","logging.googleapis.com/insertId":"18"}
2026-05-31T23:51:57.1618952Z	{"time":"2026-05-31T23:51:56.376Z","severity":"INFO","message":"Loaded filter.lua, 1717 bytes / SHA1 e2336a3110d523f5ac9a39aeb3acab0dab006dea","logging.googleapis.com/insertId":"21"}
2026-05-31T23:51:57.1618952Z	{"time":"2026-05-31T23:51:56.127Z","severity":"INFO","message":"Loaded bootstrap.lua, 773 bytes / SHA1 c844404d534dd199d79727c0d1972fa7537275ac","logging.googleapis.com/insertId":"14"}
2026-05-31T23:51:57.1618952Z	GLITCH_STARTUP_TRACE_V2 registerBikkieRefresher:constructing
2026-05-31T23:51:57.1618952Z	GLITCH_STARTUP_TRACE_V2 registerWorldApi:got-config mode=hfc-hybrid
2026-05-31T23:51:57.1618952Z	GLITCH_STARTUP_TRACE_V2 registerBiomesStorage:done
2026-05-31T23:51:57.1618952Z	GLITCH_STARTUP_TRACE_V2 registerBikkieRefresher:before-force
2026-05-31T23:51:57.1618952Z	{"time":"2026-05-31T23:51:56.370Z","severity":"INFO","message":"Loaded bootstrap.lua, 773 bytes / SHA1 c844404d534dd199d79727c0d1972fa7537275ac","logging.googleapis.com/insertId":"14"}
2026-05-31T23:51:57.1618952Z	GLITCH_STARTUP_TRACE_V2 registerWorldApi:done
2026-05-31T23:51:57.1618952Z	{"time":"2026-05-31T23:51:56.645Z","severity":"INFO","message":"Loaded WASM","logging.googleapis.com/insertId":"23"}
2026-05-31T23:51:57.1618952Z	{"time":"2026-05-31T23:51:56.355Z","severity":"INFO","message":"Loaded apply.lua, 7442 bytes / SHA1 2d258730713978bf15199492b3bffaff1986835e","logging.googleapis.com/insertId":"9"}
2026-05-31T23:51:57.1618952Z	GLITCH_STARTUP_TRACE_V2 connectToRedis:opened purpose=ecs-hfc elapsedMs=0
2026-05-31T23:51:57.1618952Z	{"time":"2026-05-31T23:51:56.376Z","severity":"INFO","message":"Loaded filter.lua, 1717 bytes / SHA1 e2336a3110d523f5ac9a39aeb3acab0dab006dea","logging.googleapis.com/insertId":"22"}
2026-05-31T23:51:57.1618952Z	GLITCH_STARTUP_TRACE_V2 connectToRedis:enter purpose=ecs-hfc db=5
2026-05-31T23:51:57.1618952Z	{"time":"2026-05-31T23:51:56.375Z","severity":"INFO","message":"Loaded filter.lua, 1717 bytes / SHA1 e2336a3110d523f5ac9a39aeb3acab0dab006dea","logging.googleapis.com/insertId":"19"}
2026-05-31T23:51:57.1618952Z	{"time":"2026-05-31T23:51:56.127Z","severity":"INFO","message":"Loaded apply.lua, 7442 bytes / SHA1 2d258730713978bf15199492b3bffaff1986835e","logging.googleapis.com/insertId":"13"}
2026-05-31T23:51:57.1618952Z	{"time":"2026-05-31T23:51:56.255Z","severity":"INFO","message":"STORAGE MODE: Locally running shim 127.0.0.1:3104","logging.googleapis.com/insertId":"7"}
2026-05-31T23:51:57.1618952Z	{"time":"2026-05-31T23:51:56.128Z","severity":"INFO","message":"Loaded filtered_get.lua, 452 bytes / SHA1 871cde3a41413b7249f6218bbed558bd804a4157","logging.googleapis.com/insertId":"15"}
2026-05-31T23:51:57.1618952Z	{"time":"2026-05-31T23:51:56.128Z","severity":"INFO","message":"Loaded filtered_get_since.lua, 1292 bytes / SHA1 253d9aca570bd07d61841172e3811cd57525fb74","logging.googleapis.com/insertId":"16"}
2026-05-31T23:51:57.1618952Z	GLITCH_STARTUP_TRACE_V2 registerBikkieRefresher:got-worldApi elapsedMs=319 present=true
2026-05-31T23:51:57.1618952Z	GLITCH_STARTUP_TRACE_V2 registerBiomesStorage:enter
2026-05-31T23:51:57.1618952Z	GLITCH_STARTUP_TRACE_V2 connectToRedis:enter purpose=bikkie db=3
2026-05-31T23:51:57.1618952Z	{"time":"2026-05-31T23:51:56.110Z","severity":"INFO","message":"Loaded apply.lua, 7442 bytes / SHA1 2d258730713978bf15199492b3bffaff1986835e","logging.googleapis.com/insertId":"9"}
2026-05-31T23:51:57.1618952Z	GLITCH_STARTUP_TRACE_V2 registerBikkieRefresher:got-bikkieNotifiers elapsedMs=6
2026-05-31T23:51:57.1618952Z	GLITCH_STARTUP_TRACE_V2 registerBikkieRefresher:got-bikkieStorage elapsedMs=129
2026-05-31T23:51:57.1618952Z	{"time":"2026-05-31T23:51:56.371Z","severity":"INFO","message":"Loaded filtered_get_since.lua, 1292 bytes / SHA1 253d9aca570bd07d61841172e3811cd57525fb74","logging.googleapis.com/insertId":"16"}
2026-05-31T23:51:57.1618952Z	GLITCH_STARTUP_TRACE_V2 connectToRedis:pinged purpose=ecs-hfc totalMs=7
2026-05-31T23:51:57.1618952Z	GLITCH_STARTUP_TRACE_V2 registerWorldApi:after-waitForHealthy healthy=true elapsedMs=2
2026-05-31T23:51:57.1618952Z	GLITCH_STARTUP_TRACE_V2 connectToRedis:opened purpose=ecs elapsedMs=6
2026-05-31T23:51:58.2493844Z	{"time":"2026-05-31T23:51:57.319Z","severity":"INFO","message":"./deploy/glitch/biomes.config.yaml unchanged, is 2634255ff00fc892cbaa5676b951315d","logging.googleapis.com/insertId":"23"}
2026-05-31T23:51:58.2493844Z	{"time":"2026-05-31T23:51:57.932Z","severity":"INFO","message":"Skipping GCE metadata wait for Glitch/local non-GCP runtime.","logging.googleapis.com/insertId":"3"}
2026-05-31T23:51:58.2493844Z	{"time":"2026-05-31T23:51:57.931Z","severity":"INFO","message":"Server Commit Hash: local\\n","logging.googleapis.com/insertId":"2"}
2026-05-31T23:51:58.2493844Z	{"time":"2026-05-31T23:51:57.378Z","severity":"INFO","message":"./deploy/glitch/biomes.config.yaml unchanged, is 2634255ff00fc892cbaa5676b951315d","logging.googleapis.com/insertId":"24"}
2026-05-31T23:51:58.2493844Z	{"time":"2026-05-31T23:51:57.459Z","severity":"INFO","message":"./deploy/glitch/biomes.config.yaml unchanged, is 2634255ff00fc892cbaa5676b951315d","logging.googleapis.com/insertId":"23"}
2026-05-31T23:51:58.2493844Z	{"time":"2026-05-31T23:51:57.875Z","severity":"INFO","message":"./deploy/glitch/biomes.config.yaml unchanged, is 2634255ff00fc892cbaa5676b951315d","logging.googleapis.com/insertId":"24"}
2026-05-31T23:51:58.2493844Z	{"time":"2026-05-31T23:51:57.922Z","severity":"INFO","message":"chat starting, PID: 234 / biomes-node-vnet--0000069-76dd6ff594-4jwtw","lifecycle":true,"logging.googleapis.com/insertId":"1"}
2026-05-31T23:51:59.6928532Z	GLITCH_STARTUP_TRACE_V2 registerBikkieRefresher:got-worldApi elapsedMs=120 present=true
2026-05-31T23:51:59.6928532Z	GLITCH_STARTUP_TRACE_V2 connectToRedis:pinged purpose=bikkie totalMs=61
2026-05-31T23:51:59.6928532Z	GLITCH_STARTUP_TRACE_V2 registerWorldApi:done
2026-05-31T23:51:59.6928532Z	{"time":"2026-05-31T23:51:58.486Z","severity":"INFO","message":"Loaded filter.lua, 1717 bytes / SHA1 e2336a3110d523f5ac9a39aeb3acab0dab006dea","logging.googleapis.com/insertId":"17"}
2026-05-31T23:51:59.6928532Z	{"time":"2026-05-31T23:51:58.485Z","severity":"INFO","message":"Loaded apply.lua, 7442 bytes / SHA1 2d258730713978bf15199492b3bffaff1986835e","logging.googleapis.com/insertId":"13"}
2026-05-31T23:51:59.6928532Z	{"time":"2026-05-31T23:51:58.495Z","severity":"INFO","message":"Loaded filter.lua, 1717 bytes / SHA1 e2336a3110d523f5ac9a39aeb3acab0dab006dea","logging.googleapis.com/insertId":"19"}
2026-05-31T23:51:59.6928532Z	GLITCH_STARTUP_TRACE_V2 registerBikkieRefresher:enter
2026-05-31T23:51:59.6928532Z	GLITCH_STARTUP_TRACE_V2 registerBikkieRefresher:done totalMs=3266 forceMs=3157
2026-05-31T23:51:59.6928532Z	{"time":"2026-05-31T23:51:58.486Z","severity":"INFO","message":"Loaded filter.lua, 1717 bytes / SHA1 e2336a3110d523f5ac9a39aeb3acab0dab006dea","logging.googleapis.com/insertId":"18"}
2026-05-31T23:51:59.6928532Z	GLITCH_STARTUP_TRACE_V2 registerWorldApi:enter pid=234
2026-05-31T23:51:59.6928532Z	GLITCH_STARTUP_TRACE_V2 runServer:before-makeContext service=sync
2026-05-31T23:51:59.6928532Z	{"time":"2026-05-31T23:51:58.300Z","severity":"INFO","message":"Skipping GCE metadata wait for Glitch/local non-GCP runtime.","logging.googleapis.com/insertId":"3"}
2026-05-31T23:51:59.6928532Z	{"time":"2026-05-31T23:51:58.029Z","severity":"INFO","message":"Skipping Google Secret Manager for Glitch/local non-GCP runtime; using deterministic local runtime secrets.","logging.googleapis.com/insertId":"5"}
2026-05-31T23:51:59.6928532Z	{"time":"2026-05-31T23:51:58.430Z","severity":"INFO","message":"> Metrics Server: http://127.0.0.1:3301","logging.googleapis.com/insertId":"8"}
2026-05-31T23:51:59.6928532Z	GLITCH_SYNC_REGISTRY_TRACE_V96 get:start sessionStore
2026-05-31T23:51:59.6928532Z	GLITCH_STARTUP_TRACE_V2 registerBikkieRefresher:got-bikkieNotifiers elapsedMs=10
2026-05-31T23:51:59.6928532Z	GLITCH_STARTUP_TRACE_V2 registerWorldApi:after-waitForHealthy healthy=true elapsedMs=2
2026-05-31T23:51:59.6928532Z	{"time":"2026-05-31T23:51:58.496Z","severity":"INFO","message":"Loaded filter.lua, 1717 bytes / SHA1 e2336a3110d523f5ac9a39aeb3acab0dab006dea","logging.googleapis.com/insertId":"22"}
2026-05-31T23:51:59.6928532Z	GLITCH_STARTUP_TRACE_V2 connectToRedis:pinged purpose=ecs-hfc totalMs=9
2026-05-31T23:51:59.6928532Z	{"time":"2026-05-31T23:51:58.297Z","severity":"INFO","message":"Server Commit Hash: local\\n","logging.googleapis.com/insertId":"2"}
2026-05-31T23:51:59.6928532Z	{"time":"2026-05-31T23:51:58.485Z","severity":"INFO","message":"Loaded bootstrap.lua, 773 bytes / SHA1 c844404d534dd199d79727c0d1972fa7537275ac","logging.googleapis.com/insertId":"14"}
2026-05-31T23:51:59.6928532Z	GLITCH_STARTUP_TRACE_V2 registerBiomesStorage:enter
2026-05-31T23:51:59.6928532Z	GLITCH_SYNC_REGISTRY_TRACE_V96 registerSyncService:start
2026-05-31T23:51:59.6928532Z	GLITCH_STARTUP_TRACE_V2 bikkieNotifiers:factory:enter
2026-05-31T23:51:59.6928532Z	GLITCH_STARTUP_TRACE_V2 bikkieNotifiers:factory:done
2026-05-31T23:51:59.6928532Z	GLITCH_STARTUP_TRACE_V2 bikkieNotifiers:factory:done
2026-05-31T23:51:59.6928532Z	{"time":"2026-05-31T23:51:58.362Z","severity":"INFO","message":"./deploy/glitch/biomes.config.yaml updating undefined to 2634255ff00fc892cbaa5676b951315d...","logging.googleapis.com/insertId":"4"}
2026-05-31T23:51:59.6928532Z	GLITCH_STARTUP_TRACE_V2 runServer:after-makeContext service=ask elapsedMs=3675
2026-05-31T23:51:59.6928532Z	{"time":"2026-05-31T23:51:57.979Z","severity":"INFO","message":"./deploy/glitch/biomes.config.yaml updating undefined to 2634255ff00fc892cbaa5676b951315d...","logging.googleapis.com/insertId":"4"}
2026-05-31T23:51:59.6928532Z	GLITCH_STARTUP_TRACE_V2 connectToRedis:pinged purpose=ecs totalMs=58
2026-05-31T23:51:59.6928532Z	GLITCH_STARTUP_TRACE_V2 registerBikkieRefresher:enter
2026-05-31T23:51:59.6928532Z	GLITCH_STARTUP_TRACE_V2 registerBiomesStorage:enter
2026-05-31T23:51:59.6928532Z	GLITCH_STARTUP_TRACE_V2 registerBikkieRefresher:got-bikkieNotifiers elapsedMs=37
2026-05-31T23:51:59.6928532Z	GLITCH_SYNC_REGISTER_SERVER_TRACE_V96 get:start syncIndex
2026-05-31T23:51:59.6928532Z	GLITCH_STARTUP_TRACE_V2 connectToRedis:enter purpose=ecs-hfc db=5
2026-05-31T23:51:59.6928532Z	GLITCH_SYNC_NOOP_DISCORD_BOT_V99 skipping Discord bot for sync Glitch/local runtime.
2026-05-31T23:51:59.6928532Z	{"time":"2026-05-31T23:51:58.496Z","severity":"INFO","message":"Loaded filter.lua, 1717 bytes / SHA1 e2336a3110d523f5ac9a39aeb3acab0dab006dea","logging.googleapis.com/insertId":"21"}
2026-05-31T23:51:59.6928532Z	{"time":"2026-05-31T23:51:58.486Z","severity":"INFO","message":"Loaded filtered_get_since.lua, 1292 bytes / SHA1 253d9aca570bd07d61841172e3811cd57525fb74","logging.googleapis.com/insertId":"16"}
2026-05-31T23:51:59.6928532Z	{"time":"2026-05-31T23:51:58.413Z","severity":"INFO","message":"STORAGE MODE: Locally running shim 127.0.0.1:3104","logging.googleapis.com/insertId":"7"}
2026-05-31T23:51:59.6928532Z	GLITCH_STARTUP_TRACE_V2 registerBikkieRefresher:constructing
2026-05-31T23:51:59.6928532Z	GLITCH_STARTUP_TRACE_V2 registerWorldApi:got-config mode=hfc-hybrid
2026-05-31T23:51:59.6928532Z	{"time":"2026-05-31T23:51:58.485Z","severity":"INFO","message":"Loaded filtered_get_since.lua, 1292 bytes / SHA1 253d9aca570bd07d61841172e3811cd57525fb74","logging.googleapis.com/insertId":"12"}
2026-05-31T23:51:59.6928532Z	GLITCH_STARTUP_TRACE_V2 connectToRedis:opened purpose=ecs-hfc elapsedMs=1
2026-05-31T23:51:59.6928532Z	{"time":"2026-05-31T23:51:58.943Z","severity":"INFO","message":"Slow registry load, took 3665ms","timing":{"bikkieNotifiers":"4.808ms","bikkieRefresher":"3085.792ms","bikkieStorage":"77.958ms","config":"0.757ms","worldApi":"93.403ms","db":"17.231ms","replica":"105.473ms","askService":"3.845ms","rpcServer":"0.285ms"},"logging.googleapis.com/insertId":"24"}
2026-05-31T23:51:59.6928532Z	{"time":"2026-05-31T23:51:58.483Z","severity":"INFO","message":"Loaded apply.lua, 7442 bytes / SHA1 2d258730713978bf15199492b3bffaff1986835e","logging.googleapis.com/insertId":"9"}
2026-05-31T23:51:59.6928532Z	GLITCH_STARTUP_TRACE_V2 registerBikkieRefresher:got-bikkieStorage elapsedMs=74
2026-05-31T23:51:59.6928532Z	GLITCH_STARTUP_TRACE_V2 registerWorldApi:client-constructed kind=RedisWorld
2026-05-31T23:51:59.6928532Z	GLITCH_SYNC_REGISTER_SERVER_TRACE_V96 registerSyncServer:start
2026-05-31T23:51:59.6928532Z	GLITCH_NOOP_DISCORD_BOT: skipping Discord bot for Glitch/local runtime.
2026-05-31T23:51:59.6928532Z	{"time":"2026-05-31T23:51:58.391Z","severity":"INFO","message":"Skipping Google Secret Manager for Glitch/local non-GCP runtime; using deterministic local runtime secrets.","logging.googleapis.com/insertId":"5"}
2026-05-31T23:51:59.6928532Z	GLITCH_STARTUP_TRACE_V2 connectToRedis:enter purpose=ecs db=0
2026-05-31T23:51:59.6928532Z	GLITCH_SYNC_REGISTRY_TRACE_V96 get:start db
2026-05-31T23:51:59.6928532Z	GLITCH_STARTUP_TRACE_V2 runServer:before-initializer service=ask
2026-05-31T23:51:59.6928532Z	{"time":"2026-05-31T23:51:58.295Z","severity":"INFO","message":"sync starting, PID: 237 / biomes-node-vnet--0000069-76dd6ff594-4jwtw","lifecycle":true,"logging.googleapis.com/insertId":"1"}
2026-05-31T23:51:59.6928532Z	GLITCH_STARTUP_TRACE_V2 sharedServerContext:install:enter pid=237
2026-05-31T23:51:59.6928532Z	GLITCH_STARTUP_TRACE_V2 registerBiomesStorage:done
2026-05-31T23:51:59.6928532Z	{"time":"2026-05-31T23:51:58.031Z","severity":"INFO","message":"chat initializing","lifecycle":true,"logging.googleapis.com/insertId":"6"}
2026-05-31T23:51:59.6928532Z	GLITCH_STARTUP_TRACE_V2 connectToRedis:opened purpose=ecs elapsedMs=26
2026-05-31T23:51:59.6928532Z	{"time":"2026-05-31T23:51:58.483Z","severity":"INFO","message":"Loaded filtered_get.lua, 452 bytes / SHA1 871cde3a41413b7249f6218bbed558bd804a4157","logging.googleapis.com/insertId":"10"}
2026-05-31T23:51:59.6928532Z	GLITCH_STARTUP_TRACE_V2 connectToRedis:opened purpose=bikkie elapsedMs=25
2026-05-31T23:51:59.6928532Z	GLITCH_STARTUP_TRACE_V2 connectToRedis:enter purpose=bikkie db=3
2026-05-31T23:51:59.6928532Z	{"time":"2026-05-31T23:51:58.392Z","severity":"INFO","message":"sync initializing","lifecycle":true,"logging.googleapis.com/insertId":"6"}
2026-05-31T23:51:59.6928532Z	{"time":"2026-05-31T23:51:58.485Z","severity":"INFO","message":"Loaded bootstrap.lua, 773 bytes / SHA1 c844404d534dd199d79727c0d1972fa7537275ac","logging.googleapis.com/insertId":"11"}
2026-05-31T23:51:59.6928532Z	GLITCH_STARTUP_TRACE_V2 registerWorldApi:wrapped-as-hfc-hybrid
2026-05-31T23:51:59.6928532Z	{"time":"2026-05-31T23:51:58.496Z","severity":"INFO","message":"Loaded filter.lua, 1717 bytes / SHA1 e2336a3110d523f5ac9a39aeb3acab0dab006dea","logging.googleapis.com/insertId":"20"}
2026-05-31T23:51:59.6928532Z	GLITCH_STARTUP_TRACE_V2 registerWorldApi:before-waitForHealthy mode=hfc-hybrid timeoutMs=Infinity
2026-05-31T23:51:59.6928532Z	GLITCH_STARTUP_TRACE_V2 registerBiomesStorage:got-config storageMode=shim
2026-05-31T23:51:59.6928532Z	GLITCH_SYNC_REGISTRY_TRACE_V96 registerWsRpcServer:start
2026-05-31T23:51:59.6928532Z	{"time":"2026-05-31T23:51:58.485Z","severity":"INFO","message":"Loaded filtered_get.lua, 452 bytes / SHA1 871cde3a41413b7249f6218bbed558bd804a4157","logging.googleapis.com/insertId":"15"}
2026-05-31T23:51:59.6928532Z	GLITCH_STARTUP_TRACE_V2 bikkieNotifiers:factory:enter
2026-05-31T23:51:59.6928532Z	GLITCH_STARTUP_TRACE_V2 runServer:before-makeContext service=chat
2026-05-31T23:51:59.6928532Z	GLITCH_STARTUP_TRACE_V2 registerWorldApi:enter pid=237
2026-05-31T23:51:59.6928532Z	GLITCH_STARTUP_TRACE_V2 registerBikkieRefresher:before-force
2026-05-31T23:51:59.6928532Z	GLITCH_STARTUP_TRACE_V2 sharedServerContext:install:enter pid=234
2026-05-31T23:52:00.6482414Z	GLITCH_STARTUP_TRACE_V2 registerBikkieRefresher:before-force
2026-05-31T23:52:00.6482414Z	GLITCH_STARTUP_TRACE_V2 connectToRedis:enter purpose=firehose db=0
2026-05-31T23:52:00.6482414Z	GLITCH_STARTUP_TRACE_V2 registerBiomesStorage:got-config storageMode=shim
2026-05-31T23:52:00.6482414Z	{"time":"2026-05-31T23:51:59.579Z","severity":"INFO","message":"Skipping Google Secret Manager for Glitch/local non-GCP runtime; using deterministic local runtime secrets.","logging.googleapis.com/insertId":"5"}
2026-05-31T23:52:00.6482414Z	{"time":"2026-05-31T23:51:59.159Z","severity":"INFO","message":"Loaded filter.lua, 1717 bytes / SHA1 e2336a3110d523f5ac9a39aeb3acab0dab006dea","logging.googleapis.com/insertId":"20"}
2026-05-31T23:52:00.6482414Z	{"time":"2026-05-31T23:51:59.580Z","severity":"INFO","message":"bikkie initializing","lifecycle":true,"logging.googleapis.com/insertId":"6"}
2026-05-31T23:52:00.6482414Z	{"time":"2026-05-31T23:51:59.053Z","severity":"INFO","message":"Starting Redis bootstrap...","to":"1780271161780-0","logging.googleapis.com/insertId":"27"}
2026-05-31T23:52:00.6482414Z	GLITCH_STARTUP_TRACE_V2 connectToRedis:opened purpose=ecs elapsedMs=36
2026-05-31T23:52:00.6482414Z	GLITCH_STARTUP_TRACE_V2 registerWorldApi:got-config mode=hfc-hybrid
2026-05-31T23:52:00.6482414Z	{"time":"2026-05-31T23:51:59.159Z","severity":"INFO","message":"Loaded filter.lua, 1717 bytes / SHA1 e2336a3110d523f5ac9a39aeb3acab0dab006dea","logging.googleapis.com/insertId":"18"}
2026-05-31T23:52:00.6482414Z	GLITCH_SYNC_REGISTRY_TRACE_V96 registerWsRpcServer:construct
2026-05-31T23:52:00.6482414Z	GLITCH_STARTUP_TRACE_V2 connectToRedis:pinged purpose=bikkie totalMs=114
2026-05-31T23:52:00.6482414Z	GLITCH_STARTUP_TRACE_V2 registerBikkieRefresher:constructing
2026-05-31T23:52:00.6482414Z	GLITCH_STARTUP_TRACE_V2 connectToRedis:opened purpose=chat elapsedMs=23
2026-05-31T23:52:00.6482414Z	GLITCH_STARTUP_TRACE_V2 connectToRedis:pinged purpose=chat totalMs=100
2026-05-31T23:52:00.6482414Z	{"time":"2026-05-31T23:51:58.953Z","severity":"INFO","message":"Starting Redis subscription...","logging.googleapis.com/insertId":"25"}
2026-05-31T23:52:00.6482414Z	GLITCH_STARTUP_TRACE_V2 connectToRedis:opened purpose=bikkie elapsedMs=34
2026-05-31T23:52:00.6482414Z	GLITCH_STARTUP_TRACE_V2 runServer:after-makeContext service=oob elapsedMs=4050
2026-05-31T23:52:00.6482414Z	GLITCH_STARTUP_TRACE_V2 connectToRedis:enter purpose=bikkie db=3
2026-05-31T23:52:00.6482414Z	{"time":"2026-05-31T23:51:59.159Z","severity":"INFO","message":"Loaded filter.lua, 1717 bytes / SHA1 e2336a3110d523f5ac9a39aeb3acab0dab006dea","logging.googleapis.com/insertId":"17"}
2026-05-31T23:52:00.6482414Z	{"time":"2026-05-31T23:51:59.427Z","severity":"INFO","message":"Slow registry load, took 4048ms","timing":{"bikkieNotifiers":"6.413ms","bikkieRefresher":"3656.160ms","bikkieStorage":"30.559ms","config":"0.777ms","worldApi":"42.989ms","db":"11.788ms","http":"0.733ms","oobServer":"0.000ms","sessionStore":"13.478ms","serverCache":"10.772ms"},"logging.googleapis.com/insertId":"24"}
2026-05-31T23:52:00.6482414Z	GLITCH_STARTUP_TRACE_V2 runServer:before-makeContext service=bikkie
2026-05-31T23:52:00.6482414Z	GLITCH_STARTUP_TRACE_V2 registerBikkieRefresher:done totalMs=3742 forceMs=3687
2026-05-31T23:52:00.6482414Z	{"time":"2026-05-31T23:51:59.101Z","severity":"INFO","message":"> Metrics Server: http://127.0.0.1:4901","logging.googleapis.com/insertId":"8"}
2026-05-31T23:52:00.6482414Z	GLITCH_STARTUP_TRACE_V2 registerWorldApi:wrapped-as-hfc-hybrid
2026-05-31T23:52:00.6482414Z	{"time":"2026-05-31T23:51:59.450Z","severity":"INFO","message":"bikkie starting, PID: 231 / biomes-node-vnet--0000069-76dd6ff594-4jwtw","lifecycle":true,"logging.googleapis.com/insertId":"1"}
2026-05-31T23:52:00.6482414Z	GLITCH_STARTUP_TRACE_V2 connectToRedis:enter purpose=ecs db=0
2026-05-31T23:52:00.6482414Z	GLITCH_STARTUP_TRACE_V2 connectToRedis:enter purpose=chat db=4
2026-05-31T23:52:00.6482414Z	{"time":"2026-05-31T23:51:59.157Z","severity":"INFO","message":"Loaded filtered_get_since.lua, 1292 bytes / SHA1 253d9aca570bd07d61841172e3811cd57525fb74","logging.googleapis.com/insertId":"12"}
2026-05-31T23:52:00.6482414Z	GLITCH_STARTUP_TRACE_V2 registerWorldApi:client-constructed kind=RedisWorld
2026-05-31T23:52:00.6482414Z	{"time":"2026-05-31T23:51:59.157Z","severity":"INFO","message":"Loaded apply.lua, 7442 bytes / SHA1 2d258730713978bf15199492b3bffaff1986835e","logging.googleapis.com/insertId":"13"}
2026-05-31T23:52:00.6482414Z	GLITCH_STARTUP_TRACE_V2 registerWorldApi:after-waitForHealthy healthy=true elapsedMs=5
2026-05-31T23:52:00.6482414Z	GLITCH_SYNC_REGISTRY_TRACE_V96 get:done db 157ms
2026-05-31T23:52:00.6482414Z	{"time":"2026-05-31T23:51:59.158Z","severity":"INFO","message":"Loaded filtered_get_since.lua, 1292 bytes / SHA1 253d9aca570bd07d61841172e3811cd57525fb74","logging.googleapis.com/insertId":"16"}
2026-05-31T23:52:00.6482414Z	GLITCH_STARTUP_TRACE_V2 bikkieNotifiers:factory:enter
2026-05-31T23:52:00.6482414Z	{"time":"2026-05-31T23:51:59.156Z","severity":"INFO","message":"Loaded bootstrap.lua, 773 bytes / SHA1 c844404d534dd199d79727c0d1972fa7537275ac","logging.googleapis.com/insertId":"10"}
2026-05-31T23:52:00.6482414Z	GLITCH_STARTUP_TRACE_V2 connectToRedis:pinged purpose=firehose totalMs=100
2026-05-31T23:52:00.6482414Z	GLITCH_STARTUP_TRACE_V2 registerBikkieRefresher:got-bikkieStorage elapsedMs=262
2026-05-31T23:52:00.6482414Z	{"time":"2026-05-31T23:51:59.157Z","severity":"INFO","message":"Loaded filtered_get.lua, 452 bytes / SHA1 871cde3a41413b7249f6218bbed558bd804a4157","logging.googleapis.com/insertId":"15"}
2026-05-31T23:52:00.6482414Z	GLITCH_SYNC_REGISTER_SERVER_TRACE_V96 get:done syncIndex 279ms
2026-05-31T23:52:00.6482414Z	{"time":"2026-05-31T23:51:59.531Z","severity":"INFO","message":"./deploy/glitch/biomes.config.yaml updating undefined to 2634255ff00fc892cbaa5676b951315d...","logging.googleapis.com/insertId":"4"}
2026-05-31T23:52:00.6482414Z	{"time":"2026-05-31T23:51:59.428Z","severity":"INFO","message":"oob now running","lifecycle":true,"logging.googleapis.com/insertId":"25"}
2026-05-31T23:52:00.6482414Z	GLITCH_STARTUP_TRACE_V2 sharedServerContext:install:enter pid=231
2026-05-31T23:52:00.6482414Z	GLITCH_STARTUP_TRACE_V2 connectToRedis:opened purpose=ecs-hfc elapsedMs=0
2026-05-31T23:52:00.6482414Z	GLITCH_STARTUP_TRACE_V2 registerBikkieRefresher:done totalMs=3859 forceMs=3522
2026-05-31T23:52:00.6482414Z	GLITCH_STARTUP_TRACE_V2 registerWorldApi:before-waitForHealthy mode=hfc-hybrid timeoutMs=Infinity
2026-05-31T23:52:00.6482414Z	GLITCH_SYNC_REGISTRY_TRACE_V96 get:start clients
2026-05-31T23:52:00.6482414Z	{"time":"2026-05-31T23:51:58.959Z","severity":"INFO","message":"> zRPC listening on port 3604","logging.googleapis.com/insertId":"26"}
2026-05-31T23:52:00.6482414Z	GLITCH_SYNC_REGISTRY_TRACE_V96 get:done sessionStore 157ms
2026-05-31T23:52:00.6482414Z	{"time":"2026-05-31T23:51:59.049Z","severity":"INFO","message":"STORAGE MODE: Locally running shim 127.0.0.1:3104","logging.googleapis.com/insertId":"7"}
2026-05-31T23:52:00.6482414Z	{"time":"2026-05-31T23:51:59.428Z","severity":"INFO","message":"> Oob Server: http://127.0.0.1:4704","logging.googleapis.com/insertId":"26"}
2026-05-31T23:52:00.6482414Z	{"time":"2026-05-31T23:51:59.157Z","severity":"INFO","message":"Loaded bootstrap.lua, 773 bytes / SHA1 c844404d534dd199d79727c0d1972fa7537275ac","logging.googleapis.com/insertId":"14"}
2026-05-31T23:52:00.6482414Z	GLITCH_STARTUP_TRACE_V2 runServer:before-initializer service=oob
2026-05-31T23:52:00.6482414Z	GLITCH_STARTUP_TRACE_V2 connectToRedis:pinged purpose=ecs totalMs=107
2026-05-31T23:52:00.6482414Z	{"time":"2026-05-31T23:51:59.156Z","severity":"INFO","message":"Loaded apply.lua, 7442 bytes / SHA1 2d258730713978bf15199492b3bffaff1986835e","logging.googleapis.com/insertId":"9"}
2026-05-31T23:52:00.6482414Z	GLITCH_STARTUP_TRACE_V2 connectToRedis:pinged purpose=ecs-hfc totalMs=8
2026-05-31T23:52:00.6482414Z	GLITCH_STARTUP_TRACE_V2 connectToRedis:opened purpose=firehose elapsedMs=28
2026-05-31T23:52:00.6482414Z	{"time":"2026-05-31T23:51:59.156Z","severity":"INFO","message":"Loaded filtered_get.lua, 452 bytes / SHA1 871cde3a41413b7249f6218bbed558bd804a4157","logging.googleapis.com/insertId":"11"}
2026-05-31T23:52:00.6482414Z	{"time":"2026-05-31T23:51:59.167Z","severity":"INFO","message":"Loaded filter.lua, 1717 bytes / SHA1 e2336a3110d523f5ac9a39aeb3acab0dab006dea","logging.googleapis.com/insertId":"21"}
2026-05-31T23:52:00.6482414Z	{"time":"2026-05-31T23:51:59.167Z","severity":"INFO","message":"Loaded filter.lua, 1717 bytes / SHA1 e2336a3110d523f5ac9a39aeb3acab0dab006dea","logging.googleapis.com/insertId":"22"}
2026-05-31T23:52:00.6482414Z	GLITCH_STARTUP_TRACE_V2 registerBiomesStorage:done
2026-05-31T23:52:00.6482414Z	GLITCH_STARTUP_TRACE_V2 registerWorldApi:done
2026-05-31T23:52:00.6482414Z	GLITCH_STARTUP_TRACE_V2 connectToRedis:enter purpose=ecs-hfc db=5
2026-05-31T23:52:00.6482414Z	{"time":"2026-05-31T23:51:59.451Z","severity":"INFO","message":"Server Commit Hash: local\\n","logging.googleapis.com/insertId":"2"}
2026-05-31T23:52:00.6482414Z	GLITCH_STARTUP_TRACE_V2 registerBikkieRefresher:got-worldApi elapsedMs=286 present=true
2026-05-31T23:52:00.6482414Z	{"time":"2026-05-31T23:51:59.159Z","severity":"INFO","message":"Loaded filter.lua, 1717 bytes / SHA1 e2336a3110d523f5ac9a39aeb3acab0dab006dea","logging.googleapis.com/insertId":"19"}
2026-05-31T23:52:00.6482414Z	{"time":"2026-05-31T23:51:59.452Z","severity":"INFO","message":"Skipping GCE metadata wait for Glitch/local non-GCP runtime.","logging.googleapis.com/insertId":"3"}
2026-05-31T23:52:00.6482414Z	GLITCH_STARTUP_TRACE_V2 runServer:after-initializer service=oob elapsedMs=1
2026-05-31T23:52:00.6482414Z	GLITCH_SYNC_REGISTER_SERVER_TRACE_V96 get:start syncService
2026-05-31T23:52:01.1985298Z	GLITCH_STARTUP_TRACE_V2 registerWorldApi:got-config mode=hfc-hybrid
2026-05-31T23:52:01.1985298Z	GLITCH_STARTUP_TRACE_V2 registerBikkieRefresher:before-force
2026-05-31T23:52:01.1985298Z	{"time":"2026-05-31T23:52:00.046Z","severity":"INFO","message":"Slow registry load, took 4201ms","timing":{"bikkieNotifiers":"5.343ms","bikkieRefresher":"3568.940ms","bikkieStorage":"54.585ms","config":"1.468ms","worldApi":"173.024ms","db":"14.152ms","idGenerator":"16.822ms","eventIdPool":"16.344ms","eventHandlerMap":"11.661ms","serverMods":"0.323ms","logicServer":"0.000ms","voxeloo":"404.104ms","replica":"202.725ms","askService":"0.131ms","rpcServer":"0.324ms"},"logging.googleapis.com/insertId":"25"}
2026-05-31T23:52:01.1985298Z	GLITCH_STARTUP_TRACE_V2 connectToRedis:enter purpose=bikkie-cache db=3
2026-05-31T23:52:01.1985298Z	GLITCH_STARTUP_TRACE_V2 registerWorldApi:after-waitForHealthy healthy=true elapsedMs=2
2026-05-31T23:52:01.1985298Z	OK oob-rpc listening on 127.0.0.1:4704
2026-05-31T23:52:01.1985298Z	GLITCH_STARTUP_TRACE_V2 registerWorldApi:enter pid=231
2026-05-31T23:52:01.1985298Z	GLITCH_STARTUP_TRACE_V2 connectToRedis:opened purpose=bikkie-cache elapsedMs=1
2026-05-31T23:52:01.1985298Z	GLITCH_STARTUP_TRACE_V2 registerBikkieRefresher:constructing
2026-05-31T23:52:01.1985298Z	{"time":"2026-05-31T23:52:00.049Z","severity":"INFO","message":"Starting Redis subscription...","logging.googleapis.com/insertId":"26"}
2026-05-31T23:52:01.1985298Z	{"time":"2026-05-31T23:52:00.075Z","severity":"INFO","message":"Loaded filter.lua, 1717 bytes / SHA1 e2336a3110d523f5ac9a39aeb3acab0dab006dea","logging.googleapis.com/insertId":"20"}
2026-05-31T23:52:01.1985298Z	GLITCH_STARTUP_TRACE_V2 connectToRedis:pinged purpose=bikkie-cache totalMs=18
2026-05-31T23:52:01.1985298Z	GLITCH_STARTUP_TRACE_V2 connectToRedis:enter purpose=ecs db=0
2026-05-31T23:52:01.1985298Z	GLITCH_STARTUP_TRACE_V2 registerWorldApi:done
2026-05-31T23:52:01.1985298Z	GLITCH_STARTUP_TRACE_V2 connectToRedis:enter purpose=ecs-hfc db=5
2026-05-31T23:52:01.1985298Z	{"time":"2026-05-31T23:52:00.068Z","severity":"INFO","message":"Loaded filtered_get.lua, 452 bytes / SHA1 871cde3a41413b7249f6218bbed558bd804a4157","logging.googleapis.com/insertId":"17"}
2026-05-31T23:52:01.1985298Z	{"time":"2026-05-31T23:52:00.061Z","severity":"INFO","message":"Starting Redis bootstrap...","to":"1780271161780-0","logging.googleapis.com/insertId":"27"}
2026-05-31T23:52:01.1985298Z	GLITCH_STARTUP_TRACE_V2 registerBikkieRefresher:got-worldApi elapsedMs=117 present=true
2026-05-31T23:52:01.1985298Z	GLITCH_STARTUP_TRACE_V2 connectToRedis:opened purpose=ecs-hfc elapsedMs=0
2026-05-31T23:52:01.1985298Z	GLITCH_STARTUP_TRACE_V2 runServer:after-makeContext service=logic elapsedMs=4203
2026-05-31T23:52:01.1985298Z	{"time":"2026-05-31T23:51:59.974Z","severity":"WARNING","message":"Skipping Google asset mirror for Glitch/no-cloud runtime.","logging.googleapis.com/insertId":"8"}
2026-05-31T23:52:01.1985298Z	GLITCH_STARTUP_TRACE_V2 registerBikkieRefresher:done totalMs=3805 forceMs=3599
2026-05-31T23:52:01.1985298Z	{"time":"2026-05-31T23:52:00.068Z","severity":"INFO","message":"Loaded filtered_get_since.lua, 1292 bytes / SHA1 253d9aca570bd07d61841172e3811cd57525fb74","logging.googleapis.com/insertId":"18"}
2026-05-31T23:52:01.1985298Z	GLITCH_STARTUP_TRACE_V2 registerWorldApi:wrapped-as-hfc-hybrid
2026-05-31T23:52:01.1985298Z	{"time":"2026-05-31T23:52:00.075Z","severity":"INFO","message":"Loaded filter.lua, 1717 bytes / SHA1 e2336a3110d523f5ac9a39aeb3acab0dab006dea","logging.googleapis.com/insertId":"23"}
2026-05-31T23:52:01.1985298Z	{"time":"2026-05-31T23:51:59.981Z","severity":"INFO","message":"STORAGE MODE: Locally running shim 127.0.0.1:3104","logging.googleapis.com/insertId":"9"}
2026-05-31T23:52:01.1985298Z	GLITCH_STARTUP_TRACE_V2 connectToRedis:pinged purpose=bikkie-cache totalMs=70
2026-05-31T23:52:01.1985298Z	{"time":"2026-05-31T23:51:59.999Z","severity":"INFO","message":"> Metrics Server: http://127.0.0.1:3401","logging.googleapis.com/insertId":"10"}
2026-05-31T23:52:01.1985298Z	GLITCH_STARTUP_TRACE_V2 registerBiomesStorage:done
2026-05-31T23:52:01.1985298Z	{"time":"2026-05-31T23:52:00.075Z","severity":"INFO","message":"Loaded filter.lua, 1717 bytes / SHA1 e2336a3110d523f5ac9a39aeb3acab0dab006dea","logging.googleapis.com/insertId":"21"}
2026-05-31T23:52:01.1985298Z	{"time":"2026-05-31T23:52:00.066Z","severity":"INFO","message":"Loaded apply.lua, 7442 bytes / SHA1 2d258730713978bf15199492b3bffaff1986835e","logging.googleapis.com/insertId":"15"}
2026-05-31T23:52:01.1985298Z	GLITCH_STARTUP_TRACE_V2 connectToRedis:opened purpose=bikkie-cache elapsedMs=5
2026-05-31T23:52:01.1985298Z	GLITCH_STARTUP_TRACE_V2 connectToRedis:pinged purpose=ecs totalMs=61
2026-05-31T23:52:01.1985298Z	GLITCH_STARTUP_TRACE_V2 registerBikkieRefresher:got-bikkieNotifiers elapsedMs=7
2026-05-31T23:52:01.1985298Z	GLITCH_STARTUP_TRACE_V2 connectToRedis:pinged purpose=ecs-hfc totalMs=9
2026-05-31T23:52:01.1985298Z	{"time":"2026-05-31T23:51:59.973Z","severity":"WARNING","message":"Skipping BikkieAssetUpdater for Glitch/no-cloud runtime.","logging.googleapis.com/insertId":"7"}
2026-05-31T23:52:01.1985298Z	GLITCH_STARTUP_TRACE_V2 registerWorldApi:client-constructed kind=RedisWorld
2026-05-31T23:52:01.1985298Z	GLITCH_STARTUP_TRACE_V2 connectToRedis:enter purpose=bikkie db=3
2026-05-31T23:52:01.1985298Z	GLITCH_STARTUP_TRACE_V2 registerBiomesStorage:got-config storageMode=shim
2026-05-31T23:52:01.1985298Z	GLITCH_STARTUP_TRACE_V2 bikkieNotifiers:factory:done
2026-05-31T23:52:01.1985298Z	{"time":"2026-05-31T23:52:00.066Z","severity":"INFO","message":"Loaded bootstrap.lua, 773 bytes / SHA1 c844404d534dd199d79727c0d1972fa7537275ac","logging.googleapis.com/insertId":"16"}
2026-05-31T23:52:01.1985298Z	{"time":"2026-05-31T23:52:00.076Z","severity":"INFO","message":"Loaded filter.lua, 1717 bytes / SHA1 e2336a3110d523f5ac9a39aeb3acab0dab006dea","logging.googleapis.com/insertId":"24"}
2026-05-31T23:52:01.1985298Z	GLITCH_STARTUP_TRACE_V2 registerBikkieRefresher:enter
2026-05-31T23:52:01.1985298Z	{"time":"2026-05-31T23:52:00.029Z","severity":"INFO","message":"./deploy/glitch/biomes.config.yaml unchanged, is 2634255ff00fc892cbaa5676b951315d","logging.googleapis.com/insertId":"23"}
2026-05-31T23:52:01.1985298Z	GLITCH_STARTUP_TRACE_V2 registerWorldApi:before-waitForHealthy mode=hfc-hybrid timeoutMs=Infinity
2026-05-31T23:52:01.1985298Z	{"time":"2026-05-31T23:52:00.066Z","severity":"INFO","message":"Loaded filtered_get.lua, 452 bytes / SHA1 871cde3a41413b7249f6218bbed558bd804a4157","logging.googleapis.com/insertId":"13"}
2026-05-31T23:52:01.1985298Z	{"time":"2026-05-31T23:52:00.075Z","severity":"INFO","message":"Loaded filter.lua, 1717 bytes / SHA1 e2336a3110d523f5ac9a39aeb3acab0dab006dea","logging.googleapis.com/insertId":"19"}
2026-05-31T23:52:01.1985298Z	{"time":"2026-05-31T23:52:00.066Z","severity":"INFO","message":"Loaded filtered_get_since.lua, 1292 bytes / SHA1 253d9aca570bd07d61841172e3811cd57525fb74","logging.googleapis.com/insertId":"14"}
2026-05-31T23:52:01.1985298Z	GLITCH_STARTUP_TRACE_V2 connectToRedis:opened purpose=bikkie elapsedMs=12
2026-05-31T23:52:01.1985298Z	{"time":"2026-05-31T23:52:00.075Z","severity":"INFO","message":"Loaded filter.lua, 1717 bytes / SHA1 e2336a3110d523f5ac9a39aeb3acab0dab006dea","logging.googleapis.com/insertId":"22"}
2026-05-31T23:52:01.1985298Z	{"time":"2026-05-31T23:52:00.507Z","severity":"INFO","message":"./deploy/glitch/biomes.config.yaml unchanged, is 2634255ff00fc892cbaa5676b951315d","logging.googleapis.com/insertId":"23"}
2026-05-31T23:52:01.1985298Z	GLITCH_STARTUP_TRACE_V2 registerBikkieRefresher:got-bikkieStorage elapsedMs=88
2026-05-31T23:52:01.1985298Z	{"time":"2026-05-31T23:52:00.082Z","severity":"INFO","message":"Loaded 2204 entities from Redis","logging.googleapis.com/insertId":"28"}
2026-05-31T23:52:01.1985298Z	GLITCH_STARTUP_TRACE_V2 connectToRedis:opened purpose=ecs elapsedMs=9
2026-05-31T23:52:01.1985298Z	{"time":"2026-05-31T23:52:00.065Z","severity":"INFO","message":"Loaded bootstrap.lua, 773 bytes / SHA1 c844404d534dd199d79727c0d1972fa7537275ac","logging.googleapis.com/insertId":"12"}
2026-05-31T23:52:01.1985298Z	{"time":"2026-05-31T23:52:00.062Z","severity":"INFO","message":"Loaded apply.lua, 7442 bytes / SHA1 2d258730713978bf15199492b3bffaff1986835e","logging.googleapis.com/insertId":"11"}
2026-05-31T23:52:01.1985298Z	GLITCH_STARTUP_TRACE_V2 connectToRedis:pinged purpose=bikkie totalMs=80
2026-05-31T23:52:01.1985298Z	GLITCH_STARTUP_TRACE_V2 connectToRedis:enter purpose=bikkie-cache db=3
2026-05-31T23:52:01.1985298Z	GLITCH_STARTUP_TRACE_V2 runServer:before-initializer service=logic
2026-05-31T23:52:01.1985298Z	GLITCH_STARTUP_TRACE_V2 registerBiomesStorage:enter
2026-05-31T23:52:02.1495826Z	{"time":"2026-05-31T23:52:01.148Z","severity":"INFO","message":"Loaded 3107 entities from Redis","logging.googleapis.com/insertId":"28"}
2026-05-31T23:52:02.1495826Z	{"time":"2026-05-31T23:52:01.626Z","severity":"INFO","message":"./deploy/glitch/biomes.config.yaml unchanged, is 2634255ff00fc892cbaa5676b951315d","logging.googleapis.com/insertId":"25"}
2026-05-31T23:52:02.1495826Z	{"time":"2026-05-31T23:52:01.096Z","severity":"INFO","message":"Loaded 5614 entities from Redis","logging.googleapis.com/insertId":"29"}
2026-05-31T23:52:03.2433547Z	GLITCH_STARTUP_TRACE_V2 registerBikkieRefresher:done totalMs=3753 forceMs=3442
2026-05-31T23:52:03.2433547Z	{"time":"2026-05-31T23:52:02.151Z","severity":"INFO","message":"Loaded 6316 entities from Redis","logging.googleapis.com/insertId":"29"}
2026-05-31T23:52:03.2433547Z	GLITCH_STARTUP_TRACE_V2 registerBikkieRefresher:done totalMs=3867 forceMs=3728
2026-05-31T23:52:03.2433547Z	{"time":"2026-05-31T23:52:02.122Z","severity":"INFO","message":"Loaded 9223 entities from Redis","logging.googleapis.com/insertId":"30"}
2026-05-31T23:52:04.258753Z	{"time":"2026-05-31T23:52:03.164Z","severity":"INFO","message":"Loaded 11427 entities from Redis","logging.googleapis.com/insertId":"30"}
2026-05-31T23:52:04.258753Z	GLITCH_STARTUP_TRACE_V2 runServer:after-initializer service=bikkie elapsedMs=0
2026-05-31T23:52:04.258753Z	{"time":"2026-05-31T23:52:03.079Z","severity":"INFO","message":"Slow registry load, took 3497ms","timing":{"bikkieNotifiers":"0.287ms","bikkieRefresher":"3103.086ms","bikkieStorage":"81.192ms","config":"1.871ms","worldApi":"114.537ms","db":"14.661ms","assetServer":"1.822ms","bakery":"103.236ms","bikkieInferenceRules":"82.362ms","idGenerator":"17.852ms","bikkieAssetUpdater":"0.282ms","mirror":"0.281ms","server":"0.000ms"},"logging.googleapis.com/insertId":"26"}
2026-05-31T23:52:04.258753Z	{"time":"2026-05-31T23:52:03.137Z","severity":"INFO","message":"Loaded 13939 entities from Redis","logging.googleapis.com/insertId":"31"}
2026-05-31T23:52:04.258753Z	{"time":"2026-05-31T23:52:03.081Z","severity":"INFO","message":"bikkie now running","lifecycle":true,"logging.googleapis.com/insertId":"28"}
2026-05-31T23:52:04.258753Z	GLITCH_STARTUP_TRACE_V2 registerBikkieRefresher:done totalMs=3110 forceMs=2977
2026-05-31T23:52:04.258753Z	GLITCH_STARTUP_TRACE_V2 runServer:after-makeContext service=bikkie elapsedMs=3498
2026-05-31T23:52:04.258753Z	{"time":"2026-05-31T23:52:03.080Z","severity":"WARNING","message":"Skipping production biscuit bake for Glitch/no-cloud runtime.","logging.googleapis.com/insertId":"27"}
2026-05-31T23:52:04.258753Z	GLITCH_STARTUP_TRACE_V2 runServer:before-initializer service=bikkie
2026-05-31T23:52:05.2218709Z	{"time":"2026-05-31T23:52:04.147Z","severity":"INFO","message":"Loaded 20654 entities from Redis","logging.googleapis.com/insertId":"32"}
2026-05-31T23:52:05.2218709Z	{"time":"2026-05-31T23:52:04.175Z","severity":"INFO","message":"Loaded 18849 entities from Redis","logging.googleapis.com/insertId":"31"}
2026-05-31T23:52:06.2538588Z	{"time":"2026-05-31T23:52:05.181Z","severity":"INFO","message":"Loaded 25876 entities from Redis","logging.googleapis.com/insertId":"32"}
2026-05-31T23:52:06.2538588Z	{"time":"2026-05-31T23:52:05.151Z","severity":"INFO","message":"Loaded 27378 entities from Redis","logging.googleapis.com/insertId":"33"}
2026-05-31T23:52:07.4241598Z	{"time":"2026-05-31T23:52:06.156Z","severity":"INFO","message":"Loaded 35702 entities from Redis","logging.googleapis.com/insertId":"34"}
2026-05-31T23:52:07.4241598Z	{"time":"2026-05-31T23:52:06.228Z","severity":"INFO","message":"Loaded 34197 entities from Redis","logging.googleapis.com/insertId":"33"}
2026-05-31T23:52:08.5366601Z	{"time":"2026-05-31T23:52:07.241Z","severity":"INFO","message":"Loaded 42424 entities from Redis","logging.googleapis.com/insertId":"34"}
2026-05-31T23:52:08.5366601Z	{"time":"2026-05-31T23:52:07.160Z","severity":"INFO","message":"Loaded 43326 entities from Redis","logging.googleapis.com/insertId":"35"}
2026-05-31T23:52:09.5177671Z	{"time":"2026-05-31T23:52:08.255Z","severity":"INFO","message":"Loaded 50852 entities from Redis","logging.googleapis.com/insertId":"35"}
2026-05-31T23:52:09.5177671Z	{"time":"2026-05-31T23:52:08.166Z","severity":"INFO","message":"Loaded 51754 entities from Redis","logging.googleapis.com/insertId":"36"}
2026-05-31T23:52:10.1593976Z	{"time":"2026-05-31T23:52:09.170Z","severity":"INFO","message":"Loaded 59077 entities from Redis","logging.googleapis.com/insertId":"37"}
2026-05-31T23:52:10.1593976Z	{"time":"2026-05-31T23:52:09.267Z","severity":"INFO","message":"Loaded 58776 entities from Redis","logging.googleapis.com/insertId":"36"}
2026-05-31T23:52:11.5791729Z	{"time":"2026-05-31T23:52:10.178Z","severity":"INFO","message":"Loaded 65796 entities from Redis","logging.googleapis.com/insertId":"38"}
2026-05-31T23:52:11.5791729Z	{"time":"2026-05-31T23:52:10.276Z","severity":"INFO","message":"Loaded 65796 entities from Redis","logging.googleapis.com/insertId":"37"}
2026-05-31T23:52:12.4532444Z	{"time":"2026-05-31T23:52:11.180Z","severity":"INFO","message":"Loaded 72523 entities from Redis","logging.googleapis.com/insertId":"39"}
2026-05-31T23:52:12.4532444Z	{"time":"2026-05-31T23:52:11.281Z","severity":"INFO","message":"Loaded 72923 entities from Redis","logging.googleapis.com/insertId":"38"}
2026-05-31T23:52:14.7456324Z	{"time":"2026-05-31T23:52:13.249Z","severity":"INFO","message":"Loaded 86464 entities from Redis","logging.googleapis.com/insertId":"41"}
2026-05-31T23:52:14.7456324Z	{"time":"2026-05-31T23:52:13.381Z","severity":"INFO","message":"Loaded 86664 entities from Redis","logging.googleapis.com/insertId":"40"}
2026-05-31T23:52:14.8009767Z	{"time":"2026-05-31T23:52:12.282Z","severity":"INFO","message":"Loaded 79541 entities from Redis","logging.googleapis.com/insertId":"39"}
2026-05-31T23:52:14.8009767Z	{"time":"2026-05-31T23:52:12.182Z","severity":"INFO","message":"Loaded 78838 entities from Redis","logging.googleapis.com/insertId":"40"}
2026-05-31T23:52:15.338203Z	{"time":"2026-05-31T23:52:14.260Z","severity":"INFO","message":"Loaded 94687 entities from Redis","logging.googleapis.com/insertId":"42"}
2026-05-31T23:52:15.338203Z	{"time":"2026-05-31T23:52:14.416Z","severity":"INFO","message":"Loaded 95089 entities from Redis","logging.googleapis.com/insertId":"41"}
2026-05-31T23:52:16.1746752Z	{"time":"2026-05-31T23:52:15.262Z","severity":"INFO","message":"Loaded 100000 entities from Redis","logging.googleapis.com/insertId":"43"}
2026-05-31T23:52:16.1746752Z	{"time":"2026-05-31T23:52:15.432Z","severity":"INFO","message":"Loaded 102914 entities from Redis","logging.googleapis.com/insertId":"42"}
2026-05-31T23:52:17.4432313Z	{"time":"2026-05-31T23:52:16.438Z","severity":"INFO","message":"Loaded 108742 entities from Redis","logging.googleapis.com/insertId":"43"}
2026-05-31T23:52:17.4432313Z	{"time":"2026-05-31T23:52:16.264Z","severity":"INFO","message":"Loaded 105631 entities from Redis","logging.googleapis.com/insertId":"44"}
2026-05-31T23:52:18.6600187Z	{"time":"2026-05-31T23:52:17.447Z","severity":"INFO","message":"Loaded 114467 entities from Redis","logging.googleapis.com/insertId":"44"}
2026-05-31T23:52:18.6600187Z	{"time":"2026-05-31T23:52:17.290Z","severity":"INFO","message":"Loaded 112259 entities from Redis","logging.googleapis.com/insertId":"45"}
2026-05-31T23:52:19.9969165Z	{"time":"2026-05-31T23:52:18.461Z","severity":"INFO","message":"Loaded 122090 entities from Redis","logging.googleapis.com/insertId":"45"}
2026-05-31T23:52:19.9969165Z	{"time":"2026-05-31T23:52:18.300Z","severity":"INFO","message":"Loaded 120182 entities from Redis","logging.googleapis.com/insertId":"46"}
2026-05-31T23:52:20.2521028Z	{"time":"2026-05-31T23:52:19.540Z","severity":"INFO","message":"Loaded 130520 entities from Redis","logging.googleapis.com/insertId":"46"}
2026-05-31T23:52:20.2521028Z	{"time":"2026-05-31T23:52:19.306Z","severity":"INFO","message":"Loaded 126506 entities from Redis","logging.googleapis.com/insertId":"47"}
2026-05-31T23:52:21.128977Z	{"time":"2026-05-31T23:52:20.314Z","severity":"INFO","message":"Loaded 131422 entities from Redis","logging.googleapis.com/insertId":"48"}
2026-05-31T23:52:21.128977Z	{"time":"2026-05-31T23:52:20.544Z","severity":"INFO","message":"Loaded 136931 entities from Redis","logging.googleapis.com/insertId":"47"}
2026-05-31T23:52:22.5181925Z	{"time":"2026-05-31T23:52:21.373Z","severity":"INFO","message":"Loaded 138332 entities from Redis","logging.googleapis.com/insertId":"49"}
2026-05-31T23:52:22.5181925Z	{"time":"2026-05-31T23:52:21.549Z","severity":"INFO","message":"Loaded 141943 entities from Redis","logging.googleapis.com/insertId":"48"}
2026-05-31T23:52:23.286683Z	{"time":"2026-05-31T23:52:22.401Z","severity":"INFO","message":"Loaded 145353 entities from Redis","logging.googleapis.com/insertId":"50"}
2026-05-31T23:52:23.286683Z	{"time":"2026-05-31T23:52:22.549Z","severity":"INFO","message":"Loaded 148366 entities from Redis","logging.googleapis.com/insertId":"49"}
2026-05-31T23:52:24.1024248Z	{"time":"2026-05-31T23:52:23.556Z","severity":"INFO","message":"Loaded 156294 entities from Redis","logging.googleapis.com/insertId":"50"}
2026-05-31T23:52:24.1024248Z	{"time":"2026-05-31T23:52:23.412Z","severity":"INFO","message":"Loaded 150875 entities from Redis","logging.googleapis.com/insertId":"51"}
2026-05-31T23:52:25.1028506Z	{"time":"2026-05-31T23:52:24.496Z","severity":"INFO","message":"Loaded 155894 entities from Redis","logging.googleapis.com/insertId":"52"}
2026-05-31T23:52:25.1028506Z	{"time":"2026-05-31T23:52:24.563Z","severity":"INFO","message":"Loaded 160304 entities from Redis","logging.googleapis.com/insertId":"51"}
2026-05-31T23:52:26.4776387Z	{"time":"2026-05-31T23:52:25.528Z","severity":"INFO","message":"Loaded 163512 entities from Redis","logging.googleapis.com/insertId":"53"}
2026-05-31T23:52:26.4776387Z	{"time":"2026-05-31T23:52:25.564Z","severity":"INFO","message":"Loaded 166623 entities from Redis","logging.googleapis.com/insertId":"52"}
2026-05-31T23:52:28.0967102Z	{"time":"2026-05-31T23:52:26.643Z","severity":"INFO","message":"Loaded 174246 entities from Redis","logging.googleapis.com/insertId":"53"}
2026-05-31T23:52:28.0967102Z	{"time":"2026-05-31T23:52:26.541Z","severity":"INFO","message":"Loaded 169433 entities from Redis","logging.googleapis.com/insertId":"54"}
2026-05-31T23:52:28.3022276Z	{"time":"2026-05-31T23:52:27.697Z","severity":"INFO","message":"Loaded 178854 entities from Redis","logging.googleapis.com/insertId":"54"}
2026-05-31T23:52:28.3022276Z	{"time":"2026-05-31T23:52:27.542Z","severity":"INFO","message":"Loaded 173446 entities from Redis","logging.googleapis.com/insertId":"55"}
2026-05-31T23:52:29.2668288Z	{"time":"2026-05-31T23:52:28.555Z","severity":"INFO","message":"Loaded 178654 entities from Redis","logging.googleapis.com/insertId":"56"}
2026-05-31T23:52:29.2668288Z	{"time":"2026-05-31T23:52:28.837Z","severity":"INFO","message":"Loaded 183361 entities from Redis","logging.googleapis.com/insertId":"55"}
2026-05-31T23:52:30.7428141Z	{"time":"2026-05-31T23:52:29.856Z","severity":"INFO","message":"Loaded 188983 entities from Redis","logging.googleapis.com/insertId":"56"}
2026-05-31T23:52:30.7428141Z	{"time":"2026-05-31T23:52:29.608Z","severity":"INFO","message":"Loaded 182158 entities from Redis","logging.googleapis.com/insertId":"57"}
2026-05-31T23:52:31.4429865Z	{"time":"2026-05-31T23:52:30.610Z","severity":"INFO","message":"Loaded 187677 entities from Redis","logging.googleapis.com/insertId":"58"}
2026-05-31T23:52:31.4429865Z	{"time":"2026-05-31T23:52:30.879Z","severity":"INFO","message":"Loaded 192196 entities from Redis","logging.googleapis.com/insertId":"57"}
2026-05-31T23:52:32.1133778Z	{"time":"2026-05-31T23:52:31.911Z","severity":"INFO","message":"Loaded 198818 entities from Redis","logging.googleapis.com/insertId":"58"}
2026-05-31T23:52:32.1133778Z	{"time":"2026-05-31T23:52:31.620Z","severity":"INFO","message":"Loaded 191293 entities from Redis","logging.googleapis.com/insertId":"59"}
2026-05-31T23:52:34.2717046Z	{"time":"2026-05-31T23:52:33.942Z","severity":"INFO","message":"Loaded 208447 entities from Redis","logging.googleapis.com/insertId":"60"}
2026-05-31T23:52:34.2717046Z	{"time":"2026-05-31T23:52:33.659Z","severity":"INFO","message":"Loaded 201129 entities from Redis","logging.googleapis.com/insertId":"61"}
2026-05-31T23:52:34.7664658Z	{"time":"2026-05-31T23:52:32.645Z","severity":"INFO","message":"Loaded 198216 entities from Redis","logging.googleapis.com/insertId":"60"}
2026-05-31T23:52:34.7664658Z	{"time":"2026-05-31T23:52:32.919Z","severity":"INFO","message":"Loaded 202731 entities from Redis","logging.googleapis.com/insertId":"59"}
2026-05-31T23:52:35.3812764Z	{"time":"2026-05-31T23:52:34.415Z","severity":"INFO","message":"Baking biscuits...","priorTray":4782339746648270,"prior":1722,"logging.googleapis.com/insertId":"29"}
2026-05-31T23:52:35.3812764Z	{"time":"2026-05-31T23:52:34.755Z","severity":"INFO","message":"Loaded 206838 entities from Redis","logging.googleapis.com/insertId":"62"}
2026-05-31T23:52:35.3812764Z	{"time":"2026-05-31T23:52:34.945Z","severity":"INFO","message":"Loaded 212154 entities from Redis","logging.googleapis.com/insertId":"61"}
2026-05-31T23:52:36.7179592Z	{"time":"2026-05-31T23:52:35.773Z","severity":"INFO","message":"Loaded 209948 entities from Redis","logging.googleapis.com/insertId":"63"}
2026-05-31T23:52:37.1692463Z	{"time":"2026-05-31T23:52:36.774Z","severity":"INFO","message":"Loaded 214964 entities from Redis","logging.googleapis.com/insertId":"64"}
2026-05-31T23:52:37.1692463Z	{"time":"2026-05-31T23:52:35.957Z","severity":"INFO","message":"Loaded 217773 entities from Redis","logging.googleapis.com/insertId":"62"}
2026-05-31T23:52:38.2143129Z	{"time":"2026-05-31T23:52:37.775Z","severity":"INFO","message":"Loaded 219378 entities from Redis","logging.googleapis.com/insertId":"65"}
2026-05-31T23:52:38.2143129Z	{"time":"2026-05-31T23:52:37.188Z","severity":"INFO","message":"Baked Biscuits, published, saved into storage.","tray":4782339746648270,"changed":0,"total":1722,"logging.googleapis.com/insertId":"30"}
2026-05-31T23:52:38.2143129Z	{"time":"2026-05-31T23:52:36.959Z","severity":"INFO","message":"Loaded 220279 entities from Redis","logging.googleapis.com/insertId":"63"}
2026-05-31T23:52:38.2143129Z	{"time":"2026-05-31T23:52:37.201Z","severity":"INFO","message":"Notified all clients of new tray","tray":4782339746648270,"logging.googleapis.com/insertId":"31"}
2026-05-31T23:52:39.1811076Z	{"time":"2026-05-31T23:52:38.806Z","severity":"INFO","message":"Loaded 225794 entities from Redis","logging.googleapis.com/insertId":"66"}
2026-05-31T23:52:39.1811076Z	{"time":"2026-05-31T23:52:37.973Z","severity":"INFO","message":"Loaded 226997 entities from Redis","logging.googleapis.com/insertId":"64"}
2026-05-31T23:52:40.1859485Z	{"time":"2026-05-31T23:52:39.833Z","severity":"INFO","message":"Loaded 230508 entities from Redis","logging.googleapis.com/insertId":"67"}
2026-05-31T23:52:40.1859485Z	{"time":"2026-05-31T23:52:38.987Z","severity":"INFO","message":"Loaded 231710 entities from Redis","logging.googleapis.com/insertId":"65"}
2026-05-31T23:52:41.6872771Z	{"time":"2026-05-31T23:52:40.091Z","severity":"INFO","message":"Loaded 236523 entities from Redis","logging.googleapis.com/insertId":"66"}
2026-05-31T23:52:42.3346616Z	{"time":"2026-05-31T23:52:41.093Z","severity":"INFO","message":"Loaded 242947 entities from Redis","logging.googleapis.com/insertId":"67"}
2026-05-31T23:52:42.3346616Z	{"time":"2026-05-31T23:52:40.963Z","severity":"INFO","message":"Loaded 235421 entities from Redis","logging.googleapis.com/insertId":"68"}
2026-05-31T23:52:43.4358816Z	{"time":"2026-05-31T23:52:41.963Z","severity":"INFO","message":"Loaded 241543 entities from Redis","logging.googleapis.com/insertId":"69"}
2026-05-31T23:52:43.4358816Z	{"time":"2026-05-31T23:52:42.098Z","severity":"INFO","message":"Loaded 247867 entities from Redis","logging.googleapis.com/insertId":"68"}
2026-05-31T23:52:44.1426066Z	{"time":"2026-05-31T23:52:42.967Z","severity":"INFO","message":"Loaded 246259 entities from Redis","logging.googleapis.com/insertId":"70"}
2026-05-31T23:52:44.1426066Z	{"time":"2026-05-31T23:52:43.166Z","severity":"INFO","message":"Loaded 253784 entities from Redis","logging.googleapis.com/insertId":"69"}
2026-05-31T23:52:45.1471353Z	{"time":"2026-05-31T23:52:43.969Z","severity":"INFO","message":"Loaded 252582 entities from Redis","logging.googleapis.com/insertId":"71"}
2026-05-31T23:52:45.1471353Z	{"time":"2026-05-31T23:52:44.180Z","severity":"INFO","message":"Loaded 259097 entities from Redis","logging.googleapis.com/insertId":"70"}
2026-05-31T23:52:46.2452078Z	{"time":"2026-05-31T23:52:45.188Z","severity":"INFO","message":"Loaded 262913 entities from Redis","logging.googleapis.com/insertId":"71"}
2026-05-31T23:52:46.2452078Z	{"time":"2026-05-31T23:52:44.974Z","severity":"INFO","message":"Loaded 255790 entities from Redis","logging.googleapis.com/insertId":"72"}
2026-05-31T23:52:48.0215113Z	{"time":"2026-05-31T23:52:46.009Z","severity":"INFO","message":"Loaded 262010 entities from Redis","logging.googleapis.com/insertId":"73"}
2026-05-31T23:52:48.0215113Z	{"time":"2026-05-31T23:52:46.201Z","severity":"INFO","message":"Loaded 268933 entities from Redis","logging.googleapis.com/insertId":"72"}
2026-05-31T23:52:48.6521231Z	{"time":"2026-05-31T23:52:47.056Z","severity":"INFO","message":"Loaded 265022 entities from Redis","logging.googleapis.com/insertId":"74"}
2026-05-31T23:52:48.6521231Z	{"time":"2026-05-31T23:52:47.309Z","severity":"INFO","message":"Loaded 271945 entities from Redis","logging.googleapis.com/insertId":"73"}
2026-05-31T23:52:49.9048755Z	{"time":"2026-05-31T23:52:48.326Z","severity":"INFO","message":"Loaded 278463 entities from Redis","logging.googleapis.com/insertId":"74"}
2026-05-31T23:52:49.9048755Z	{"time":"2026-05-31T23:52:48.141Z","severity":"INFO","message":"Loaded 271243 entities from Redis","logging.googleapis.com/insertId":"75"}
2026-05-31T23:52:50.1126048Z	{"time":"2026-05-31T23:52:49.360Z","severity":"INFO","message":"Loaded 280975 entities from Redis","logging.googleapis.com/insertId":"75"}
2026-05-31T23:52:50.1126048Z	{"time":"2026-05-31T23:52:49.167Z","severity":"INFO","message":"Loaded 274855 entities from Redis","logging.googleapis.com/insertId":"76"}
2026-05-31T23:52:51.2989896Z	{"time":"2026-05-31T23:52:50.181Z","severity":"INFO","message":"Loaded 280073 entities from Redis","logging.googleapis.com/insertId":"77"}
2026-05-31T23:52:51.2989896Z	{"time":"2026-05-31T23:52:50.387Z","severity":"INFO","message":"Loaded 288196 entities from Redis","logging.googleapis.com/insertId":"76"}
2026-05-31T23:52:52.1826024Z	{"time":"2026-05-31T23:52:51.390Z","severity":"INFO","message":"Loaded 297029 entities from Redis","logging.googleapis.com/insertId":"77"}
2026-05-31T23:52:52.1826024Z	{"time":"2026-05-31T23:52:51.184Z","severity":"INFO","message":"Loaded 286592 entities from Redis","logging.googleapis.com/insertId":"78"}
2026-05-31T23:52:54.5654145Z	{"time":"2026-05-31T23:52:52.185Z","severity":"INFO","message":"Loaded 293612 entities from Redis","logging.googleapis.com/insertId":"79"}
2026-05-31T23:52:54.5654145Z	{"time":"2026-05-31T23:52:52.393Z","severity":"INFO","message":"Loaded 300837 entities from Redis","logging.googleapis.com/insertId":"78"}
2026-05-31T23:52:54.651317Z	{"time":"2026-05-31T23:52:53.418Z","severity":"INFO","message":"Loaded 307755 entities from Redis","logging.googleapis.com/insertId":"79"}
2026-05-31T23:52:54.651317Z	{"time":"2026-05-31T23:52:53.251Z","severity":"INFO","message":"Loaded 297629 entities from Redis","logging.googleapis.com/insertId":"80"}
2026-05-31T23:52:55.139164Z	{"time":"2026-05-31T23:52:54.253Z","severity":"INFO","message":"Loaded 306246 entities from Redis","logging.googleapis.com/insertId":"81"}
2026-05-31T23:52:55.139164Z	{"time":"2026-05-31T23:52:54.428Z","severity":"INFO","message":"Loaded 317491 entities from Redis","logging.googleapis.com/insertId":"80"}
2026-05-31T23:52:56.359986Z	{"time":"2026-05-31T23:52:55.429Z","severity":"INFO","message":"Loaded 319997 entities from Redis","logging.googleapis.com/insertId":"81"}
2026-05-31T23:52:56.359986Z	{"time":"2026-05-31T23:52:55.279Z","severity":"INFO","message":"Loaded 311970 entities from Redis","logging.googleapis.com/insertId":"82"}
2026-05-31T23:52:57.4948283Z	{"time":"2026-05-31T23:52:56.324Z","severity":"INFO","message":"Loaded 317089 entities from Redis","logging.googleapis.com/insertId":"83"}
2026-05-31T23:52:57.4948283Z	{"time":"2026-05-31T23:52:56.433Z","severity":"INFO","message":"Loaded 326717 entities from Redis","logging.googleapis.com/insertId":"82"}
2026-05-31T23:52:58.359655Z	GLITCH_SYNC_REGISTER_SERVER_TRACE_V96 get:done wsRpcServer 0ms
2026-05-31T23:52:58.359655Z	GLITCH_SYNC_REGISTRY_TRACE_V96 get:start chatApi
2026-05-31T23:52:58.359655Z	{"time":"2026-05-31T23:52:57.776Z","severity":"INFO","message":"Starting Redis subscription...","logging.googleapis.com/insertId":"25"}
2026-05-31T23:52:58.359655Z	GLITCH_SYNC_RUNSERVER_TRACE_V97 callback enter
2026-05-31T23:52:58.359655Z	  host: '0.0.0.0',
2026-05-31T23:52:58.359655Z	GLITCH_SYNC_REGISTRY_TRACE_V96 get:start askApi
2026-05-31T23:52:58.359655Z	GLITCH_STARTUP_TRACE_V2 runServer:after-makeContext service=sync elapsedMs=59378
2026-05-31T23:52:58.359655Z	GLITCH_SYNC_REGISTRY_TRACE_V96 get:done askApi 0ms
2026-05-31T23:52:58.359655Z	GLITCH_STARTUP_TRACE_V2 runServer:before-initializer service=sync
2026-05-31T23:52:58.359655Z	{"time":"2026-05-31T23:52:57.472Z","severity":"INFO","message":"HFC Bootstrap complete, total 0 entities.","logging.googleapis.com/insertId":"89"}
2026-05-31T23:52:58.359655Z	}
2026-05-31T23:52:58.359655Z	GLITCH_SYNC_REGISTER_SERVER_TRACE_V96 get:start clients
2026-05-31T23:52:58.359655Z	{"time":"2026-05-31T23:52:57.466Z","severity":"INFO","message":"> zRPC listening on port 3504","logging.googleapis.com/insertId":"87"}
2026-05-31T23:52:58.359655Z	GLITCH_SYNC_REGISTRY_TRACE_V96 get:done firehose 0ms
2026-05-31T23:52:58.359655Z	GLITCH_SYNC_REGISTRY_TRACE_V96 get:done clients 58688ms
2026-05-31T23:52:58.359655Z	  rpcPort: '4904',
2026-05-31T23:52:58.359655Z	GLITCH_SYNC_REGISTER_SERVER_TRACE_V96 get:done rpcServer 1ms
2026-05-31T23:52:58.359655Z	{"time":"2026-05-31T23:52:57.771Z","severity":"INFO","message":"Slow registry load, took 59376ms","timing":{"bikkieNotifiers":"37.022ms","bikkieRefresher":"3169.284ms","bikkieStorage":"252.690ms","config":"11.195ms","worldApi":"129.851ms","db":"146.809ms","askApi":"24.312ms","chatApi":"147.414ms","clients":"58688.008ms","crossClientEventBatcher":"58854.037ms","logicApi":"58853.748ms","eventHandlerMap":"134.240ms","serverMods":"11.089ms","firehose":"226.823ms","serverCache":"146.105ms","sessionStore":"156.424ms","syncIndex":"278.720ms","syncServer":"8.229ms","syncService":"58567.798ms","wsRpcServer":"17.948ms","rpcServer":"1.504ms","discord":"1.133ms"},"logging.googleapis.com/insertId":"24"}
2026-05-31T23:52:58.359655Z	{"time":"2026-05-31T23:52:57.467Z","severity":"INFO","message":"logic now running","lifecycle":true,"logging.googleapis.com/insertId":"88"}
2026-05-31T23:52:58.359655Z	GLITCH_SYNC_RUNSERVER_TRACE_V97 before context.syncServer.start
2026-05-31T23:52:58.359655Z	GLITCH_SYNC_REGISTER_SERVER_TRACE_V97 before new SyncServer
2026-05-31T23:52:58.359655Z	GLITCH_SYNC_REGISTRY_TRACE_V96 registerSyncService:construct
2026-05-31T23:52:58.359655Z	GLITCH_SYNC_REGISTER_SERVER_TRACE_V96 get:start wsRpcServer
2026-05-31T23:52:58.359655Z	GLITCH_SYNC_REGISTER_SERVER_TRACE_V96 registerSyncServer:construct
2026-05-31T23:52:58.359655Z	GLITCH_SYNC_REGISTRY_TRACE_V96 get:done chatApi 0ms
2026-05-31T23:52:58.359655Z	GLITCH_SYNC_REGISTRY_TRACE_V96 get:start firehose
2026-05-31T23:52:58.359655Z	GLITCH_SYNC_REGISTER_SERVER_TRACE_V97 after new SyncServer
2026-05-31T23:52:58.359655Z	GLITCH_SYNC_REGISTER_SERVER_TRACE_V96 get:start rpcServer
2026-05-31T23:52:58.359655Z	GLITCH_SYNC_REGISTER_SERVER_TRACE_V96 get:done clients 0ms
2026-05-31T23:52:58.359655Z	{"time":"2026-05-31T23:52:57.777Z","severity":"INFO","message":"Starting Redis bootstrap...","to":"1780271557193-0","logging.googleapis.com/insertId":"26"}
2026-05-31T23:52:58.359655Z	  syncPort: '4900'
2026-05-31T23:52:58.359655Z	GLITCH_SYNC_REGISTER_SERVER_TRACE_V96 get:done syncService 58568ms
2026-05-31T23:52:58.359655Z	GLITCH_SYNC_REGISTRY_TRACE_V96 get:start syncIndex
2026-05-31T23:52:58.359655Z	GLITCH_SYNC_REGISTRY_TRACE_V96 get:done syncIndex 0ms
2026-05-31T23:52:58.359655Z	GLITCH_SYNC_REGISTRY_TRACE_V96 get:done worldApi 0ms
2026-05-31T23:52:58.359655Z	{"time":"2026-05-31T23:52:57.436Z","severity":"INFO","message":"Loaded 335139 entities from Redis","logging.googleapis.com/insertId":"83"}
2026-05-31T23:52:58.359655Z	{"time":"2026-05-31T23:52:57.454Z","severity":"INFO","message":"Bootstrap complete, total 335234 entities.","logging.googleapis.com/insertId":"84"}
2026-05-31T23:52:58.359655Z	{"time":"2026-05-31T23:52:57.458Z","severity":"INFO","message":"Catching up to Redis stream...","from":"1780271161780-0","to":"1780271557193-0","logging.googleapis.com/insertId":"85"}
2026-05-31T23:52:58.359655Z	  basePort: '4900',
2026-05-31T23:52:58.359655Z	{"time":"2026-05-31T23:52:57.460Z","severity":"INFO","message":"Streaming new changes...","fromId":"1780271161780-0","logging.googleapis.com/insertId":"86"}
2026-05-31T23:52:58.359655Z	GLITCH_SYNC_SERVER_TRACE_V95 start enter {
2026-05-31T23:52:58.359655Z	{"time":"2026-05-31T23:52:57.326Z","severity":"INFO","message":"Loaded 323203 entities from Redis","logging.googleapis.com/insertId":"84"}
2026-05-31T23:52:58.359655Z	GLITCH_STARTUP_TRACE_V2 runServer:after-initializer service=logic elapsedMs=57419
2026-05-31T23:52:58.359655Z	GLITCH_SYNC_REGISTRY_TRACE_V96 get:start worldApi
2026-05-31T23:52:59.2915339Z	OK logic-rpc listening on 127.0.0.1:3504
2026-05-31T23:52:59.2915339Z	OK ask-rpc listening on 127.0.0.1:3604
2026-05-31T23:52:59.2915339Z	{"time":"2026-05-31T23:52:58.794Z","severity":"INFO","message":"Loaded 9085 entities from Redis","logging.googleapis.com/insertId":"27"}
2026-05-31T23:52:59.2915339Z	{"time":"2026-05-31T23:52:58.333Z","severity":"INFO","message":"Loaded 331926 entities from Redis","logging.googleapis.com/insertId":"85"}
2026-05-31T23:52:59.2915339Z	WARN chat readiness bypassed for game rollout; debugging chat separately
2026-05-31T23:53:01.0532381Z	{"time":"2026-05-31T23:52:59.457Z","severity":"INFO","message":"ask now running","lifecycle":true,"logging.googleapis.com/insertId":"90"}
2026-05-31T23:53:01.0532381Z	{"time":"2026-05-31T23:52:59.343Z","severity":"INFO","message":"Loaded 335139 entities from Redis","logging.googleapis.com/insertId":"86"}
2026-05-31T23:53:01.0532381Z	{"time":"2026-05-31T23:52:59.453Z","severity":"INFO","message":"Streaming new changes...","fromId":"1780271161780-0","logging.googleapis.com/insertId":"89"}
2026-05-31T23:53:01.0532381Z	GLITCH_STARTUP_TRACE_V2 runServer:after-initializer service=ask elapsedMs=60513
2026-05-31T23:53:01.0532381Z	{"time":"2026-05-31T23:52:59.352Z","severity":"INFO","message":"Bootstrap complete, total 335234 entities.","logging.googleapis.com/insertId":"87"}
2026-05-31T23:53:01.0532381Z	{"time":"2026-05-31T23:52:59.810Z","severity":"INFO","message":"Loaded 17678 entities from Redis","logging.googleapis.com/insertId":"28"}
2026-05-31T23:53:01.0532381Z	{"time":"2026-05-31T23:52:59.374Z","severity":"INFO","message":"Catching up to Redis stream...","from":"1780271161780-0","to":"1780271557193-0","logging.googleapis.com/insertId":"88"}
2026-05-31T23:53:01.0532381Z	{"time":"2026-05-31T23:52:59.462Z","severity":"INFO","message":"HFC Bootstrap complete, total 0 entities.","logging.googleapis.com/insertId":"91"}
2026-05-31T23:53:01.1759655Z	{"time":"2026-05-31T23:53:00.834Z","severity":"INFO","message":"Loaded 30865 entities from Redis","logging.googleapis.com/insertId":"29"}
2026-05-31T23:53:02.4226622Z	{"time":"2026-05-31T23:53:01.836Z","severity":"INFO","message":"Loaded 43842 entities from Redis","logging.googleapis.com/insertId":"30"}
2026-05-31T23:53:04.0428035Z	{"time":"2026-05-31T23:53:02.852Z","severity":"INFO","message":"Loaded 57529 entities from Redis","logging.googleapis.com/insertId":"31"}
2026-05-31T23:53:04.5932751Z	{"time":"2026-05-31T23:53:03.853Z","severity":"INFO","message":"Loaded 71829 entities from Redis","logging.googleapis.com/insertId":"32"}
2026-05-31T23:53:05.1282688Z	{"time":"2026-05-31T23:53:04.853Z","severity":"INFO","message":"Loaded 86335 entities from Redis","logging.googleapis.com/insertId":"33"}
2026-05-31T23:53:06.1930553Z	{"time":"2026-05-31T23:53:05.906Z","severity":"INFO","message":"Starting Redis subscription...","logging.googleapis.com/insertId":"26"}
2026-05-31T23:53:06.1930553Z	{"time":"2026-05-31T23:53:05.857Z","severity":"INFO","message":"Loaded 100591 entities from Redis","logging.googleapis.com/insertId":"34"}
2026-05-31T23:53:06.1930553Z	GLITCH_STARTUP_TRACE_V2 runServer:before-initializer service=sidefx
2026-05-31T23:53:06.1930553Z	GLITCH_STARTUP_TRACE_V2 runServer:after-makeContext service=sidefx elapsedMs=70550
2026-05-31T23:53:06.1930553Z	{"time":"2026-05-31T23:53:05.904Z","severity":"INFO","message":"Slow registry load, took 70549ms","timing":{"bikkieNotifiers":"21.142ms","bikkieRefresher":"3390.170ms","bikkieStorage":"118.156ms","config":"9.772ms","worldApi":"308.809ms","db":"27.658ms","sideEffects":"70051.461ms","sideFxReplica":"319.068ms","idGenerator":"24.614ms","logicApi":"70051.047ms","voxeloo":"548.050ms","sideFxServer":"0.000ms","serverMods":"0.342ms"},"logging.googleapis.com/insertId":"25"}
2026-05-31T23:53:06.1930553Z	{"time":"2026-05-31T23:53:05.907Z","severity":"INFO","message":"Starting Redis bootstrap...","to":"1780271557193-0","logging.googleapis.com/insertId":"27"}
