2026-05-31T15:01:10.673203Z	biomes-node-vnet--0000062	Probe of Readiness failed with status code: 1
2026-05-31T15:01:23.6509123Z	biomes-node-vnet--0000062	Probe started from stage StartUp
2026-05-31T15:01:24.6490252Z	biomes-node-vnet--0000062	Probe of StartUp failed with status code: 1
2026-05-31T15:01:25.6392763Z	biomes-node-vnet--0000062	Probe of StartUp failed with status code: 1
2026-05-31T15:01:46.6523346Z	biomes-node-vnet--0000062	Probe started from stage StartUp
2026-05-31T15:01:47.6560231Z	biomes-node-vnet--0000062	Probe of StartUp failed with status code: 1
2026-05-31T15:01:48.6308259Z	biomes-node-vnet--0000062	Probe of StartUp failed with status code: 1
2026-05-31T15:02:29.6704892Z	biomes-node-vnet--0000062	Probe started from stage StartUp
2026-05-31T15:02:30.6189464Z	biomes-node-vnet--0000062	Probe of StartUp failed with status code: 1
2026-05-31T15:02:31.7194572Z	biomes-node-vnet--0000062	Probe of StartUp failed with status code: 1
2026-05-31T15:03:52.6361973Z	biomes-node-vnet--0000062	Probe started from stage StartUp
2026-05-31T15:03:53.6454727Z	biomes-node-vnet--0000062	Probe of StartUp failed with status code: 1
2026-05-31T15:03:54.6427418Z	biomes-node-vnet--0000062	Probe of StartUp failed with status code: 1
2026-05-31T15:06:35.6405124Z	biomes-node-vnet--0000062	Probe started from stage StartUp
2026-05-31T15:06:35.6405124Z	biomes-node-vnet--0000062	Probe of StartUp failed with status code: 1
2026-05-31T15:06:36.6689324Z	biomes-node-vnet--0000062	Probe of StartUp failed with status code: 1
2026-05-31T15:11:37.6380712Z	biomes-node-vnet--0000062	Probe started from stage StartUp
2026-05-31T15:11:38.785081Z	biomes-node-vnet--0000062	Probe of StartUp failed with status code: 1
2026-05-31T15:11:39.6389092Z	biomes-node-vnet--0000062	Probe of StartUp failed with status code: 1
2026-05-31T15:11:40.6206951Z	biomes-node-vnet--0000062	Probe of StartUp failed with status code: 1
2026-05-31T15:11:41.649243Z	biomes-node-vnet--0000062	Probe of StartUp failed with status code: 1
2026-05-31T15:11:42.601536Z	biomes-node-vnet--0000062	Probe of StartUp failed with status code: 1
2026-05-31T15:11:43.7045701Z	biomes-node-vnet--0000062	Probe of StartUp failed with status code: 1
2026-05-31T15:11:44.630743Z	biomes-node-vnet--0000062	Probe of StartUp failed with status code: 1
2026-05-31T15:11:45.6332502Z	biomes-node-vnet--0000062	Probe of StartUp failed with status code: 1
2026-05-31T15:11:46.7373499Z	biomes-node-vnet--0000062	Probe of StartUp failed with status code: 1
2026-05-31T15:11:47.66739Z	biomes-node-vnet--0000062	Probe of StartUp failed with status code: 1
2026-05-31T15:11:48.6879999Z	biomes-node-vnet--0000062	Probe of StartUp failed with status code: 1
2026-05-31T15:11:49.73712Z	biomes-node-vnet--0000062	Probe of StartUp failed with status code: 1
2026-05-31T15:11:50.6853123Z	biomes-node-vnet--0000062	Probe of StartUp failed with status code: 1
2026-05-31T15:11:51.5982711Z	biomes-node-vnet--0000062	Probe of StartUp failed with status code: 1
2026-05-31T15:11:52.6011023Z	biomes-node-vnet--0000062	Probe of StartUp failed with status code: 1
2026-05-31T15:11:53.7200259Z	biomes-node-vnet--0000062	Probe of StartUp failed with status code: 1
2026-05-31T15:11:54.699085Z	biomes-node-vnet--0000062	Probe of StartUp failed with status code: 1
2026-05-31T15:11:55.5709372Z	biomes-node-vnet--0000062	Probe of StartUp failed with status code: 1
2026-05-31T15:11:56.597645Z	biomes-node-vnet--0000062	Probe of StartUp failed with status code: 1
2026-05-31T15:11:57.6020524Z	biomes-node-vnet--0000062	Probe of StartUp failed with status code: 1
2026-05-31T15:11:58.6379427Z	biomes-node-vnet--0000062	Probe of StartUp failed with status code: 1
2026-05-31T15:11:59.6628515Z	biomes-node-vnet--0000062	Probe of StartUp failed with status code: 1
2026-05-31T15:12:00.6457092Z	biomes-node-vnet--0000062	Probe of StartUp failed with status code: 1
2026-05-31T15:12:01.6933422Z	biomes-node-vnet--0000062	Probe of StartUp failed with status code: 1
2026-05-31T15:12:02.7410825Z	biomes-node-vnet--0000062	Probe of StartUp failed with status code: 1
2026-05-31T15:12:03.6167258Z	biomes-node-vnet--0000062	Probe of StartUp failed with status code: 1
2026-05-31T15:12:04.6914816Z	biomes-node-vnet--0000062	Probe of StartUp failed with status code: 1
2026-05-31T15:12:05.7308261Z	biomes-node-vnet--0000062	Probe of StartUp failed with status code: 1
2026-05-31T15:12:06.5874513Z	biomes-node-vnet--0000062	Probe of StartUp failed with status code: 1
2026-05-31T15:12:07.5752588Z	biomes-node-vnet--0000062	Probe of StartUp failed with status code: 1
2026-05-31T15:12:08.594772Z	biomes-node-vnet--0000062	Probe of StartUp failed with status code: 1
2026-05-31T15:12:09.6629503Z	biomes-node-vnet--0000062	Probe of StartUp failed with status code: 1
2026-05-31T15:12:10.6500708Z	biomes-node-vnet--0000062	Probe of StartUp failed with status code: 1
2026-05-31T15:12:11.681384Z	biomes-node-vnet--0000062	Probe of StartUp failed with status code: 1
2026-05-31T15:12:12.5883803Z	biomes-node-vnet--0000062	Probe of StartUp failed with status code: 1
2026-05-31T15:12:13.6224441Z	biomes-node-vnet--0000062	Probe of StartUp failed with status code: 1
2026-05-31T15:12:14.6590378Z	biomes-node-vnet--0000062	Probe of StartUp failed with status code: 1
2026-05-31T15:12:15.5842012Z	biomes-node-vnet--0000062	Probe of StartUp failed with status code: 1
2026-05-31T15:12:16.654988Z	biomes-node-vnet--0000062	Probe of StartUp failed with status code: 1
2026-05-31T15:12:17.6504325Z	biomes-node-vnet--0000062	Probe of StartUp failed with status code: 1
2026-05-31T15:12:18.6403804Z	biomes-node-vnet--0000062	Probe of StartUp failed with status code: 1
2026-05-31T15:12:19.6440731Z	biomes-node-vnet--0000062	Probe of StartUp failed with status code: 1
2026-05-31T15:12:20.664035Z	biomes-node-vnet--0000062	Probe of StartUp failed with status code: 1
2026-05-31T15:12:21.9514149Z	biomes-node-vnet--0000062	Probe of StartUp failed with status code: 1
2026-05-31T15:12:22.6432625Z	biomes-node-vnet--0000062	Probe of StartUp failed with status code: 1
2026-05-31T15:12:23.6497285Z	biomes-node-vnet--0000062	Probe of StartUp failed with status code: 1
2026-05-31T15:12:24.599824Z	biomes-node-vnet--0000062	Probe of StartUp failed with status code: 1
2026-05-31T15:12:25.6690954Z	biomes-node-vnet--0000062	Probe of StartUp failed with status code: 1
2026-05-31T15:12:26.7069486Z	biomes-node-vnet--0000062	Probe of StartUp failed with status code: 1
2026-05-31T15:12:27.5929752Z	biomes-node-vnet--0000062	Probe of StartUp failed with status code: 1
2026-05-31T15:12:28.7606852Z	biomes-node-vnet--0000062	Probe of StartUp failed with status code: 1
2026-05-31T15:12:29.5813987Z	biomes-node-vnet--0000062	Probe of StartUp failed with status code: 1
2026-05-31T15:12:30.647015Z	biomes-node-vnet--0000062	Probe of StartUp failed with status code: 1
2026-05-31T15:12:31.6907896Z	biomes-node-vnet--0000062	Probe of StartUp failed with status code: 1
2026-05-31T15:12:32.7193874Z	biomes-node-vnet--0000062	Probe of StartUp failed with status code: 1
2026-05-31T15:12:33.5809437Z	biomes-node-vnet--0000062	Probe of StartUp failed with status code: 1
2026-05-31T15:12:34.6377549Z	biomes-node-vnet--0000062	Probe of StartUp failed with status code: 1
2026-05-31T15:12:35.6647359Z	biomes-node-vnet--0000062	Probe of StartUp failed with status code: 1
2026-05-31T15:12:36.6929052Z	biomes-node-vnet--0000062	Probe of StartUp failed with status code: 1
2026-05-31T15:12:37.6973511Z	biomes-node-vnet--0000062	Probe of StartUp failed with status code: 1
2026-05-31T15:12:38.5712741Z	biomes-node-vnet--0000062	Probe of StartUp failed with status code: 1
2026-05-31T15:12:39.7479869Z	biomes-node-vnet--0000062	Probe of StartUp failed with status code: 1
2026-05-31T15:12:40.6063626Z	biomes-node-vnet--0000062	Probe of StartUp failed with status code: 1
2026-05-31T15:12:41.6057881Z	biomes-node-vnet--0000062	Probe of StartUp failed with status code: 1
2026-05-31T15:12:42.7498673Z	biomes-node-vnet--0000062	Probe of StartUp failed with status code: 1
2026-05-31T15:12:43.6661649Z	biomes-node-vnet--0000062	Probe of StartUp failed with status code: 1
2026-05-31T15:12:44.6533468Z	biomes-node-vnet--0000062	Probe of StartUp failed with status code: 1
2026-05-31T15:12:45.5862745Z	biomes-node-vnet--0000062	Probe of StartUp failed with status code: 1
2026-05-31T15:12:46.6713227Z	biomes-node-vnet--0000062	Probe of StartUp failed with status code: 1
2026-05-31T15:12:47.6353997Z	biomes-node-vnet--0000062	Probe of StartUp failed with status code: 1
2026-05-31T15:12:48.6343673Z	biomes-node-vnet--0000062	Probe of StartUp failed with status code: 1
2026-05-31T15:12:49.5775834Z	biomes-node-vnet--0000062	Probe of StartUp failed with status code: 1
2026-05-31T15:12:50.6619873Z	biomes-node-vnet--0000062	Probe of StartUp failed with status code: 1
2026-05-31T15:12:51.8624103Z	biomes-node-vnet--0000062	Probe of StartUp failed with status code: 1
2026-05-31T15:12:52.6460942Z	biomes-node-vnet--0000062	Probe of StartUp failed with status code: 1
2026-05-31T15:12:53.655993Z	biomes-node-vnet--0000062	Probe of StartUp failed with status code: 1
2026-05-31T15:12:54.6538652Z	biomes-node-vnet--0000062	Probe of StartUp failed with status code: 1
2026-05-31T15:12:55.5653912Z	biomes-node-vnet--0000062	Probe of StartUp failed with status code: 1
2026-05-31T15:12:56.5746933Z	biomes-node-vnet--0000062	Probe of StartUp failed with status code: 1
2026-05-31T15:12:57.6652248Z	biomes-node-vnet--0000062	Probe of StartUp failed with status code: 1
2026-05-31T15:12:58.6332547Z	biomes-node-vnet--0000062	Probe of StartUp failed with status code: 1
2026-05-31T15:12:59.961799Z	biomes-node-vnet--0000062	Probe of StartUp failed with status code: 1
2026-05-31T15:13:00.7181306Z	biomes-node-vnet--0000062	Probe of StartUp failed with status code: 1
2026-05-31T15:13:01.7092144Z	biomes-node-vnet--0000062	Probe of StartUp failed with status code: 1
2026-05-31T15:13:02.6571817Z	biomes-node-vnet--0000062	Probe of StartUp failed with status code: 1
2026-05-31T15:13:03.5852061Z	biomes-node-vnet--0000062	Probe of StartUp failed with status code: 1
2026-05-31T15:13:04.6749625Z	biomes-node-vnet--0000062	Probe of StartUp failed with status code: 1
2026-05-31T15:13:05.6035932Z	biomes-node-vnet--0000062	Probe of StartUp failed with status code: 1
2026-05-31T15:13:06.652152Z	biomes-node-vnet--0000062	Probe of StartUp failed with status code: 1
2026-05-31T15:13:07.6649678Z	biomes-node-vnet--0000062	Probe of StartUp failed with status code: 1
2026-05-31T15:13:08.6743078Z	biomes-node-vnet--0000062	Probe of StartUp failed with status code: 1
2026-05-31T15:13:09.5739934Z	biomes-node-vnet--0000062	Probe of StartUp failed with status code: 1
2026-05-31T15:13:10.6060963Z	biomes-node-vnet--0000062	Probe of StartUp failed with status code: 1
2026-05-31T15:13:11.5681188Z	biomes-node-vnet--0000062	Probe of StartUp failed with status code: 1
2026-05-31T15:13:12.604199Z	biomes-node-vnet--0000062	Probe of StartUp failed with status code: 1
2026-05-31T15:13:13.5898429Z	biomes-node-vnet--0000062	Probe of StartUp failed with status code: 1
2026-05-31T15:13:14.6696035Z	biomes-node-vnet--0000062	Probe of StartUp failed with status code: 1
2026-05-31T15:13:15.6490772Z	biomes-node-vnet--0000062	Probe of StartUp failed with status code: 1
2026-05-31T15:13:16.6056141Z	biomes-node-vnet--0000062	Probe of StartUp failed with status code: 1
2026-05-31T15:13:17.6280283Z	biomes-node-vnet--0000062	Probe of StartUp failed with status code: 1
2026-05-31T15:13:18.6334669Z	biomes-node-vnet--0000062	Probe of StartUp failed with status code: 1
2026-05-31T15:13:19.6332629Z	biomes-node-vnet--0000062	Probe of StartUp failed with status code: 1
2026-05-31T15:13:20.5915731Z	biomes-node-vnet--0000062	Probe of StartUp failed with status code: 1
2026-05-31T15:13:21.5833933Z	biomes-node-vnet--0000062	Probe of StartUp failed with status code: 1
2026-05-31T15:13:22.6116646Z	biomes-node-vnet--0000062	Probe of StartUp failed with status code: 1
2026-05-31T15:13:23.5865548Z	biomes-node-vnet--0000062	Probe of StartUp failed with status code: 1
2026-05-31T15:13:24.6761187Z	biomes-node-vnet--0000062	Probe of StartUp failed with status code: 1
2026-05-31T15:13:25.5835547Z	biomes-node-vnet--0000062	Probe of StartUp failed with status code: 1
2026-05-31T15:13:26.6553574Z	biomes-node-vnet--0000062	Probe of StartUp failed with status code: 1
2026-05-31T15:13:27.7034599Z	biomes-node-vnet--0000062	Probe of StartUp failed with status code: 1
2026-05-31T15:13:28.9380708Z	biomes-node-vnet--0000062	Probe of StartUp failed with status code: 1
2026-05-31T15:13:29.594723Z	biomes-node-vnet--0000062	Probe of StartUp failed with status code: 1
2026-05-31T15:13:30.5764238Z	biomes-node-vnet--0000062	Probe of StartUp failed with status code: 1
2026-05-31T15:13:31.6810168Z	biomes-node-vnet--0000062	Probe of StartUp failed with status code: 1
2026-05-31T15:13:32.5995844Z	biomes-node-vnet--0000062	Probe of StartUp failed with status code: 1
2026-05-31T15:13:34.4657281Z	biomes-node-vnet--0000062	Probe of StartUp failed with status code: 1
2026-05-31T15:13:34.5785633Z	biomes-node-vnet--0000062	Probe of StartUp failed with status code: 1
2026-05-31T15:13:35.5961543Z	biomes-node-vnet--0000062	Probe of StartUp failed with status code: 1
2026-05-31T15:13:36.6073958Z	biomes-node-vnet--0000062	Probe of StartUp failed with status code: 1
2026-05-31T15:13:37.5817114Z	biomes-node-vnet--0000062	Probe of StartUp failed with status code: 1
2026-05-31T15:13:38.5726106Z	biomes-node-vnet--0000062	Probe of StartUp failed with status code: 1
2026-05-31T15:13:39.6116431Z	biomes-node-vnet--0000062	Probe of StartUp failed with status code: 1
2026-05-31T15:13:40.5993905Z	biomes-node-vnet--0000062	Probe of StartUp failed with status code: 1
2026-05-31T15:13:41.5817267Z	biomes-node-vnet--0000062	Probe of StartUp failed with status code: 1
2026-05-31T15:13:42.710837Z	biomes-node-vnet--0000062	Probe of StartUp failed with status code: 1
2026-05-31T15:13:43.6513711Z	biomes-node-vnet--0000062	Probe of StartUp failed with status code: 1
2026-05-31T15:13:44.652066Z	biomes-node-vnet--0000062	Probe of StartUp failed with status code: 1
2026-05-31T15:13:45.6393355Z	biomes-node-vnet--0000062	Probe of StartUp failed with status code: 1
2026-05-31T15:13:46.6572926Z	biomes-node-vnet--0000062	Probe of StartUp failed with status code: 1
2026-05-31T15:13:47.6856449Z	biomes-node-vnet--0000062	Probe of StartUp failed with status code: 1
2026-05-31T15:13:48.6615688Z	biomes-node-vnet--0000062	Probe of StartUp failed with status code: 1
2026-05-31T15:13:49.6485779Z	biomes-node-vnet--0000062	Probe of StartUp failed with status code: 1
2026-05-31T15:13:50.635143Z	biomes-node-vnet--0000062	Probe of StartUp failed with status code: 1
2026-05-31T15:13:51.634115Z	biomes-node-vnet--0000062	Probe of StartUp failed with status code: 1
2026-05-31T15:13:52.5966473Z	biomes-node-vnet--0000062	Probe of StartUp failed with status code: 1
2026-05-31T15:13:53.6408137Z	biomes-node-vnet--0000062	Probe of StartUp failed with status code: 1
2026-05-31T15:13:54.6462636Z	biomes-node-vnet--0000062	Probe of StartUp failed with status code: 1
2026-05-31T15:13:55.7368648Z	biomes-node-vnet--0000062	Probe of StartUp failed with status code: 1
2026-05-31T15:13:56.7289305Z	biomes-node-vnet--0000062	Probe of StartUp failed with status code: 1
2026-05-31T15:13:57.6806561Z	biomes-node-vnet--0000062	Probe of StartUp failed with status code: 1
2026-05-31T15:13:58.6525844Z	biomes-node-vnet--0000062	Probe of StartUp failed with status code: 1
2026-05-31T15:13:59.6891022Z	biomes-node-vnet--0000062	Probe of StartUp failed with status code: 1
2026-05-31T15:14:00.6480379Z	biomes-node-vnet--0000062	Probe of StartUp failed with status code: 1
2026-05-31T15:14:01.6415771Z	biomes-node-vnet--0000062	Probe of StartUp failed with status code: 1
2026-05-31T15:14:02.5818108Z	biomes-node-vnet--0000062	Probe of StartUp failed with status code: 1
2026-05-31T15:14:03.6590222Z	biomes-node-vnet--0000062	Probe of StartUp failed with status code: 1
2026-05-31T15:14:04.6542584Z	biomes-node-vnet--0000062	Probe of StartUp failed with status code: 1
2026-05-31T15:14:05.6476867Z	biomes-node-vnet--0000062	Probe of StartUp failed with status code: 1
2026-05-31T15:14:06.6399085Z	biomes-node-vnet--0000062	Probe of StartUp failed with status code: 1
2026-05-31T15:14:07.5767392Z	biomes-node-vnet--0000062	Probe of StartUp failed with status code: 1
2026-05-31T15:14:08.6994307Z	biomes-node-vnet--0000062	Probe of StartUp failed with status code: 1
2026-05-31T15:14:09.6122572Z	biomes-node-vnet--0000062	Probe of StartUp failed with status code: 1
2026-05-31T15:14:10.5840635Z	biomes-node-vnet--0000062	Probe of StartUp failed with status code: 1
2026-05-31T15:14:11.6199547Z	biomes-node-vnet--0000062	Probe of StartUp failed with status code: 1
2026-05-31T15:14:12.5882782Z	biomes-node-vnet--0000062	Probe of StartUp failed with status code: 1
2026-05-31T15:14:13.719622Z	biomes-node-vnet--0000062	Probe of StartUp failed with status code: 1
2026-05-31T15:14:14.6560794Z	biomes-node-vnet--0000062	Probe of StartUp failed with status code: 1
2026-05-31T15:14:15.5755018Z	biomes-node-vnet--0000062	Probe of StartUp failed with status code: 1
2026-05-31T15:14:16.6958046Z	biomes-node-vnet--0000062	Probe of StartUp failed with status code: 1
2026-05-31T15:14:17.6345226Z	biomes-node-vnet--0000062	Probe of StartUp failed with status code: 1
2026-05-31T15:14:18.5868705Z	biomes-node-vnet--0000062	Probe of StartUp failed with status code: 1
2026-05-31T15:14:19.6497361Z	biomes-node-vnet--0000062	Probe of StartUp failed with status code: 1
2026-05-31T15:14:20.6308933Z	biomes-node-vnet--0000062	Probe of StartUp failed with status code: 1
2026-05-31T15:14:21.6114275Z	biomes-node-vnet--0000062	Probe of StartUp failed with status code: 1
2026-05-31T17:13:43.6659477Z		Rolling Transition: Successfully completed rolling over existing to latest revision for containerApp: biomes-node-vnet
2026-05-31T17:13:43.6659477Z	biomes-node-vnet--0000062	Creating a new revision: biomes-node-vnet--0000063
2026-05-31T17:13:44.6253123Z	biomes-node-vnet--0000063	Updating revision : biomes-node-vnet--0000063
2026-05-31T17:13:44.6253123Z	biomes-node-vnet--0000063	Updating revision : biomes-node-vnet--0000063
2026-05-31T17:13:44.6253123Z		Setting a traffic weight of '100%' for revision 'biomes-node-vnet--0000062'
2026-05-31T17:13:44.6253123Z	biomes-node-vnet--0000063	Successfully provisioned revision 'biomes-node-vnet--0000063'
2026-05-31T17:13:44.6253123Z		Rolling Transition: Successfully completed rolling over existing to latest revision for containerApp: biomes-node-vnet
2026-05-31T17:13:44.6253123Z	biomes-node-vnet--0000063	KEDA is starting a watch for revision 'biomes-node-vnet--0000063' to monitor scale operations for this revision
2026-05-31T17:13:45.616136Z	biomes-node-vnet--0000063	Successfully provisioned revision 'biomes-node-vnet--0000063'
2026-05-31T17:13:45.616136Z		Setting a traffic weight of '100%' for revision 'biomes-node-vnet--0000062'
2026-05-31T17:13:45.616136Z	biomes-node-vnet--0000063	Updating revision : biomes-node-vnet--0000063
2026-05-31T17:13:45.616136Z	biomes-node-vnet--0000063	Successfully provisioned revision 'biomes-node-vnet--0000063'
2026-05-31T17:13:45.616136Z		Setting a traffic weight of '100%' for revision 'biomes-node-vnet--0000062'
2026-05-31T17:14:41.6731563Z	biomes-node-vnet--0000063	Probe of StartUp failed with status code: 1
2026-05-31T17:14:42.6604715Z	biomes-node-vnet--0000063	Probe of StartUp failed with status code: 1
2026-05-31T17:14:43.600647Z	biomes-node-vnet--0000063	Probe of StartUp failed with status code: 1
2026-05-31T17:14:44.6120335Z	biomes-node-vnet--0000063	Probe of StartUp failed with status code: 1
2026-05-31T17:14:45.6666069Z	biomes-node-vnet--0000063	Probe of StartUp failed with status code: 1
2026-05-31T17:14:46.6657406Z	biomes-node-vnet--0000063	Probe of StartUp failed with status code: 1
2026-05-31T17:14:47.6643719Z	biomes-node-vnet--0000063	Probe of StartUp failed with status code: 1
2026-05-31T17:14:48.6517802Z	biomes-node-vnet--0000063	Probe of StartUp failed with status code: 1
2026-05-31T17:14:49.6372315Z	biomes-node-vnet--0000063	Probe of StartUp failed with status code: 1
2026-05-31T17:14:50.6189097Z	biomes-node-vnet--0000063	Probe of StartUp failed with status code: 1
2026-05-31T17:14:51.6676626Z	biomes-node-vnet--0000063	Probe of StartUp failed with status code: 1
2026-05-31T17:14:52.6125819Z	biomes-node-vnet--0000063	Probe of StartUp failed with status code: 1
2026-05-31T17:14:53.6079997Z	biomes-node-vnet--0000063	Probe of StartUp failed with status code: 1
2026-05-31T17:14:54.6697895Z	biomes-node-vnet--0000063	Probe of StartUp failed with status code: 1
2026-05-31T17:14:55.6534845Z	biomes-node-vnet--0000063	Probe of StartUp failed with status code: 1
2026-05-31T17:14:56.6460026Z	biomes-node-vnet--0000063	Probe of StartUp failed with status code: 1
2026-05-31T17:14:57.7842192Z	biomes-node-vnet--0000063	Probe of StartUp failed with status code: 1
2026-05-31T17:14:58.6643534Z	biomes-node-vnet--0000063	Probe of StartUp failed with status code: 1
2026-05-31T17:14:59.6590287Z	biomes-node-vnet--0000063	Probe of StartUp failed with status code: 1
2026-05-31T17:15:00.7141505Z	biomes-node-vnet--0000063	Probe of StartUp failed with status code: 1
2026-05-31T17:15:01.6767692Z	biomes-node-vnet--0000063	Probe of StartUp failed with status code: 1
2026-05-31T17:15:02.6956294Z	biomes-node-vnet--0000063	Probe of StartUp failed with status code: 1
2026-05-31T17:15:03.6571738Z	biomes-node-vnet--0000063	Probe of StartUp failed with status code: 1
2026-05-31T17:15:04.6018374Z	biomes-node-vnet--0000063	Probe of StartUp failed with status code: 1
2026-05-31T17:15:05.6308366Z	biomes-node-vnet--0000063	Probe of StartUp failed with status code: 1
2026-05-31T17:15:05.6308366Z	biomes-node-vnet--0000063	The TargetPort 3000 does not match the listening port 3101.
2026-05-31T17:15:06.6289711Z	biomes-node-vnet--0000063	The TargetPort 3000 does not match the listening port 3101.
2026-05-31T17:15:06.6289711Z	biomes-node-vnet--0000063	Probe of StartUp failed with status code: 1
2026-05-31T17:15:07.6633776Z	biomes-node-vnet--0000063	Probe of StartUp failed with status code: 1
2026-05-31T17:15:08.6439931Z	biomes-node-vnet--0000063	Probe of StartUp failed with status code: 1
2026-05-31T17:15:08.6439931Z	biomes-node-vnet--0000063	The TargetPort 3000 does not match the listening port 3101.
2026-05-31T17:15:09.7264369Z	biomes-node-vnet--0000063	Probe of StartUp failed with status code: 1
2026-05-31T17:15:10.6489839Z	biomes-node-vnet--0000063	The TargetPort 3000 does not match the listening port 3101.
2026-05-31T17:15:10.6489839Z	biomes-node-vnet--0000063	Probe of StartUp failed with status code: 1
2026-05-31T17:15:11.6313538Z	biomes-node-vnet--0000063	Probe of StartUp failed with status code: 1
2026-05-31T17:15:12.6173818Z	biomes-node-vnet--0000063	The TargetPort 3000 does not match the listening port 3101.
2026-05-31T17:15:12.6173818Z	biomes-node-vnet--0000063	Probe of StartUp failed with status code: 1
2026-05-31T17:15:13.7044588Z	biomes-node-vnet--0000063	Probe of StartUp failed with status code: 1
2026-05-31T17:15:14.6498078Z	biomes-node-vnet--0000063	Probe of StartUp failed with status code: 1
2026-05-31T17:15:15.7255932Z	biomes-node-vnet--0000063	Probe of StartUp failed with status code: 1
2026-05-31T17:15:15.7255932Z	biomes-node-vnet--0000063	The TargetPort 3000 does not match any of the listening ports: [3104 3101].
2026-05-31T17:15:15.7255932Z	biomes-node-vnet--0000063	The TargetPort 3000 does not match any of the listening ports: [3104 3101].
2026-05-31T17:15:16.9773236Z	biomes-node-vnet--0000063	Probe of StartUp failed with status code: 1
2026-05-31T17:15:17.6734372Z	biomes-node-vnet--0000063	The TargetPort 3000 does not match any of the listening ports: [4701 3601 3104 3101 4601].
2026-05-31T17:15:17.6734372Z	biomes-node-vnet--0000063	Probe of StartUp failed with status code: 1
2026-05-31T17:15:18.6375433Z	biomes-node-vnet--0000063	Probe of StartUp failed with status code: 1
2026-05-31T17:15:18.6375433Z	biomes-node-vnet--0000063	The TargetPort 3000 does not match any of the listening ports: [4701 3601 3104 3101 4601 3501].
2026-05-31T17:15:18.6375433Z	biomes-node-vnet--0000063	The TargetPort 3000 does not match any of the listening ports: [4701 3601 3104 3101 4601 3501].
2026-05-31T17:15:19.6640129Z	biomes-node-vnet--0000063	Probe of StartUp failed with status code: 1
2026-05-31T17:15:20.6449451Z	biomes-node-vnet--0000063	The TargetPort 3000 does not match any of the listening ports: [4701 3601 4901 3104 3101 3401 4601 3501].
2026-05-31T17:15:20.6449451Z	biomes-node-vnet--0000063	Probe of StartUp failed with status code: 1
2026-05-31T17:15:20.6449451Z	biomes-node-vnet--0000063	The TargetPort 3000 does not match any of the listening ports: [4701 3601 4901 3104 3101 3401 4601 3501].
2026-05-31T17:15:21.6515457Z	biomes-node-vnet--0000063	Probe of StartUp failed with status code: 1
2026-05-31T17:15:22.6723629Z	biomes-node-vnet--0000063	The TargetPort 3000 does not match any of the listening ports: [4704 4701 3604 3601 4901 3104 3101 3401 4601 3501].
2026-05-31T17:15:22.6723629Z	biomes-node-vnet--0000063	Probe of StartUp failed with status code: 1
2026-05-31T17:15:23.7505531Z	biomes-node-vnet--0000063	Probe of StartUp failed with status code: 1
2026-05-31T17:15:23.7505531Z	biomes-node-vnet--0000063	The TargetPort 3000 does not match any of the listening ports: [4704 4701 3604 3601 4901 3104 3101 3401 4601 3501].
2026-05-31T17:15:24.7755369Z	biomes-node-vnet--0000063	Probe of StartUp failed with status code: 1
2026-05-31T17:15:25.6562898Z	biomes-node-vnet--0000063	Probe of StartUp failed with status code: 1
2026-05-31T17:15:25.6562898Z	biomes-node-vnet--0000063	The TargetPort 3000 does not match any of the listening ports: [4704 4701 3604 3601 4901 3104 3101 3401 4601 3501].
2026-05-31T17:15:26.6235344Z	biomes-node-vnet--0000063	Probe of StartUp failed with status code: 1
2026-05-31T17:15:27.7233837Z	biomes-node-vnet--0000063	The TargetPort 3000 does not match any of the listening ports: [4704 4701 3604 3601 4901 3104 3101 3401 4601 3501].
2026-05-31T17:15:27.7233837Z	biomes-node-vnet--0000063	Probe of StartUp failed with status code: 1
2026-05-31T17:15:28.6679642Z	biomes-node-vnet--0000063	Probe of StartUp failed with status code: 1
2026-05-31T17:15:29.6617647Z	biomes-node-vnet--0000063	Probe of StartUp failed with status code: 1
2026-05-31T17:15:29.6617647Z	biomes-node-vnet--0000063	The TargetPort 3000 does not match any of the listening ports: [4704 4701 3604 3601 4901 3104 3101 3401 4601 3501].
2026-05-31T17:15:30.7568133Z	biomes-node-vnet--0000063	Probe of StartUp failed with status code: 1
2026-05-31T17:15:31.6454301Z	biomes-node-vnet--0000063	Probe of StartUp failed with status code: 1
2026-05-31T17:15:32.6607637Z	biomes-node-vnet--0000063	The TargetPort 3000 does not match any of the listening ports: [4704 4701 3604 3601 4901 3104 3101 3401 4601 3501].
2026-05-31T17:15:32.6607637Z	biomes-node-vnet--0000063	Probe of StartUp failed with status code: 1
2026-05-31T17:15:33.6199676Z	biomes-node-vnet--0000063	Probe of StartUp failed with status code: 1
2026-05-31T17:15:34.6149377Z	biomes-node-vnet--0000063	The TargetPort 3000 does not match any of the listening ports: [4704 4701 3604 3601 4901 3104 3101 3401 4601 3501].
2026-05-31T17:15:34.6149377Z	biomes-node-vnet--0000063	Probe of StartUp failed with status code: 1
2026-05-31T17:15:35.6443109Z	biomes-node-vnet--0000063	Probe of StartUp failed with status code: 1
2026-05-31T17:15:36.6280124Z	biomes-node-vnet--0000063	Probe of StartUp failed with status code: 1
2026-05-31T17:15:37.6692182Z	biomes-node-vnet--0000063	Probe of StartUp failed with status code: 1
2026-05-31T17:15:37.6692182Z	biomes-node-vnet--0000063	The TargetPort 3000 does not match any of the listening ports: [4704 4701 3604 3601 4901 3104 3101 3401 4601 3501].
2026-05-31T17:15:38.745646Z	biomes-node-vnet--0000063	Probe of StartUp failed with status code: 1
2026-05-31T17:15:39.6264823Z	biomes-node-vnet--0000063	Probe of StartUp failed with status code: 1
2026-05-31T17:15:39.6264823Z	biomes-node-vnet--0000063	The TargetPort 3000 does not match any of the listening ports: [4704 4701 3604 3601 4901 3104 3101 3401 4601 3501].
2026-05-31T17:15:40.6230842Z	biomes-node-vnet--0000063	Probe of StartUp failed with status code: 1
2026-05-31T17:15:41.6457996Z	biomes-node-vnet--0000063	Probe of StartUp failed with status code: 1
2026-05-31T17:15:42.7456804Z	biomes-node-vnet--0000063	The TargetPort 3000 does not match any of the listening ports: [4704 4701 3604 3601 4901 3104 3101 3401 4601 3501].
2026-05-31T17:15:42.7456804Z	biomes-node-vnet--0000063	Probe of StartUp failed with status code: 1
2026-05-31T17:15:43.6431233Z	biomes-node-vnet--0000063	Probe of StartUp failed with status code: 1
2026-05-31T17:15:44.6816011Z	biomes-node-vnet--0000063	The TargetPort 3000 does not match any of the listening ports: [4704 4701 3604 3601 4901 3104 3101 3401 4601 3501].
2026-05-31T17:15:44.6816011Z	biomes-node-vnet--0000063	Probe of StartUp failed with status code: 1
2026-05-31T17:15:45.863026Z	biomes-node-vnet--0000063	Probe of StartUp failed with status code: 1
2026-05-31T17:15:46.6393272Z	biomes-node-vnet--0000063	The TargetPort 3000 does not match any of the listening ports: [4704 4701 3604 3601 4901 3104 3101 3401 4601 3501].
2026-05-31T17:15:46.6393272Z	biomes-node-vnet--0000063	Probe of StartUp failed with status code: 1
2026-05-31T17:15:47.612932Z	biomes-node-vnet--0000063	Probe of StartUp failed with status code: 1
2026-05-31T17:15:48.6820355Z	biomes-node-vnet--0000063	Probe of StartUp failed with status code: 1
2026-05-31T17:15:49.6894688Z	biomes-node-vnet--0000063	The TargetPort 3000 does not match any of the listening ports: [4704 4701 3604 3601 4901 3104 3101 3401 4601 3501].
2026-05-31T17:15:49.6894688Z	biomes-node-vnet--0000063	Probe of StartUp failed with status code: 1
2026-05-31T17:15:50.6056116Z	biomes-node-vnet--0000063	Probe of StartUp failed with status code: 1
2026-05-31T17:15:51.631772Z	biomes-node-vnet--0000063	Probe of StartUp failed with status code: 1
2026-05-31T17:15:52.6410195Z	biomes-node-vnet--0000063	Probe of StartUp failed with status code: 1
2026-05-31T17:15:53.8990904Z	biomes-node-vnet--0000063	Probe of StartUp failed with status code: 1
2026-05-31T17:15:54.6699927Z	biomes-node-vnet--0000063	Probe of StartUp failed with status code: 1
2026-05-31T17:15:55.6782643Z	biomes-node-vnet--0000063	Probe of StartUp failed with status code: 1
2026-05-31T17:15:56.6358043Z	biomes-node-vnet--0000063	Probe of StartUp failed with status code: 1
2026-05-31T17:15:57.6856073Z	biomes-node-vnet--0000063	Probe of StartUp failed with status code: 1
2026-05-31T17:15:58.8093368Z	biomes-node-vnet--0000063	Probe of StartUp failed with status code: 1
2026-05-31T17:15:59.7161122Z	biomes-node-vnet--0000063	Probe of StartUp failed with status code: 1
2026-05-31T17:16:00.7106018Z	biomes-node-vnet--0000063	Probe of StartUp failed with status code: 1
2026-05-31T17:16:01.6202461Z	biomes-node-vnet--0000063	Probe of StartUp failed with status code: 1
2026-05-31T17:16:02.6410423Z	biomes-node-vnet--0000063	Probe of StartUp failed with status code: 1
2026-05-31T17:16:03.779374Z	biomes-node-vnet--0000063	Probe of StartUp failed with status code: 1
2026-05-31T17:16:04.7003502Z	biomes-node-vnet--0000063	Probe of StartUp failed with status code: 1
2026-05-31T17:16:05.6180077Z	biomes-node-vnet--0000063	Probe of StartUp failed with status code: 1
2026-05-31T17:16:06.6439272Z	biomes-node-vnet--0000063	Probe of StartUp failed with status code: 1
2026-05-31T17:16:07.622051Z	biomes-node-vnet--0000063	Probe of StartUp failed with status code: 1
2026-05-31T17:16:08.6688845Z	biomes-node-vnet--0000063	Probe of StartUp failed with status code: 1
2026-05-31T17:16:09.6866912Z	biomes-node-vnet--0000063	Probe of StartUp failed with status code: 1
2026-05-31T17:16:11.1848559Z	biomes-node-vnet--0000063	Probe of StartUp failed with status code: 1
2026-05-31T17:16:11.6257654Z	biomes-node-vnet--0000063	Probe of StartUp failed with status code: 1
2026-05-31T17:16:12.5988745Z	biomes-node-vnet--0000063	Probe of StartUp failed with status code: 1
2026-05-31T17:16:13.6835672Z	biomes-node-vnet--0000063	Probe of StartUp failed with status code: 1
2026-05-31T17:16:14.7095624Z	biomes-node-vnet--0000063	Probe of StartUp failed with status code: 1
2026-05-31T17:16:15.6096459Z	biomes-node-vnet--0000063	Probe of StartUp failed with status code: 1
2026-05-31T17:16:16.700823Z	biomes-node-vnet--0000063	Probe of StartUp failed with status code: 1
2026-05-31T17:16:17.7255618Z	biomes-node-vnet--0000063	Probe of StartUp failed with status code: 1
2026-05-31T17:16:18.6515616Z	biomes-node-vnet--0000063	Probe of StartUp failed with status code: 1
2026-05-31T17:16:19.6486978Z	biomes-node-vnet--0000063	Probe of StartUp failed with status code: 1
2026-05-31T17:16:20.6579505Z	biomes-node-vnet--0000063	Probe of StartUp failed with status code: 1
2026-05-31T17:16:21.6164763Z	biomes-node-vnet--0000063	Probe of StartUp failed with status code: 1
2026-05-31T17:16:22.6566364Z	biomes-node-vnet--0000063	Probe of StartUp failed with status code: 1
2026-05-31T17:16:23.7472858Z	biomes-node-vnet--0000063	Probe of StartUp failed with status code: 1
2026-05-31T17:16:24.6883276Z	biomes-node-vnet--0000063	Probe of StartUp failed with status code: 1
2026-05-31T17:16:25.6033782Z	biomes-node-vnet--0000063	Probe of StartUp failed with status code: 1
2026-05-31T17:16:26.6919456Z	biomes-node-vnet--0000063	Probe of StartUp failed with status code: 1
2026-05-31T17:16:27.6785949Z	biomes-node-vnet--0000063	Probe of StartUp failed with status code: 1
2026-05-31T17:16:28.6158778Z	biomes-node-vnet--0000063	Probe of StartUp failed with status code: 1
2026-05-31T17:16:29.7215586Z	biomes-node-vnet--0000063	Probe of StartUp failed with status code: 1
2026-05-31T17:16:30.6754615Z	biomes-node-vnet--0000063	Probe of StartUp failed with status code: 1
2026-05-31T17:16:31.6837857Z	biomes-node-vnet--0000063	Probe of StartUp failed with status code: 1
2026-05-31T17:16:32.6153013Z	biomes-node-vnet--0000063	Probe of StartUp failed with status code: 1
2026-05-31T17:16:33.662652Z	biomes-node-vnet--0000063	Probe of StartUp failed with status code: 1
2026-05-31T17:16:34.6207629Z	biomes-node-vnet--0000063	Probe of StartUp failed with status code: 1
2026-05-31T17:16:35.6747399Z	biomes-node-vnet--0000063	Probe of StartUp failed with status code: 1
2026-05-31T17:16:36.613295Z	biomes-node-vnet--0000063	Probe of StartUp failed with status code: 1
2026-05-31T17:16:37.6481388Z	biomes-node-vnet--0000063	Probe of StartUp failed with status code: 1
2026-05-31T17:16:38.6150113Z	biomes-node-vnet--0000063	Probe of StartUp failed with status code: 1
2026-05-31T17:16:39.6011345Z	biomes-node-vnet--0000063	Probe of StartUp failed with status code: 1
2026-05-31T17:16:40.6481776Z	biomes-node-vnet--0000063	Probe of StartUp failed with status code: 1
2026-05-31T17:16:41.7021396Z	biomes-node-vnet--0000063	Probe of StartUp failed with status code: 1
2026-05-31T17:16:42.5998455Z	biomes-node-vnet--0000063	Probe of StartUp failed with status code: 1
2026-05-31T17:16:43.6375902Z	biomes-node-vnet--0000063	Probe of StartUp failed with status code: 1
2026-05-31T17:16:44.6088783Z	biomes-node-vnet--0000063	Probe of StartUp failed with status code: 1
2026-05-31T17:16:45.6576137Z	biomes-node-vnet--0000063	Probe of StartUp failed with status code: 1
2026-05-31T17:16:46.6226589Z	biomes-node-vnet--0000063	Probe of StartUp failed with status code: 1
2026-05-31T17:16:47.6514141Z	biomes-node-vnet--0000063	Probe of StartUp failed with status code: 1
2026-05-31T17:16:48.6063376Z	biomes-node-vnet--0000063	Probe of StartUp failed with status code: 1
2026-05-31T17:16:49.6123406Z	biomes-node-vnet--0000063	Probe of StartUp failed with status code: 1
2026-05-31T17:16:50.6268402Z	biomes-node-vnet--0000063	Probe of StartUp failed with status code: 1
2026-05-31T17:16:51.6060908Z	biomes-node-vnet--0000063	Probe of StartUp failed with status code: 1
2026-05-31T17:16:52.6485202Z	biomes-node-vnet--0000063	Probe of StartUp failed with status code: 1
2026-05-31T17:16:53.6231337Z	biomes-node-vnet--0000063	Probe of StartUp failed with status code: 1
2026-05-31T17:16:54.653944Z	biomes-node-vnet--0000063	Probe of StartUp failed with status code: 1
2026-05-31T17:16:55.6488478Z	biomes-node-vnet--0000063	Probe of StartUp failed with status code: 1
2026-05-31T17:16:56.6317319Z	biomes-node-vnet--0000063	Probe of StartUp failed with status code: 1
2026-05-31T17:16:57.6457156Z	biomes-node-vnet--0000063	Probe of StartUp failed with status code: 1
2026-05-31T17:16:58.6239106Z	biomes-node-vnet--0000063	Probe of StartUp failed with status code: 1
2026-05-31T17:16:59.6312679Z	biomes-node-vnet--0000063	Probe of StartUp failed with status code: 1
2026-05-31T17:17:00.6067402Z	biomes-node-vnet--0000063	Probe of StartUp failed with status code: 1
2026-05-31T17:17:01.6147887Z	biomes-node-vnet--0000063	Probe of StartUp failed with status code: 1
2026-05-31T17:17:02.6119206Z	biomes-node-vnet--0000063	Probe of StartUp failed with status code: 1
2026-05-31T17:17:03.6227443Z	biomes-node-vnet--0000063	Probe of StartUp failed with status code: 1
2026-05-31T17:17:04.6561502Z	biomes-node-vnet--0000063	Probe of StartUp failed with status code: 1
2026-05-31T17:17:05.6947576Z	biomes-node-vnet--0000063	Probe of StartUp failed with status code: 1
2026-05-31T17:17:06.6276793Z	biomes-node-vnet--0000063	Probe of StartUp failed with status code: 1
2026-05-31T17:17:07.6238288Z	biomes-node-vnet--0000063	Probe of StartUp failed with status code: 1
2026-05-31T17:17:08.623337Z	biomes-node-vnet--0000063	Probe of StartUp failed with status code: 1
2026-05-31T17:17:09.6008625Z	biomes-node-vnet--0000063	Probe of StartUp failed with status code: 1
2026-05-31T17:17:10.6299893Z	biomes-node-vnet--0000063	Probe of StartUp failed with status code: 1
2026-05-31T17:17:11.6015452Z	biomes-node-vnet--0000063	Probe of StartUp failed with status code: 1
2026-05-31T17:17:12.6760268Z	biomes-node-vnet--0000063	Probe of StartUp failed with status code: 1
2026-05-31T17:17:13.6166942Z	biomes-node-vnet--0000063	Probe of StartUp failed with status code: 1
2026-05-31T17:17:14.6663647Z	biomes-node-vnet--0000063	Probe of StartUp failed with status code: 1
2026-05-31T17:17:15.5896247Z	biomes-node-vnet--0000063	Probe of StartUp failed with status code: 1
2026-05-31T17:17:16.6597851Z	biomes-node-vnet--0000063	Probe of StartUp failed with status code: 1
2026-05-31T17:17:17.6301206Z	biomes-node-vnet--0000063	Probe of StartUp failed with status code: 1
2026-05-31T17:17:18.6591932Z	biomes-node-vnet--0000063	Probe of StartUp failed with status code: 1
2026-05-31T17:17:19.721556Z	biomes-node-vnet--0000063	Probe of StartUp failed with status code: 1
2026-05-31T17:17:20.5954907Z	biomes-node-vnet--0000063	Probe of StartUp failed with status code: 1
2026-05-31T17:17:21.6097862Z	biomes-node-vnet--0000063	Probe of StartUp failed with status code: 1
2026-05-31T17:17:22.6074905Z	biomes-node-vnet--0000063	Probe of StartUp failed with status code: 1
2026-05-31T17:17:23.6201309Z	biomes-node-vnet--0000063	Probe of StartUp failed with status code: 1
2026-05-31T17:17:24.5593023Z	biomes-node-vnet--0000063	Probe of StartUp failed with status code: 1
2026-05-31T17:17:25.7208779Z	biomes-node-vnet--0000063	Probe of StartUp failed with status code: 1
2026-05-31T17:17:26.6299697Z	biomes-node-vnet--0000063	Probe of StartUp failed with status code: 1
2026-05-31T17:17:27.6286356Z	biomes-node-vnet--0000063	Probe of StartUp failed with status code: 1
2026-05-31T17:17:28.6195733Z	biomes-node-vnet--0000063	Probe of StartUp failed with status code: 1
2026-05-31T17:17:29.6049471Z	biomes-node-vnet--0000063	Probe of StartUp failed with status code: 1
2026-05-31T17:17:30.8722864Z	biomes-node-vnet--0000063	Probe of StartUp failed with status code: 1
2026-05-31T17:17:31.6088686Z	biomes-node-vnet--0000063	Probe of StartUp failed with status code: 1
2026-05-31T17:17:32.6386792Z	biomes-node-vnet--0000063	Probe of StartUp failed with status code: 1
2026-05-31T17:17:33.590582Z	biomes-node-vnet--0000063	Probe of StartUp failed with status code: 1
2026-05-31T17:17:34.6336479Z	biomes-node-vnet--0000063	Probe of StartUp failed with status code: 1
2026-05-31T17:17:35.6078048Z	biomes-node-vnet--0000063	Probe of StartUp failed with status code: 1
2026-05-31T17:17:36.6295331Z	biomes-node-vnet--0000063	Probe of StartUp failed with status code: 1
2026-05-31T17:17:37.6382732Z	biomes-node-vnet--0000063	Probe of StartUp failed with status code: 1
2026-05-31T17:17:38.7645359Z	biomes-node-vnet--0000063	Probe of StartUp failed with status code: 1
2026-05-31T17:17:39.698092Z	biomes-node-vnet--0000063	Probe of StartUp failed with status code: 1
2026-05-31T17:17:40.6414785Z	biomes-node-vnet--0000063	Probe of StartUp failed with status code: 1
2026-05-31T17:17:41.5994689Z	biomes-node-vnet--0000063	Probe of StartUp failed with status code: 1
2026-05-31T17:17:42.6241847Z	biomes-node-vnet--0000063	Probe of StartUp failed with status code: 1
2026-05-31T17:17:43.6555236Z	biomes-node-vnet--0000063	Probe of StartUp failed with status code: 1
2026-05-31T17:17:44.6935065Z	biomes-node-vnet--0000063	Probe of StartUp failed with status code: 1
2026-05-31T17:17:45.6208576Z	biomes-node-vnet--0000063	Probe of StartUp failed with status code: 1
2026-05-31T17:17:46.6238647Z	biomes-node-vnet--0000063	Probe of StartUp failed with status code: 1
2026-05-31T17:17:47.6336853Z	biomes-node-vnet--0000063	Probe of StartUp failed with status code: 1
2026-05-31T17:17:48.6167016Z	biomes-node-vnet--0000063	Probe of StartUp failed with status code: 1
2026-05-31T17:17:49.6222444Z	biomes-node-vnet--0000063	Probe of StartUp failed with status code: 1
2026-05-31T17:17:50.7190861Z	biomes-node-vnet--0000063	Probe of StartUp failed with status code: 1
2026-05-31T17:17:51.6247875Z	biomes-node-vnet--0000063	Probe of StartUp failed with status code: 1
2026-05-31T17:17:52.6130153Z	biomes-node-vnet--0000063	Probe of StartUp failed with status code: 1
2026-05-31T17:17:53.6182982Z	biomes-node-vnet--0000063	Probe of StartUp failed with status code: 1
2026-05-31T17:17:54.6255267Z	biomes-node-vnet--0000063	Probe of StartUp failed with status code: 1
2026-05-31T17:17:55.7176799Z	biomes-node-vnet--0000063	Probe of StartUp failed with status code: 1
2026-05-31T17:17:56.7012294Z	biomes-node-vnet--0000063	Probe of StartUp failed with status code: 1
2026-05-31T17:17:57.6623609Z	biomes-node-vnet--0000063	Probe of StartUp failed with status code: 1
2026-05-31T17:17:58.683098Z	biomes-node-vnet--0000063	Probe of StartUp failed with status code: 1
2026-05-31T17:17:59.6533959Z	biomes-node-vnet--0000063	Probe of StartUp failed with status code: 1
2026-05-31T17:18:00.6834672Z	biomes-node-vnet--0000063	Probe of StartUp failed with status code: 1
2026-05-31T17:18:01.6250997Z	biomes-node-vnet--0000063	Probe of StartUp failed with status code: 1
2026-05-31T17:18:02.6278364Z	biomes-node-vnet--0000063	Probe of StartUp failed with status code: 1
2026-05-31T17:18:03.6344916Z	biomes-node-vnet--0000063	Probe of StartUp failed with status code: 1
2026-05-31T17:18:04.6748599Z	biomes-node-vnet--0000063	Probe of StartUp failed with status code: 1
2026-05-31T17:18:05.6637373Z	biomes-node-vnet--0000063	Probe of StartUp failed with status code: 1
2026-05-31T17:18:06.6613331Z	biomes-node-vnet--0000063	Probe of StartUp failed with status code: 1
2026-05-31T17:18:07.657033Z	biomes-node-vnet--0000063	Probe of StartUp failed with status code: 1
2026-05-31T17:18:08.6958682Z	biomes-node-vnet--0000063	Probe of StartUp failed with status code: 1
2026-05-31T17:18:09.6581939Z	biomes-node-vnet--0000063	Probe of StartUp failed with status code: 1
2026-05-31T17:18:10.6830567Z	biomes-node-vnet--0000063	Probe of StartUp failed with status code: 1
2026-05-31T17:18:11.6228044Z	biomes-node-vnet--0000063	Probe of StartUp failed with status code: 1
2026-05-31T17:18:12.6536576Z	biomes-node-vnet--0000063	Probe of StartUp failed with status code: 1
2026-05-31T17:18:13.661369Z	biomes-node-vnet--0000063	Probe of StartUp failed with status code: 1
2026-05-31T17:18:14.6619881Z	biomes-node-vnet--0000063	Probe of StartUp failed with status code: 1
2026-05-31T17:18:15.6292294Z	biomes-node-vnet--0000063	Probe of StartUp failed with status code: 1
2026-05-31T17:18:16.6087797Z	biomes-node-vnet--0000063	Probe of StartUp failed with status code: 1
2026-05-31T17:18:17.7847203Z	biomes-node-vnet--0000063	Probe of StartUp failed with status code: 1
2026-05-31T17:18:18.6531334Z	biomes-node-vnet--0000063	Probe of StartUp failed with status code: 1
2026-05-31T17:18:19.6509603Z	biomes-node-vnet--0000063	Probe of StartUp failed with status code: 1
2026-05-31T17:18:20.6788428Z	biomes-node-vnet--0000063	Probe of StartUp failed with status code: 1
2026-05-31T17:18:21.610234Z	biomes-node-vnet--0000063	Probe of StartUp failed with status code: 1
2026-05-31T17:18:22.6208622Z	biomes-node-vnet--0000063	Probe of StartUp failed with status code: 1
2026-05-31T17:18:23.6427949Z	biomes-node-vnet--0000063	Probe of StartUp failed with status code: 1
2026-05-31T17:18:24.6150563Z	biomes-node-vnet--0000063	Probe of StartUp failed with status code: 1
2026-05-31T17:18:25.614613Z	biomes-node-vnet--0000063	Probe of StartUp failed with status code: 1
2026-05-31T17:18:26.6184501Z	biomes-node-vnet--0000063	Probe of StartUp failed with status code: 1
2026-05-31T17:18:27.6296562Z	biomes-node-vnet--0000063	Probe of StartUp failed with status code: 1
2026-05-31T17:18:28.6277337Z	biomes-node-vnet--0000063	Probe of StartUp failed with status code: 1
2026-05-31T17:18:29.6585925Z	biomes-node-vnet--0000063	Probe of StartUp failed with status code: 1
2026-05-31T17:18:30.6097464Z	biomes-node-vnet--0000063	Probe of StartUp failed with status code: 1
2026-05-31T17:18:31.6263409Z	biomes-node-vnet--0000063	Probe of StartUp failed with status code: 1
2026-05-31T17:18:32.6160498Z	biomes-node-vnet--0000063	Probe of StartUp failed with status code: 1
2026-05-31T17:18:33.6126447Z	biomes-node-vnet--0000063	Probe of StartUp failed with status code: 1
2026-05-31T17:18:34.670238Z	biomes-node-vnet--0000063	Probe of StartUp failed with status code: 1
2026-05-31T17:18:35.6217686Z	biomes-node-vnet--0000063	Probe of StartUp failed with status code: 1
2026-05-31T17:18:37.0787851Z	biomes-node-vnet--0000063	Probe of StartUp failed with status code: 1
2026-05-31T17:18:37.6146735Z	biomes-node-vnet--0000063	Probe of StartUp failed with status code: 1
2026-05-31T17:18:38.6124566Z	biomes-node-vnet--0000063	Probe of StartUp failed with status code: 1
2026-05-31T17:18:39.6120357Z	biomes-node-vnet--0000063	Probe of StartUp failed with status code: 1
2026-05-31T17:18:40.6434451Z	biomes-node-vnet--0000063	Container biomes-node-vnet failed startup probe, will be restarted
2026-05-31T17:18:40.6434451Z	biomes-node-vnet--0000063	Container 'biomes-node-vnet' was terminated with exit code '' and reason 'ProbeFailure'
2026-05-31T17:18:40.6434451Z	biomes-node-vnet--0000063	Probe of StartUp failed with status code: 1
2026-05-31T17:19:01.6163421Z	biomes-node-vnet--0000063	Probe of StartUp failed with status code: 1
2026-05-31T17:19:02.6265014Z	biomes-node-vnet--0000063	Probe of StartUp failed with status code: 1
2026-05-31T17:19:03.6715246Z	biomes-node-vnet--0000063	Probe of StartUp failed with status code: 1
2026-05-31T17:19:04.6080742Z	biomes-node-vnet--0000063	Probe of StartUp failed with status code: 1
2026-05-31T17:19:05.6700943Z	biomes-node-vnet--0000063	Probe of StartUp failed with status code: 1
2026-05-31T17:19:06.6396409Z	biomes-node-vnet--0000063	Probe of StartUp failed with status code: 1
2026-05-31T17:19:07.6085847Z	biomes-node-vnet--0000063	Probe of StartUp failed with status code: 1
2026-05-31T17:19:08.6046678Z	biomes-node-vnet--0000063	Probe of StartUp failed with status code: 1
2026-05-31T17:19:09.6692854Z	biomes-node-vnet--0000063	Probe of StartUp failed with status code: 1
2026-05-31T17:19:10.6107626Z	biomes-node-vnet--0000063	Probe of StartUp failed with status code: 1
2026-05-31T17:19:11.6144785Z	biomes-node-vnet--0000063	Probe of StartUp failed with status code: 1
2026-05-31T17:19:12.6914265Z	biomes-node-vnet--0000063	Probe of StartUp failed with status code: 1
2026-05-31T17:19:13.662048Z	biomes-node-vnet--0000063	Probe of StartUp failed with status code: 1
2026-05-31T17:19:14.624182Z	biomes-node-vnet--0000063	Probe of StartUp failed with status code: 1
2026-05-31T17:19:15.6172673Z	biomes-node-vnet--0000063	Probe of StartUp failed with status code: 1
2026-05-31T17:19:16.9222651Z	biomes-node-vnet--0000063	Probe of StartUp failed with status code: 1
2026-05-31T17:19:17.6609328Z	biomes-node-vnet--0000063	Probe of StartUp failed with status code: 1
2026-05-31T17:19:18.6102464Z	biomes-node-vnet--0000063	Probe of StartUp failed with status code: 1
2026-05-31T17:19:19.6033324Z	biomes-node-vnet--0000063	Probe of StartUp failed with status code: 1
2026-05-31T17:19:20.6159138Z	biomes-node-vnet--0000063	Probe of StartUp failed with status code: 1
2026-05-31T17:19:21.6379099Z	biomes-node-vnet--0000063	Probe of StartUp failed with status code: 1
2026-05-31T17:19:22.6351004Z	biomes-node-vnet--0000063	Probe of StartUp failed with status code: 1
2026-05-31T17:19:23.6146188Z	biomes-node-vnet--0000063	Probe of StartUp failed with status code: 1
2026-05-31T17:19:24.6356953Z	biomes-node-vnet--0000063	Probe of StartUp failed with status code: 1
2026-05-31T17:19:25.6506484Z	biomes-node-vnet--0000063	Probe of StartUp failed with status code: 1
2026-05-31T17:19:26.6229082Z	biomes-node-vnet--0000063	Probe of StartUp failed with status code: 1
2026-05-31T17:19:27.6564396Z	biomes-node-vnet--0000063	Probe of StartUp failed with status code: 1
2026-05-31T17:19:28.8826671Z	biomes-node-vnet--0000063	Probe of StartUp failed with status code: 1
2026-05-31T17:19:29.6214108Z	biomes-node-vnet--0000063	Probe of StartUp failed with status code: 1
2026-05-31T17:19:30.6464326Z	biomes-node-vnet--0000063	Probe of StartUp failed with status code: 1
2026-05-31T17:19:31.6811324Z	biomes-node-vnet--0000063	Probe of StartUp failed with status code: 1
2026-05-31T17:19:32.7283884Z	biomes-node-vnet--0000063	Probe of StartUp failed with status code: 1
2026-05-31T17:19:33.6084575Z	biomes-node-vnet--0000063	Probe of StartUp failed with status code: 1
2026-05-31T17:19:34.7414977Z	biomes-node-vnet--0000063	Probe of StartUp failed with status code: 1
2026-05-31T17:19:35.6137959Z	biomes-node-vnet--0000063	Probe of StartUp failed with status code: 1
2026-05-31T17:19:36.6348033Z	biomes-node-vnet--0000063	Probe of StartUp failed with status code: 1
2026-05-31T17:19:37.6133528Z	biomes-node-vnet--0000063	Probe of StartUp failed with status code: 1
2026-05-31T17:19:38.6416893Z	biomes-node-vnet--0000063	Probe of StartUp failed with status code: 1
2026-05-31T17:19:39.6479112Z	biomes-node-vnet--0000063	Probe of StartUp failed with status code: 1
2026-05-31T17:19:40.627576Z	biomes-node-vnet--0000063	Probe of StartUp failed with status code: 1
2026-05-31T17:19:41.6138346Z	biomes-node-vnet--0000063	Probe of StartUp failed with status code: 1
2026-05-31T17:19:42.6391224Z	biomes-node-vnet--0000063	Probe of StartUp failed with status code: 1
2026-05-31T17:19:43.7250723Z	biomes-node-vnet--0000063	Probe of StartUp failed with status code: 1
2026-05-31T17:19:44.6139395Z	biomes-node-vnet--0000063	Probe of StartUp failed with status code: 1
2026-05-31T17:19:45.6195827Z	biomes-node-vnet--0000063	Probe of StartUp failed with status code: 1
2026-05-31T17:19:46.6500364Z	biomes-node-vnet--0000063	Probe of StartUp failed with status code: 1
2026-05-31T17:19:47.6897325Z	biomes-node-vnet--0000063	Probe of StartUp failed with status code: 1
2026-05-31T17:19:48.63514Z	biomes-node-vnet--0000063	Probe of StartUp failed with status code: 1
2026-05-31T17:19:49.6430227Z	biomes-node-vnet--0000063	Probe of StartUp failed with status code: 1
2026-05-31T17:19:50.6255319Z	biomes-node-vnet--0000063	Probe of StartUp failed with status code: 1
2026-05-31T17:19:51.6104895Z	biomes-node-vnet--0000063	Probe of StartUp failed with status code: 1
2026-05-31T17:19:52.6668629Z	biomes-node-vnet--0000063	Probe of StartUp failed with status code: 1
2026-05-31T17:19:53.619934Z	biomes-node-vnet--0000063	Probe of StartUp failed with status code: 1
2026-05-31T17:19:54.6086912Z	biomes-node-vnet--0000063	Probe of StartUp failed with status code: 1
2026-05-31T17:19:55.6272153Z	biomes-node-vnet--0000063	Probe of StartUp failed with status code: 1
2026-05-31T17:19:56.6962893Z	biomes-node-vnet--0000063	Probe of StartUp failed with status code: 1
2026-05-31T17:19:57.7180717Z	biomes-node-vnet--0000063	Probe of StartUp failed with status code: 1
2026-05-31T17:19:58.6823007Z	biomes-node-vnet--0000063	Probe of StartUp failed with status code: 1
2026-05-31T17:19:59.6517233Z	biomes-node-vnet--0000063	Probe of StartUp failed with status code: 1
2026-05-31T17:20:00.6464306Z	biomes-node-vnet--0000063	Probe of StartUp failed with status code: 1
2026-05-31T17:20:01.6433311Z	biomes-node-vnet--0000063	Probe of StartUp failed with status code: 1
2026-05-31T17:20:02.6269145Z	biomes-node-vnet--0000063	Probe of StartUp failed with status code: 1
2026-05-31T17:20:03.6242101Z	biomes-node-vnet--0000063	Probe of StartUp failed with status code: 1
2026-05-31T17:20:04.6354215Z	biomes-node-vnet--0000063	Probe of StartUp failed with status code: 1
2026-05-31T17:20:05.6052465Z	biomes-node-vnet--0000063	Probe of StartUp failed with status code: 1
2026-05-31T17:20:06.6079945Z	biomes-node-vnet--0000063	Probe of StartUp failed with status code: 1
2026-05-31T17:20:07.7246339Z	biomes-node-vnet--0000063	Probe of StartUp failed with status code: 1
2026-05-31T17:20:08.6209889Z	biomes-node-vnet--0000063	Probe of StartUp failed with status code: 1
2026-05-31T17:20:09.622841Z	biomes-node-vnet--0000063	Probe of StartUp failed with status code: 1
2026-05-31T17:20:10.6328115Z	biomes-node-vnet--0000063	Probe of StartUp failed with status code: 1
2026-05-31T17:20:11.6138393Z	biomes-node-vnet--0000063	Probe of StartUp failed with status code: 1
2026-05-31T17:20:12.6423516Z	biomes-node-vnet--0000063	Probe of StartUp failed with status code: 1
2026-05-31T17:20:13.6457255Z	biomes-node-vnet--0000063	Probe of StartUp failed with status code: 1
2026-05-31T17:20:14.834984Z	biomes-node-vnet--0000063	Probe of StartUp failed with status code: 1
2026-05-31T17:20:15.6424088Z	biomes-node-vnet--0000063	Probe of StartUp failed with status code: 1
2026-05-31T17:20:16.6314617Z	biomes-node-vnet--0000063	Probe of StartUp failed with status code: 1
2026-05-31T17:20:17.7424613Z	biomes-node-vnet--0000063	Probe of StartUp failed with status code: 1
2026-05-31T17:20:18.6313634Z	biomes-node-vnet--0000063	Probe of StartUp failed with status code: 1
2026-05-31T17:20:19.630621Z	biomes-node-vnet--0000063	Probe of StartUp failed with status code: 1
2026-05-31T17:20:20.6227865Z	biomes-node-vnet--0000063	Probe of StartUp failed with status code: 1
2026-05-31T17:20:21.6154842Z	biomes-node-vnet--0000063	Probe of StartUp failed with status code: 1
2026-05-31T17:20:22.6192941Z	biomes-node-vnet--0000063	Probe of StartUp failed with status code: 1
2026-05-31T17:20:23.6529113Z	biomes-node-vnet--0000063	Probe of StartUp failed with status code: 1
2026-05-31T17:20:24.6095514Z	biomes-node-vnet--0000063	Probe of StartUp failed with status code: 1
2026-05-31T17:20:25.7870683Z	biomes-node-vnet--0000063	Probe of StartUp failed with status code: 1
2026-05-31T17:20:26.6443759Z	biomes-node-vnet--0000063	Probe of StartUp failed with status code: 1
2026-05-31T17:20:27.6447021Z	biomes-node-vnet--0000063	Probe of StartUp failed with status code: 1
2026-05-31T17:20:28.6139934Z	biomes-node-vnet--0000063	Probe of StartUp failed with status code: 1
2026-05-31T17:20:29.6497165Z	biomes-node-vnet--0000063	Probe of StartUp failed with status code: 1
2026-05-31T17:20:30.7083711Z	biomes-node-vnet--0000063	Probe of StartUp failed with status code: 1
2026-05-31T17:20:31.6181953Z	biomes-node-vnet--0000063	Probe of StartUp failed with status code: 1
2026-05-31T17:20:32.6983793Z	biomes-node-vnet--0000063	Probe of StartUp failed with status code: 1
2026-05-31T17:20:33.6470939Z	biomes-node-vnet--0000063	Probe of StartUp failed with status code: 1
2026-05-31T17:20:34.6508492Z	biomes-node-vnet--0000063	Probe of StartUp failed with status code: 1
2026-05-31T17:20:35.6440182Z	biomes-node-vnet--0000063	Probe of StartUp failed with status code: 1
2026-05-31T17:20:36.6003466Z	biomes-node-vnet--0000063	Probe of StartUp failed with status code: 1
2026-05-31T17:20:37.5763765Z	biomes-node-vnet--0000063	Probe of StartUp failed with status code: 1
2026-05-31T17:20:38.6210364Z	biomes-node-vnet--0000063	Probe of StartUp failed with status code: 1
2026-05-31T17:20:39.5922781Z	biomes-node-vnet--0000063	Probe of StartUp failed with status code: 1
2026-05-31T17:20:40.6238737Z	biomes-node-vnet--0000063	Probe of StartUp failed with status code: 1
2026-05-31T17:20:41.8973842Z	biomes-node-vnet--0000063	Probe of StartUp failed with status code: 1
2026-05-31T17:20:42.6461181Z	biomes-node-vnet--0000063	Probe of StartUp failed with status code: 1
2026-05-31T17:20:43.5929204Z	biomes-node-vnet--0000063	Probe of StartUp failed with status code: 1
2026-05-31T17:20:44.7583196Z	biomes-node-vnet--0000063	Probe of StartUp failed with status code: 1
2026-05-31T17:20:45.6100347Z	biomes-node-vnet--0000063	Probe of StartUp failed with status code: 1
2026-05-31T17:20:46.5782264Z	biomes-node-vnet--0000063	Probe of StartUp failed with status code: 1
2026-05-31T17:20:47.6232488Z	biomes-node-vnet--0000063	Probe of StartUp failed with status code: 1
2026-05-31T17:20:48.5979981Z	biomes-node-vnet--0000063	Probe of StartUp failed with status code: 1
2026-05-31T17:20:49.6227679Z	biomes-node-vnet--0000063	Probe of StartUp failed with status code: 1
2026-05-31T17:20:50.7408417Z	biomes-node-vnet--0000063	Probe of StartUp failed with status code: 1
2026-05-31T17:20:51.8214118Z	biomes-node-vnet--0000063	Probe of StartUp failed with status code: 1
2026-05-31T17:20:52.6329127Z	biomes-node-vnet--0000063	Probe of StartUp failed with status code: 1
2026-05-31T17:20:53.6066648Z	biomes-node-vnet--0000063	Probe of StartUp failed with status code: 1
2026-05-31T17:20:54.5939723Z	biomes-node-vnet--0000063	Probe of StartUp failed with status code: 1
2026-05-31T17:20:55.6465215Z	biomes-node-vnet--0000063	Probe of StartUp failed with status code: 1
2026-05-31T17:20:56.6691987Z	biomes-node-vnet--0000063	Probe of StartUp failed with status code: 1
2026-05-31T17:20:57.6488812Z	biomes-node-vnet--0000063	Probe of StartUp failed with status code: 1
2026-05-31T17:20:58.6046695Z	biomes-node-vnet--0000063	Probe of StartUp failed with status code: 1
2026-05-31T17:20:59.6140077Z	biomes-node-vnet--0000063	Probe of StartUp failed with status code: 1
2026-05-31T17:21:00.6123113Z	biomes-node-vnet--0000063	Probe of StartUp failed with status code: 1
2026-05-31T17:21:01.7328627Z	biomes-node-vnet--0000063	Probe of StartUp failed with status code: 1
2026-05-31T17:21:02.7022315Z	biomes-node-vnet--0000063	Probe of StartUp failed with status code: 1
2026-05-31T17:21:03.5808535Z	biomes-node-vnet--0000063	Probe of StartUp failed with status code: 1
2026-05-31T17:21:04.6251391Z	biomes-node-vnet--0000063	Probe of StartUp failed with status code: 1
2026-05-31T17:21:05.636055Z	biomes-node-vnet--0000063	Probe of StartUp failed with status code: 1
2026-05-31T17:21:06.6934868Z	biomes-node-vnet--0000063	Probe of StartUp failed with status code: 1
2026-05-31T17:21:07.6034386Z	biomes-node-vnet--0000063	Probe of StartUp failed with status code: 1
2026-05-31T17:21:08.6172395Z	biomes-node-vnet--0000063	Probe of StartUp failed with status code: 1
2026-05-31T17:21:09.6437301Z	biomes-node-vnet--0000063	Probe of StartUp failed with status code: 1
2026-05-31T17:21:10.5894125Z	biomes-node-vnet--0000063	Probe of StartUp failed with status code: 1
2026-05-31T17:21:11.6833902Z	biomes-node-vnet--0000063	Probe of StartUp failed with status code: 1
2026-05-31T17:21:12.6169608Z	biomes-node-vnet--0000063	Probe of StartUp failed with status code: 1
2026-05-31T17:21:13.5851743Z	biomes-node-vnet--0000063	Probe of StartUp failed with status code: 1
2026-05-31T17:21:14.5955778Z	biomes-node-vnet--0000063	Probe of StartUp failed with status code: 1
2026-05-31T17:21:15.5919187Z	biomes-node-vnet--0000063	Probe of StartUp failed with status code: 1
2026-05-31T17:21:17.1115137Z	biomes-node-vnet--0000063	Probe of StartUp failed with status code: 1
2026-05-31T17:21:17.59956Z	biomes-node-vnet--0000063	Probe of StartUp failed with status code: 1
2026-05-31T17:21:18.713536Z	biomes-node-vnet--0000063	Probe of StartUp failed with status code: 1
2026-05-31T17:21:19.6315779Z	biomes-node-vnet--0000063	Probe of StartUp failed with status code: 1
2026-05-31T17:21:21.6640231Z	biomes-node-vnet--0000063	Probe of StartUp failed with status code: 1
2026-05-31T17:21:21.6640231Z	biomes-node-vnet--0000063	Probe of StartUp failed with status code: 1
2026-05-31T17:21:22.6201304Z	biomes-node-vnet--0000063	Probe of StartUp failed with status code: 1
2026-05-31T17:21:23.641988Z	biomes-node-vnet--0000063	Probe of StartUp failed with status code: 1
2026-05-31T17:21:24.5874322Z	biomes-node-vnet--0000063	Probe of StartUp failed with status code: 1
2026-05-31T17:21:25.6206156Z	biomes-node-vnet--0000063	Probe of StartUp failed with status code: 1
2026-05-31T17:21:26.7451124Z	biomes-node-vnet--0000063	Probe of StartUp failed with status code: 1
2026-05-31T17:21:27.7975158Z	biomes-node-vnet--0000063	Probe of StartUp failed with status code: 1
2026-05-31T17:21:28.65776Z	biomes-node-vnet--0000063	Probe of StartUp failed with status code: 1
2026-05-31T17:21:29.608016Z	biomes-node-vnet--0000063	Probe of StartUp failed with status code: 1
2026-05-31T17:21:30.6531334Z	biomes-node-vnet--0000063	Probe of StartUp failed with status code: 1
2026-05-31T17:21:31.5766821Z	biomes-node-vnet--0000063	Probe of StartUp failed with status code: 1
2026-05-31T17:21:32.7585239Z	biomes-node-vnet--0000063	Probe of StartUp failed with status code: 1
2026-05-31T17:21:33.6526182Z	biomes-node-vnet--0000063	Probe of StartUp failed with status code: 1
2026-05-31T17:21:34.6522392Z	biomes-node-vnet--0000063	Probe of StartUp failed with status code: 1
2026-05-31T17:21:35.5747446Z	biomes-node-vnet--0000063	Probe of StartUp failed with status code: 1
2026-05-31T17:21:36.5812351Z	biomes-node-vnet--0000063	Probe of StartUp failed with status code: 1
2026-05-31T17:21:37.6536416Z	biomes-node-vnet--0000063	Probe of StartUp failed with status code: 1
2026-05-31T17:21:38.6039223Z	biomes-node-vnet--0000063	Probe of StartUp failed with status code: 1
2026-05-31T17:21:39.6133864Z	biomes-node-vnet--0000063	Probe of StartUp failed with status code: 1
2026-05-31T17:21:40.6615579Z	biomes-node-vnet--0000063	Probe of StartUp failed with status code: 1
2026-05-31T17:21:41.620371Z	biomes-node-vnet--0000063	Probe of StartUp failed with status code: 1
2026-05-31T17:21:42.6096236Z	biomes-node-vnet--0000063	Probe of StartUp failed with status code: 1
2026-05-31T17:21:43.6448886Z	biomes-node-vnet--0000063	Probe of StartUp failed with status code: 1
2026-05-31T17:21:44.611096Z	biomes-node-vnet--0000063	Probe of StartUp failed with status code: 1
2026-05-31T17:21:45.5882786Z	biomes-node-vnet--0000063	Probe of StartUp failed with status code: 1
2026-05-31T17:21:46.6657667Z	biomes-node-vnet--0000063	Probe of StartUp failed with status code: 1
2026-05-31T17:21:47.8930614Z	biomes-node-vnet--0000063	Probe of StartUp failed with status code: 1
2026-05-31T17:21:48.586589Z	biomes-node-vnet--0000063	Probe of StartUp failed with status code: 1
2026-05-31T17:21:49.5989499Z	biomes-node-vnet--0000063	Probe of StartUp failed with status code: 1
2026-05-31T17:21:51.2732149Z	biomes-node-vnet--0000063	Probe of StartUp failed with status code: 1
2026-05-31T17:21:54.6215457Z	biomes-node-vnet--0000063	Updating revision : biomes-node-vnet--0000063
2026-05-31T17:21:55.6677307Z	biomes-node-vnet--0000063	Successfully provisioned revision 'biomes-node-vnet--0000063'
2026-05-31T17:21:55.6677307Z		Setting a traffic weight of '100%' for revision 'biomes-node-vnet--0000062'
2026-05-31T17:22:02.6327148Z	biomes-node-vnet--0000063	Probe of Liveness failed with status code: 1
2026-05-31T17:22:02.6327148Z	biomes-node-vnet--0000063	Probe of Readiness failed with status code: 1
2026-05-31T17:22:23.5796946Z	biomes-node-vnet--0000063	Probe of StartUp failed with status code: 1
2026-05-31T17:22:24.6002171Z	biomes-node-vnet--0000063	Probe of StartUp failed with status code: 1
2026-05-31T17:22:25.5991192Z	biomes-node-vnet--0000063	Probe of StartUp failed with status code: 1
2026-05-31T17:22:26.6112001Z	biomes-node-vnet--0000063	Probe of StartUp failed with status code: 1
2026-05-31T17:22:27.6799959Z	biomes-node-vnet--0000063	Probe of StartUp failed with status code: 1
2026-05-31T17:22:28.7959785Z	biomes-node-vnet--0000063	Probe of StartUp failed with status code: 1
2026-05-31T17:22:29.5800704Z	biomes-node-vnet--0000063	Probe of StartUp failed with status code: 1
2026-05-31T17:22:30.6020664Z	biomes-node-vnet--0000063	Probe of StartUp failed with status code: 1
2026-05-31T17:22:31.6396254Z	biomes-node-vnet--0000063	Probe of StartUp failed with status code: 1
2026-05-31T17:22:32.6019331Z	biomes-node-vnet--0000063	Probe of StartUp failed with status code: 1
2026-05-31T17:22:33.5981177Z	biomes-node-vnet--0000063	Probe of StartUp failed with status code: 1
2026-05-31T17:22:34.6496837Z	biomes-node-vnet--0000063	Probe of StartUp failed with status code: 1
2026-05-31T17:22:35.6996231Z	biomes-node-vnet--0000063	Probe of StartUp failed with status code: 1
2026-05-31T17:22:36.5847987Z	biomes-node-vnet--0000063	Probe of StartUp failed with status code: 1
2026-05-31T17:22:37.6492587Z	biomes-node-vnet--0000063	Probe of StartUp failed with status code: 1
2026-05-31T17:22:38.8316776Z	biomes-node-vnet--0000063	Probe of StartUp failed with status code: 1
2026-05-31T17:22:39.6190864Z	biomes-node-vnet--0000063	Probe of StartUp failed with status code: 1
2026-05-31T17:22:40.5972553Z	biomes-node-vnet--0000063	Probe of StartUp failed with status code: 1
2026-05-31T17:22:41.638316Z	biomes-node-vnet--0000063	Probe of StartUp failed with status code: 1
2026-05-31T17:22:42.7039953Z	biomes-node-vnet--0000063	Probe of StartUp failed with status code: 1
2026-05-31T17:22:43.5821839Z	biomes-node-vnet--0000063	Probe of StartUp failed with status code: 1
2026-05-31T17:22:44.6859871Z	biomes-node-vnet--0000063	Probe of StartUp failed with status code: 1
2026-05-31T17:22:45.5956948Z	biomes-node-vnet--0000063	Probe of StartUp failed with status code: 1
2026-05-31T17:22:46.6339375Z	biomes-node-vnet--0000063	Probe of StartUp failed with status code: 1
2026-05-31T17:22:47.6426805Z	biomes-node-vnet--0000063	Probe of StartUp failed with status code: 1
2026-05-31T17:22:48.6788955Z	biomes-node-vnet--0000063	Probe of StartUp failed with status code: 1
2026-05-31T17:22:49.6526374Z	biomes-node-vnet--0000063	Probe of StartUp failed with status code: 1
2026-05-31T17:22:51.0508721Z	biomes-node-vnet--0000063	Probe of StartUp failed with status code: 1
2026-05-31T17:22:51.6114038Z	biomes-node-vnet--0000063	Probe of StartUp failed with status code: 1
2026-05-31T17:22:52.5883738Z	biomes-node-vnet--0000063	Probe of StartUp failed with status code: 1
2026-05-31T17:22:53.5909918Z	biomes-node-vnet--0000063	Probe of StartUp failed with status code: 1
2026-05-31T17:22:54.7334333Z	biomes-node-vnet--0000063	Probe of StartUp failed with status code: 1
2026-05-31T17:22:55.6520556Z	biomes-node-vnet--0000063	Probe of StartUp failed with status code: 1
2026-05-31T17:22:56.5819657Z	biomes-node-vnet--0000063	Probe of StartUp failed with status code: 1
2026-05-31T17:22:57.6095258Z	biomes-node-vnet--0000063	Probe of StartUp failed with status code: 1
2026-05-31T17:22:58.7146301Z	biomes-node-vnet--0000063	Probe of StartUp failed with status code: 1
2026-05-31T17:22:59.6926147Z	biomes-node-vnet--0000063	Probe of StartUp failed with status code: 1
2026-05-31T17:23:00.7011324Z	biomes-node-vnet--0000063	Probe of StartUp failed with status code: 1
2026-05-31T17:23:01.6642854Z	biomes-node-vnet--0000063	Probe of StartUp failed with status code: 1
2026-05-31T17:23:02.624636Z	biomes-node-vnet--0000063	Probe of StartUp failed with status code: 1
2026-05-31T17:23:03.7055553Z	biomes-node-vnet--0000063	Probe of StartUp failed with status code: 1
2026-05-31T17:23:04.6776598Z	biomes-node-vnet--0000063	Probe of StartUp failed with status code: 1
2026-05-31T17:23:05.6507815Z	biomes-node-vnet--0000063	Probe of StartUp failed with status code: 1
2026-05-31T17:23:06.7747208Z	biomes-node-vnet--0000063	Probe of StartUp failed with status code: 1
2026-05-31T17:23:07.585777Z	biomes-node-vnet--0000063	Probe of StartUp failed with status code: 1
2026-05-31T17:23:08.6046754Z	biomes-node-vnet--0000063	Probe of StartUp failed with status code: 1
2026-05-31T17:23:09.6070102Z	biomes-node-vnet--0000063	Probe of StartUp failed with status code: 1
2026-05-31T17:23:10.6294921Z	biomes-node-vnet--0000063	Probe of StartUp failed with status code: 1
2026-05-31T17:23:11.6182883Z	biomes-node-vnet--0000063	Probe of StartUp failed with status code: 1
2026-05-31T17:23:12.7615514Z	biomes-node-vnet--0000063	Probe of StartUp failed with status code: 1
2026-05-31T17:23:13.6007709Z	biomes-node-vnet--0000063	Probe of StartUp failed with status code: 1
2026-05-31T17:23:14.6226398Z	biomes-node-vnet--0000063	Probe of StartUp failed with status code: 1
2026-05-31T17:23:15.5938725Z	biomes-node-vnet--0000063	Probe of StartUp failed with status code: 1
2026-05-31T17:23:16.5990644Z	biomes-node-vnet--0000063	Probe of StartUp failed with status code: 1
2026-05-31T17:23:17.6055376Z	biomes-node-vnet--0000063	Probe of StartUp failed with status code: 1
2026-05-31T17:23:18.5531859Z	biomes-node-vnet--0000063	Probe of StartUp failed with status code: 1
2026-05-31T17:23:19.5853812Z	biomes-node-vnet--0000063	Probe of StartUp failed with status code: 1
2026-05-31T17:23:20.6261637Z	biomes-node-vnet--0000063	Probe of StartUp failed with status code: 1
2026-05-31T17:23:21.6769594Z	biomes-node-vnet--0000063	Probe of StartUp failed with status code: 1
2026-05-31T17:23:22.6304888Z	biomes-node-vnet--0000063	Probe of StartUp failed with status code: 1
2026-05-31T17:23:23.6735619Z	biomes-node-vnet--0000063	Probe of StartUp failed with status code: 1
2026-05-31T17:23:24.6565325Z	biomes-node-vnet--0000063	Probe of StartUp failed with status code: 1
2026-05-31T17:23:25.6568481Z	biomes-node-vnet--0000063	Probe of StartUp failed with status code: 1
2026-05-31T17:23:26.6600784Z	biomes-node-vnet--0000063	Probe of StartUp failed with status code: 1
2026-05-31T17:23:27.6406285Z	biomes-node-vnet--0000063	Probe of StartUp failed with status code: 1
2026-05-31T17:23:28.5859865Z	biomes-node-vnet--0000063	Probe of StartUp failed with status code: 1
2026-05-31T17:23:29.6456184Z	biomes-node-vnet--0000063	Probe of StartUp failed with status code: 1
2026-05-31T17:23:30.6192996Z	biomes-node-vnet--0000063	Probe of StartUp failed with status code: 1
2026-05-31T17:23:31.6265515Z	biomes-node-vnet--0000063	Probe of StartUp failed with status code: 1
2026-05-31T17:23:32.6500514Z	biomes-node-vnet--0000063	Probe of StartUp failed with status code: 1
2026-05-31T17:23:33.6399394Z	biomes-node-vnet--0000063	Probe of StartUp failed with status code: 1
2026-05-31T17:23:34.6251634Z	biomes-node-vnet--0000063	Probe of StartUp failed with status code: 1
2026-05-31T17:23:35.636361Z	biomes-node-vnet--0000063	Probe of StartUp failed with status code: 1
2026-05-31T17:23:36.5845678Z	biomes-node-vnet--0000063	Probe of StartUp failed with status code: 1
2026-05-31T17:23:37.5948949Z	biomes-node-vnet--0000063	Probe of StartUp failed with status code: 1
2026-05-31T17:23:38.6920598Z	biomes-node-vnet--0000063	Probe of StartUp failed with status code: 1
2026-05-31T17:23:39.6234391Z	biomes-node-vnet--0000063	Probe of StartUp failed with status code: 1
2026-05-31T17:23:40.6773049Z	biomes-node-vnet--0000063	Probe of StartUp failed with status code: 1
2026-05-31T17:23:41.6418425Z	biomes-node-vnet--0000063	Probe of StartUp failed with status code: 1
2026-05-31T17:23:42.6039077Z	biomes-node-vnet--0000063	Probe of StartUp failed with status code: 1
2026-05-31T17:23:43.7048068Z	biomes-node-vnet--0000063	Probe of StartUp failed with status code: 1
2026-05-31T17:23:44.5826412Z	biomes-node-vnet--0000063	Probe of StartUp failed with status code: 1
2026-05-31T17:23:45.5952233Z	biomes-node-vnet--0000063	Probe of StartUp failed with status code: 1
2026-05-31T17:23:46.6029864Z	biomes-node-vnet--0000063	Probe of StartUp failed with status code: 1
2026-05-31T17:23:47.5427031Z	biomes-node-vnet--0000063	Probe of StartUp failed with status code: 1
2026-05-31T17:23:48.6080729Z	biomes-node-vnet--0000063	Probe of StartUp failed with status code: 1
2026-05-31T17:23:49.6122115Z	biomes-node-vnet--0000063	Probe of StartUp failed with status code: 1
2026-05-31T17:23:50.6390183Z	biomes-node-vnet--0000063	Probe of StartUp failed with status code: 1
2026-05-31T17:23:51.7304355Z	biomes-node-vnet--0000063	Probe of StartUp failed with status code: 1
2026-05-31T17:23:52.6006148Z	biomes-node-vnet--0000063	Probe of StartUp failed with status code: 1
2026-05-31T17:23:53.6265934Z	biomes-node-vnet--0000063	Probe of StartUp failed with status code: 1
2026-05-31T17:23:54.6731032Z	biomes-node-vnet--0000063	Probe of StartUp failed with status code: 1
2026-05-31T17:23:55.6454551Z	biomes-node-vnet--0000063	Probe of StartUp failed with status code: 1
2026-05-31T17:23:56.6169963Z	biomes-node-vnet--0000063	Probe of StartUp failed with status code: 1
2026-05-31T17:23:57.6018614Z	biomes-node-vnet--0000063	Probe of StartUp failed with status code: 1
2026-05-31T17:23:58.7183879Z	biomes-node-vnet--0000063	Probe of StartUp failed with status code: 1
2026-05-31T17:23:59.6909319Z	biomes-node-vnet--0000063	Probe of StartUp failed with status code: 1
2026-05-31T17:24:00.5972042Z	biomes-node-vnet--0000063	Probe of StartUp failed with status code: 1
2026-05-31T17:24:01.6225489Z	biomes-node-vnet--0000063	Probe of StartUp failed with status code: 1
2026-05-31T17:24:02.6263323Z	biomes-node-vnet--0000063	Probe of StartUp failed with status code: 1
2026-05-31T17:24:03.7297931Z	biomes-node-vnet--0000063	Probe of StartUp failed with status code: 1
2026-05-31T17:24:04.6439266Z	biomes-node-vnet--0000063	Probe of StartUp failed with status code: 1
2026-05-31T17:24:05.6279169Z	biomes-node-vnet--0000063	Probe of StartUp failed with status code: 1
2026-05-31T17:24:06.6546748Z	biomes-node-vnet--0000063	Probe of StartUp failed with status code: 1
2026-05-31T17:24:07.6055109Z	biomes-node-vnet--0000063	Probe of StartUp failed with status code: 1
2026-05-31T17:24:08.6312624Z	biomes-node-vnet--0000063	Probe of StartUp failed with status code: 1
2026-05-31T17:24:09.5781158Z	biomes-node-vnet--0000063	Probe of StartUp failed with status code: 1
2026-05-31T17:24:10.6595739Z	biomes-node-vnet--0000063	Probe of StartUp failed with status code: 1
2026-05-31T17:24:11.6471Z	biomes-node-vnet--0000063	Probe of StartUp failed with status code: 1
2026-05-31T17:24:12.6327316Z	biomes-node-vnet--0000063	Probe of StartUp failed with status code: 1
2026-05-31T17:24:13.7059253Z	biomes-node-vnet--0000063	Probe of StartUp failed with status code: 1
2026-05-31T17:24:14.6687977Z	biomes-node-vnet--0000063	Probe of StartUp failed with status code: 1
2026-05-31T17:24:15.6338445Z	biomes-node-vnet--0000063	Probe of StartUp failed with status code: 1
2026-05-31T17:24:16.6286008Z	biomes-node-vnet--0000063	Probe of StartUp failed with status code: 1
2026-05-31T17:24:17.6835916Z	biomes-node-vnet--0000063	Probe of StartUp failed with status code: 1
2026-05-31T17:24:18.6399896Z	biomes-node-vnet--0000063	Probe of StartUp failed with status code: 1
2026-05-31T17:24:20.2514693Z	biomes-node-vnet--0000063	Probe of StartUp failed with status code: 1
2026-05-31T17:24:20.6262743Z	biomes-node-vnet--0000063	Probe of StartUp failed with status code: 1
2026-05-31T17:24:21.6418825Z	biomes-node-vnet--0000063	Probe of StartUp failed with status code: 1
2026-05-31T17:24:22.6208828Z	biomes-node-vnet--0000063	Probe of StartUp failed with status code: 1
2026-05-31T17:24:23.672979Z	biomes-node-vnet--0000063	Probe of StartUp failed with status code: 1
2026-05-31T17:24:24.7125302Z	biomes-node-vnet--0000063	Probe of StartUp failed with status code: 1
2026-05-31T17:24:25.6449115Z	biomes-node-vnet--0000063	Probe of StartUp failed with status code: 1
2026-05-31T17:24:26.6522627Z	biomes-node-vnet--0000063	Probe of StartUp failed with status code: 1
2026-05-31T17:24:27.6296162Z	biomes-node-vnet--0000063	Probe of StartUp failed with status code: 1
2026-05-31T17:24:28.6578994Z	biomes-node-vnet--0000063	Probe of StartUp failed with status code: 1
2026-05-31T17:24:29.6243728Z	biomes-node-vnet--0000063	Probe of StartUp failed with status code: 1
2026-05-31T17:24:30.638332Z	biomes-node-vnet--0000063	Probe of StartUp failed with status code: 1
2026-05-31T17:24:31.9642734Z	biomes-node-vnet--0000063	Probe of StartUp failed with status code: 1
2026-05-31T17:24:32.6672034Z	biomes-node-vnet--0000063	Probe of StartUp failed with status code: 1
2026-05-31T17:24:33.6710758Z	biomes-node-vnet--0000063	Probe of StartUp failed with status code: 1
2026-05-31T17:24:34.5894542Z	biomes-node-vnet--0000063	Probe of StartUp failed with status code: 1
2026-05-31T17:24:35.631322Z	biomes-node-vnet--0000063	Probe of StartUp failed with status code: 1
2026-05-31T17:24:36.6392912Z	biomes-node-vnet--0000063	Probe of StartUp failed with status code: 1
2026-05-31T17:24:37.6276273Z	biomes-node-vnet--0000063	Probe of StartUp failed with status code: 1
2026-05-31T17:24:38.6045413Z	biomes-node-vnet--0000063	Probe of StartUp failed with status code: 1
2026-05-31T17:24:39.6394055Z	biomes-node-vnet--0000063	Probe of StartUp failed with status code: 1
2026-05-31T17:24:40.6189162Z	biomes-node-vnet--0000063	Probe of StartUp failed with status code: 1
2026-05-31T17:24:41.6179318Z	biomes-node-vnet--0000063	Probe of StartUp failed with status code: 1
2026-05-31T17:24:42.6896701Z	biomes-node-vnet--0000063	Probe of StartUp failed with status code: 1
2026-05-31T17:24:43.6103092Z	biomes-node-vnet--0000063	Probe of StartUp failed with status code: 1
2026-05-31T17:24:44.5938491Z	biomes-node-vnet--0000063	Probe of StartUp failed with status code: 1
2026-05-31T17:24:45.6435638Z	biomes-node-vnet--0000063	Probe of StartUp failed with status code: 1
2026-05-31T17:24:46.587533Z	biomes-node-vnet--0000063	Probe of StartUp failed with status code: 1
2026-05-31T17:24:47.6960692Z	biomes-node-vnet--0000063	Probe of StartUp failed with status code: 1
2026-05-31T17:24:48.5976567Z	biomes-node-vnet--0000063	Probe of StartUp failed with status code: 1
2026-05-31T17:24:49.597876Z	biomes-node-vnet--0000063	Probe of StartUp failed with status code: 1
2026-05-31T17:24:50.6695921Z	biomes-node-vnet--0000063	Probe of StartUp failed with status code: 1
2026-05-31T17:24:51.6848559Z	biomes-node-vnet--0000063	Probe of StartUp failed with status code: 1
2026-05-31T17:24:52.6586325Z	biomes-node-vnet--0000063	Probe of StartUp failed with status code: 1
2026-05-31T17:24:53.6407842Z	biomes-node-vnet--0000063	Probe of StartUp failed with status code: 1
2026-05-31T17:24:54.6439098Z	biomes-node-vnet--0000063	Probe of StartUp failed with status code: 1
2026-05-31T17:24:55.6027793Z	biomes-node-vnet--0000063	Probe of StartUp failed with status code: 1
2026-05-31T17:24:56.6433679Z	biomes-node-vnet--0000063	Probe of StartUp failed with status code: 1
2026-05-31T17:24:57.603436Z	biomes-node-vnet--0000063	Probe of StartUp failed with status code: 1
2026-05-31T17:24:58.718912Z	biomes-node-vnet--0000063	Probe of StartUp failed with status code: 1
2026-05-31T17:24:59.7098976Z	biomes-node-vnet--0000063	Probe of StartUp failed with status code: 1
2026-05-31T17:25:00.5867321Z	biomes-node-vnet--0000063	Probe of StartUp failed with status code: 1
2026-05-31T17:25:01.6483878Z	biomes-node-vnet--0000063	Probe of StartUp failed with status code: 1
2026-05-31T17:25:02.632459Z	biomes-node-vnet--0000063	Probe of StartUp failed with status code: 1
2026-05-31T17:25:03.6429169Z	biomes-node-vnet--0000063	Probe of StartUp failed with status code: 1
2026-05-31T17:25:04.7303911Z	biomes-node-vnet--0000063	Probe of StartUp failed with status code: 1
2026-05-31T17:25:05.6500573Z	biomes-node-vnet--0000063	Probe of StartUp failed with status code: 1
2026-05-31T17:25:06.6127581Z	biomes-node-vnet--0000063	Probe of StartUp failed with status code: 1
2026-05-31T17:25:07.6378214Z	biomes-node-vnet--0000063	Probe of StartUp failed with status code: 1
2026-05-31T17:25:08.6065022Z	biomes-node-vnet--0000063	Probe of StartUp failed with status code: 1
2026-05-31T17:25:09.6409396Z	biomes-node-vnet--0000063	Probe of StartUp failed with status code: 1
2026-05-31T17:25:10.652708Z	biomes-node-vnet--0000063	Probe of StartUp failed with status code: 1
2026-05-31T17:26:03.6302797Z	biomes-node-vnet--0000063	Probe of StartUp failed with status code: 1
2026-05-31T17:26:04.6370622Z	biomes-node-vnet--0000063	Probe of StartUp failed with status code: 1
2026-05-31T17:26:05.6319844Z	biomes-node-vnet--0000063	Probe of StartUp failed with status code: 1
2026-05-31T17:26:06.6109848Z	biomes-node-vnet--0000063	Probe of StartUp failed with status code: 1
2026-05-31T17:26:07.6184861Z	biomes-node-vnet--0000063	Probe of StartUp failed with status code: 1
2026-05-31T17:26:08.6502573Z	biomes-node-vnet--0000063	Probe of StartUp failed with status code: 1
2026-05-31T17:26:09.6464654Z	biomes-node-vnet--0000063	Probe of StartUp failed with status code: 1
2026-05-31T17:26:10.6422038Z	biomes-node-vnet--0000063	Probe of StartUp failed with status code: 1
2026-05-31T17:26:11.6894427Z	biomes-node-vnet--0000063	Probe of StartUp failed with status code: 1
2026-05-31T17:26:12.634855Z	biomes-node-vnet--0000063	Probe of StartUp failed with status code: 1
2026-05-31T17:26:13.6174318Z	biomes-node-vnet--0000063	Probe of StartUp failed with status code: 1
2026-05-31T17:26:14.6628913Z	biomes-node-vnet--0000063	Probe of StartUp failed with status code: 1
2026-05-31T17:26:15.6315045Z	biomes-node-vnet--0000063	Probe of StartUp failed with status code: 1
2026-05-31T17:26:16.6355065Z	biomes-node-vnet--0000063	Probe of StartUp failed with status code: 1
2026-05-31T17:26:17.669087Z	biomes-node-vnet--0000063	Probe of StartUp failed with status code: 1
2026-05-31T17:26:18.6223289Z	biomes-node-vnet--0000063	Probe of StartUp failed with status code: 1
2026-05-31T17:26:19.6459525Z	biomes-node-vnet--0000063	Probe of StartUp failed with status code: 1
2026-05-31T17:26:20.6377372Z	biomes-node-vnet--0000063	Probe of StartUp failed with status code: 1
2026-05-31T17:26:21.6883228Z	biomes-node-vnet--0000063	Probe of StartUp failed with status code: 1
2026-05-31T17:26:22.6530997Z	biomes-node-vnet--0000063	Probe of StartUp failed with status code: 1
2026-05-31T17:26:23.6163746Z	biomes-node-vnet--0000063	Probe of StartUp failed with status code: 1
2026-05-31T17:26:25.653226Z	biomes-node-vnet--0000063	Probe of StartUp failed with status code: 1
2026-05-31T17:26:25.653226Z	biomes-node-vnet--0000063	Probe of StartUp failed with status code: 1
2026-05-31T17:26:26.5915287Z	biomes-node-vnet--0000063	Probe of StartUp failed with status code: 1
2026-05-31T17:26:27.624503Z	biomes-node-vnet--0000063	Probe of StartUp failed with status code: 1
2026-05-31T17:26:28.7315237Z	biomes-node-vnet--0000063	Probe of StartUp failed with status code: 1
2026-05-31T17:26:29.6506521Z	biomes-node-vnet--0000063	Probe of StartUp failed with status code: 1
2026-05-31T17:26:30.6574093Z	biomes-node-vnet--0000063	Probe of StartUp failed with status code: 1
2026-05-31T17:26:31.644809Z	biomes-node-vnet--0000063	Probe of StartUp failed with status code: 1
2026-05-31T17:26:32.6485762Z	biomes-node-vnet--0000063	Probe of StartUp failed with status code: 1
2026-05-31T17:26:33.6372714Z	biomes-node-vnet--0000063	Probe of StartUp failed with status code: 1
2026-05-31T17:26:34.8928886Z	biomes-node-vnet--0000063	Probe of StartUp failed with status code: 1
2026-05-31T17:26:35.6283691Z	biomes-node-vnet--0000063	Probe of StartUp failed with status code: 1
2026-05-31T17:26:36.6576345Z	biomes-node-vnet--0000063	Probe of StartUp failed with status code: 1
2026-05-31T17:26:37.6179639Z	biomes-node-vnet--0000063	Probe of StartUp failed with status code: 1
2026-05-31T17:26:39.6331595Z	biomes-node-vnet--0000063	Probe of StartUp failed with status code: 1
2026-05-31T17:26:40.6362717Z	biomes-node-vnet--0000063	Probe of StartUp failed with status code: 1
2026-05-31T17:26:41.6365725Z	biomes-node-vnet--0000063	Probe of StartUp failed with status code: 1
2026-05-31T17:26:42.6072694Z	biomes-node-vnet--0000063	Probe of StartUp failed with status code: 1
2026-05-31T17:26:43.6608267Z	biomes-node-vnet--0000063	Probe of StartUp failed with status code: 1
2026-05-31T17:26:44.6423575Z	biomes-node-vnet--0000063	Probe of StartUp failed with status code: 1
2026-05-31T17:26:45.6376488Z	biomes-node-vnet--0000063	Probe of StartUp failed with status code: 1
2026-05-31T17:26:46.647802Z	biomes-node-vnet--0000063	Probe of StartUp failed with status code: 1
2026-05-31T17:26:46.647802Z	biomes-node-vnet--0000063	Probe of StartUp failed with status code: 1
2026-05-31T17:26:47.6312983Z	biomes-node-vnet--0000063	Probe of StartUp failed with status code: 1
2026-05-31T17:26:48.6622068Z	biomes-node-vnet--0000063	Probe of StartUp failed with status code: 1
2026-05-31T17:26:50.6150382Z	biomes-node-vnet--0000063	Probe of StartUp failed with status code: 1
2026-05-31T17:26:50.6150382Z	biomes-node-vnet--0000063	Probe of StartUp failed with status code: 1
2026-05-31T17:26:51.6872122Z	biomes-node-vnet--0000063	Probe of StartUp failed with status code: 1
2026-05-31T17:26:53.627348Z	biomes-node-vnet--0000063	Probe of StartUp failed with status code: 1
2026-05-31T17:26:54.5941492Z	biomes-node-vnet--0000063	Probe of StartUp failed with status code: 1
2026-05-31T17:26:55.8216111Z	biomes-node-vnet--0000063	Probe of StartUp failed with status code: 1
2026-05-31T17:26:55.8216111Z	biomes-node-vnet--0000063	Probe of StartUp failed with status code: 1
2026-05-31T17:26:56.6468838Z	biomes-node-vnet--0000063	Probe of StartUp failed with status code: 1
2026-05-31T17:26:58.6086061Z	biomes-node-vnet--0000063	Probe of StartUp failed with status code: 1
2026-05-31T17:26:59.6646864Z	biomes-node-vnet--0000063	Probe of StartUp failed with status code: 1
2026-05-31T17:26:59.6646864Z	biomes-node-vnet--0000063	Probe of StartUp failed with status code: 1
2026-05-31T17:27:00.6284325Z	biomes-node-vnet--0000063	Probe of StartUp failed with status code: 1
2026-05-31T17:27:02.652028Z	biomes-node-vnet--0000063	Probe of StartUp failed with status code: 1
2026-05-31T17:27:02.652028Z	biomes-node-vnet--0000063	Probe of StartUp failed with status code: 1
2026-05-31T17:27:03.6130888Z	biomes-node-vnet--0000063	Probe of StartUp failed with status code: 1
2026-05-31T17:27:05.6384223Z	biomes-node-vnet--0000063	Probe of StartUp failed with status code: 1
2026-05-31T17:27:05.6384223Z	biomes-node-vnet--0000063	Probe of StartUp failed with status code: 1
2026-05-31T17:27:07.5977892Z	biomes-node-vnet--0000063	Probe of StartUp failed with status code: 1
2026-05-31T17:27:08.6678574Z	biomes-node-vnet--0000063	Probe of StartUp failed with status code: 1
2026-05-31T17:27:09.6005408Z	biomes-node-vnet--0000063	Probe of StartUp failed with status code: 1
2026-05-31T17:27:10.6683352Z	biomes-node-vnet--0000063	Probe of StartUp failed with status code: 1
2026-05-31T17:27:10.6683352Z	biomes-node-vnet--0000063	Probe of StartUp failed with status code: 1
2026-05-31T17:27:11.5973812Z	biomes-node-vnet--0000063	Probe of StartUp failed with status code: 1
2026-05-31T17:27:12.6516796Z	biomes-node-vnet--0000063	Probe of StartUp failed with status code: 1
2026-05-31T17:27:14.6036147Z	biomes-node-vnet--0000063	Probe of StartUp failed with status code: 1
2026-05-31T17:27:15.7441124Z	biomes-node-vnet--0000063	Probe of StartUp failed with status code: 1
2026-05-31T17:27:16.6324441Z	biomes-node-vnet--0000063	Probe of StartUp failed with status code: 1
2026-05-31T17:27:16.6324441Z	biomes-node-vnet--0000063	Probe of Readiness failed with status code: 1
2026-05-31T17:27:17.5901871Z	biomes-node-vnet--0000063	Probe of StartUp failed with status code: 1
2026-05-31T17:27:17.5901871Z	biomes-node-vnet--0000063	Probe of StartUp failed with status code: 1
2026-05-31T17:27:19.7037129Z	biomes-node-vnet--0000063	Probe of StartUp failed with status code: 1
2026-05-31T17:27:21.0788731Z	biomes-node-vnet--0000063	Probe of StartUp failed with status code: 1
2026-05-31T17:27:21.0788731Z	biomes-node-vnet--0000063	Probe of StartUp failed with status code: 1
2026-05-31T17:27:21.6422195Z	biomes-node-vnet--0000063	Probe of StartUp failed with status code: 1
2026-05-31T17:27:22.6508105Z	biomes-node-vnet--0000063	Probe of Readiness failed with status code: 1
2026-05-31T17:27:23.6656285Z	biomes-node-vnet--0000063	Probe of StartUp failed with status code: 1
2026-05-31T17:27:23.6656285Z	biomes-node-vnet--0000063	Probe of StartUp failed with status code: 1
2026-05-31T17:27:24.6493022Z	biomes-node-vnet--0000063	Probe of StartUp failed with status code: 1
2026-05-31T17:27:26.6102401Z	biomes-node-vnet--0000063	Probe of StartUp failed with status code: 1
2026-05-31T17:27:26.6102401Z	biomes-node-vnet--0000063	Probe of StartUp failed with status code: 1
2026-05-31T17:27:27.6365064Z	biomes-node-vnet--0000063	Probe of StartUp failed with status code: 1
2026-05-31T17:27:28.5965942Z	biomes-node-vnet--0000063	Probe of StartUp failed with status code: 1
2026-05-31T17:27:41.6895855Z	biomes-node-vnet--0000063	The TargetPort 3000 does not match any of the listening ports: [4704 4701 3604 3601 4901 3104 3101 3401 4601 3501].
2026-05-31T17:27:41.6895855Z	biomes-node-vnet--0000063	Probe of StartUp failed with status code: 1
2026-05-31T17:27:41.6895855Z	biomes-node-vnet--0000063	Probe of StartUp failed with status code: 1
2026-05-31T17:27:41.6895855Z		Setting a traffic weight of '100%' for revision 'biomes-node-vnet--0000062'
2026-05-31T17:27:41.6895855Z	biomes-node-vnet--0000063	Probe of StartUp failed with status code: 1
2026-05-31T17:27:41.6895855Z	biomes-node-vnet--0000063	Probe of StartUp failed with status code: 1
2026-05-31T17:27:41.6895855Z	biomes-node-vnet--0000063	Probe of StartUp failed with status code: 1
2026-05-31T17:27:41.6895855Z	biomes-node-vnet--0000063	Updating revision : biomes-node-vnet--0000063
2026-05-31T17:27:41.6895855Z	biomes-node-vnet--0000063	Probe of StartUp failed with status code: 1
2026-05-31T17:27:41.6895855Z	biomes-node-vnet--0000063	Successfully provisioned revision 'biomes-node-vnet--0000063'
2026-05-31T17:27:41.6895855Z	biomes-node-vnet--0000063	Probe of StartUp failed with status code: 1
2026-05-31T17:27:41.6895855Z	biomes-node-vnet--0000063	Probe of StartUp failed with status code: 1
2026-05-31T17:27:41.6895855Z	biomes-node-vnet--0000063	The TargetPort 3000 does not match any of the listening ports: [4704 4701 3604 3601 4901 3104 3101 3401 4601 3501].
2026-05-31T17:27:41.6895855Z	biomes-node-vnet--0000063	Probe of StartUp failed with status code: 1
2026-05-31T17:27:41.6895855Z	biomes-node-vnet--0000063	Probe of StartUp failed with status code: 1
2026-05-31T17:27:41.6895855Z	biomes-node-vnet--0000063	Probe of StartUp failed with status code: 1
2026-05-31T17:27:41.6895855Z	biomes-node-vnet--0000063	Updating revision : biomes-node-vnet--0000063
2026-05-31T17:27:41.6895855Z	biomes-node-vnet--0000063	Probe of StartUp failed with status code: 1
2026-05-31T17:27:41.6895855Z	biomes-node-vnet--0000063	Probe of StartUp failed with status code: 1
2026-05-31T17:27:42.6055893Z	biomes-node-vnet--0000063	Probe of StartUp failed with status code: 1
2026-05-31T17:27:43.7734577Z	biomes-node-vnet--0000063	The TargetPort 3000 does not match any of the listening ports: [4704 4701 3604 3601 4901 3104 3101 3401 4601 3501].
2026-05-31T17:27:44.6005339Z	biomes-node-vnet--0000063	Probe of StartUp failed with status code: 1
2026-05-31T17:27:44.6005339Z	biomes-node-vnet--0000063	Probe of StartUp failed with status code: 1
2026-05-31T17:27:45.5637945Z	biomes-node-vnet--0000063	The TargetPort 3000 does not match any of the listening ports: [4704 4701 3604 3601 4901 3104 3101 3401 4601 3504 3501].
2026-05-31T17:27:45.5637945Z	biomes-node-vnet--0000063	The TargetPort 3000 does not match any of the listening ports: [4704 4701 3604 3601 4901 3104 3101 3401 4601 3504 3501].
2026-05-31T17:27:45.5637945Z	biomes-node-vnet--0000063	Probe of StartUp failed with status code: 1
2026-05-31T17:27:46.644755Z	biomes-node-vnet--0000063	Probe of StartUp failed with status code: 1
2026-05-31T17:27:47.6440815Z	biomes-node-vnet--0000063	The TargetPort 3000 does not match any of the listening ports: [4704 4701 3604 3601 4901 3104 3101 3401 4601 3504 3501].
2026-05-31T17:27:47.6440815Z	biomes-node-vnet--0000063	Probe of StartUp failed with status code: 1
2026-05-31T17:27:48.5574768Z	biomes-node-vnet--0000063	Probe of StartUp failed with status code: 1
2026-05-31T17:27:49.5989158Z	biomes-node-vnet--0000063	Probe of StartUp failed with status code: 1
2026-05-31T17:27:50.5899553Z	biomes-node-vnet--0000063	Probe of StartUp failed with status code: 1
2026-05-31T17:27:50.5899553Z	biomes-node-vnet--0000063	The TargetPort 3000 does not match any of the listening ports: [4704 4701 3604 3601 4901 3104 3101 3401 4601 3504 3501].
2026-05-31T17:27:51.755586Z	biomes-node-vnet--0000063	Probe of StartUp failed with status code: 1
2026-05-31T17:27:52.5960321Z	biomes-node-vnet--0000063	The TargetPort 3000 does not match any of the listening ports: [4704 4701 3604 3601 4901 3104 3101 3401 4601 3504 3501].
2026-05-31T17:27:52.5960321Z	biomes-node-vnet--0000063	Probe of StartUp failed with status code: 1
2026-05-31T17:27:53.5993702Z	biomes-node-vnet--0000063	Probe of StartUp failed with status code: 1
2026-05-31T17:27:54.5947499Z	biomes-node-vnet--0000063	Probe of StartUp failed with status code: 1
2026-05-31T17:27:54.5947499Z	biomes-node-vnet--0000063	The TargetPort 3000 does not match any of the listening ports: [4704 4701 3604 3601 4901 3104 3101 3401 4601 3504 3501].
2026-05-31T17:27:55.5973331Z	biomes-node-vnet--0000063	Probe of StartUp failed with status code: 1
2026-05-31T17:27:56.5752543Z	biomes-node-vnet--0000063	Probe of StartUp failed with status code: 1
2026-05-31T17:27:57.6010052Z	biomes-node-vnet--0000063	The TargetPort 3000 does not match any of the listening ports: [4704 4701 3604 3601 4901 3104 3101 3401 4601 3504 3501].
2026-05-31T17:27:57.6010052Z	biomes-node-vnet--0000063	Probe of StartUp failed with status code: 1
2026-05-31T17:27:58.6172227Z	biomes-node-vnet--0000063	Probe of StartUp failed with status code: 1
2026-05-31T17:27:59.6288674Z	biomes-node-vnet--0000063	The TargetPort 3000 does not match any of the listening ports: [4704 4701 3604 3601 4901 3104 3101 3401 4601 3504 3501].
2026-05-31T17:27:59.6288674Z	biomes-node-vnet--0000063	Probe of StartUp failed with status code: 1
2026-05-31T17:28:00.599613Z	biomes-node-vnet--0000063	Probe of StartUp failed with status code: 1
2026-05-31T17:28:01.6144753Z	biomes-node-vnet--0000063	Probe of StartUp failed with status code: 1
2026-05-31T17:28:02.6075946Z	biomes-node-vnet--0000063	Probe of StartUp failed with status code: 1
2026-05-31T17:28:02.6075946Z	biomes-node-vnet--0000063	The TargetPort 3000 does not match any of the listening ports: [4704 4701 3604 3601 4901 3104 3101 3401 4601 3504 3501].
2026-05-31T17:28:03.601223Z	biomes-node-vnet--0000063	Probe of StartUp failed with status code: 1
2026-05-31T17:28:04.7617039Z	biomes-node-vnet--0000063	Probe of StartUp failed with status code: 1
2026-05-31T17:28:04.7617039Z	biomes-node-vnet--0000063	The TargetPort 3000 does not match any of the listening ports: [4704 4701 3604 3601 4901 3104 3101 3401 4601 3504 3501].
2026-05-31T17:28:05.6020113Z	biomes-node-vnet--0000063	Probe of StartUp failed with status code: 1
2026-05-31T17:28:06.5803647Z	biomes-node-vnet--0000063	The TargetPort 3000 does not match any of the listening ports: [4704 4701 3604 3601 4901 3104 3101 3401 4601 3504 3501].
2026-05-31T17:28:06.5803647Z	biomes-node-vnet--0000063	Probe of StartUp failed with status code: 1
2026-05-31T17:28:07.601655Z	biomes-node-vnet--0000063	Probe of StartUp failed with status code: 1
2026-05-31T17:28:08.6256415Z	biomes-node-vnet--0000063	Probe of StartUp failed with status code: 1
2026-05-31T17:28:09.6293477Z	biomes-node-vnet--0000063	The TargetPort 3000 does not match any of the listening ports: [4704 4701 3604 3601 4901 3104 3101 3401 4601 3504 3501].
2026-05-31T17:28:09.6293477Z	biomes-node-vnet--0000063	Probe of StartUp failed with status code: 1
2026-05-31T17:28:11.6322927Z	biomes-node-vnet--0000063	The TargetPort 3000 does not match any of the listening ports: [4704 4701 3604 3601 4901 3104 3101 3401 4601 3504 3501].
2026-05-31T17:28:11.6322927Z	biomes-node-vnet--0000063	Probe of StartUp failed with status code: 1
2026-05-31T17:28:12.5824372Z	biomes-node-vnet--0000063	Probe of StartUp failed with status code: 1
2026-05-31T17:28:13.5728249Z	biomes-node-vnet--0000063	The TargetPort 3000 does not match any of the listening ports: [4704 4701 3604 3601 4901 3104 3101 3401 4601 3504 3501].
2026-05-31T17:28:13.5728249Z	biomes-node-vnet--0000063	Probe of StartUp failed with status code: 1
2026-05-31T17:28:13.5728249Z	biomes-node-vnet--0000063	Probe of StartUp failed with status code: 1
2026-05-31T17:28:15.5614Z	biomes-node-vnet--0000063	Probe of StartUp failed with status code: 1
2026-05-31T17:28:15.5614Z	biomes-node-vnet--0000063	Probe of StartUp failed with status code: 1
2026-05-31T17:28:16.5793721Z	biomes-node-vnet--0000063	The TargetPort 3000 does not match any of the listening ports: [4704 4701 3604 3601 4901 3104 3101 3401 4601 3504 3501].
2026-05-31T17:28:16.5793721Z	biomes-node-vnet--0000063	Probe of StartUp failed with status code: 1
2026-05-31T17:28:17.6427595Z	biomes-node-vnet--0000063	Probe of StartUp failed with status code: 1
2026-05-31T17:28:18.6099535Z	biomes-node-vnet--0000063	The TargetPort 3000 does not match any of the listening ports: [4704 4701 3604 3601 4901 3104 3101 3401 4601 3504 3501].
2026-05-31T17:28:18.6099535Z	biomes-node-vnet--0000063	Probe of StartUp failed with status code: 1
2026-05-31T17:28:19.6207048Z	biomes-node-vnet--0000063	Probe of StartUp failed with status code: 1
2026-05-31T17:28:21.5656522Z	biomes-node-vnet--0000063	The TargetPort 3000 does not match any of the listening ports: [4704 4701 3604 3601 4901 3104 3101 3401 4601 3504 3501].
2026-05-31T17:28:21.5656522Z	biomes-node-vnet--0000063	Probe of StartUp failed with status code: 1
2026-05-31T17:28:21.5656522Z	biomes-node-vnet--0000063	Probe of StartUp failed with status code: 1
2026-05-31T17:28:22.6054885Z	biomes-node-vnet--0000063	Probe of StartUp failed with status code: 1
2026-05-31T17:28:23.6038598Z	biomes-node-vnet--0000063	The TargetPort 3000 does not match any of the listening ports: [4704 4701 3604 3601 4901 3104 3101 3401 4601 3504 3501].
2026-05-31T17:28:23.6038598Z	biomes-node-vnet--0000063	Probe of StartUp failed with status code: 1
2026-05-31T17:28:25.5821879Z	biomes-node-vnet--0000063	Probe of StartUp failed with status code: 1
2026-05-31T17:28:25.5821879Z	biomes-node-vnet--0000063	The TargetPort 3000 does not match any of the listening ports: [4704 4701 3604 3601 4904 4901 3104 3101 3401 4601 3504 3501 4900].
2026-05-31T17:28:25.5821879Z	biomes-node-vnet--0000063	Probe of StartUp failed with status code: 1
2026-05-31T17:28:26.5709227Z	biomes-node-vnet--0000063	Probe of StartUp failed with status code: 1
2026-05-31T17:28:26.5709227Z	biomes-node-vnet--0000063	The TargetPort 3000 does not match any of the listening ports: [4704 4701 3604 3601 4904 4901 3104 3101 3401 4601 3504 3501 4900].
2026-05-31T17:28:28.6917316Z	biomes-node-vnet--0000063	Probe of StartUp failed with status code: 1
2026-05-31T17:28:28.6917316Z	biomes-node-vnet--0000063	The TargetPort 3000 does not match any of the listening ports: [4704 4701 3604 3601 4904 4901 3001 3104 3101 3401 4601 3504 3501 4900].
2026-05-31T17:28:28.6917316Z	biomes-node-vnet--0000063	Probe of StartUp failed with status code: 1
2026-05-31T17:28:28.6917316Z	biomes-node-vnet--0000063	The TargetPort 3000 does not match any of the listening ports: [4704 4701 3604 3601 4904 4901 3001 3104 3101 3401 4601 3504 3501 4900].
2026-05-31T17:28:29.5571568Z	biomes-node-vnet--0000063	Probe of StartUp failed with status code: 1
2026-05-31T17:28:30.6157887Z	biomes-node-vnet--0000063	Probe of StartUp failed with status code: 1
2026-05-31T17:28:31.6400247Z	biomes-node-vnet--0000063	Probe of StartUp failed with status code: 1
2026-05-31T17:28:33.5784967Z	biomes-node-vnet--0000063	Probe of StartUp failed with status code: 1
2026-05-31T17:28:33.5784967Z	biomes-node-vnet--0000063	Probe of StartUp failed with status code: 1
2026-05-31T17:28:34.6173484Z	biomes-node-vnet--0000063	Probe of StartUp failed with status code: 1
2026-05-31T17:28:35.6750444Z	biomes-node-vnet--0000063	Probe of StartUp failed with status code: 1
2026-05-31T17:28:36.626403Z	biomes-node-vnet--0000063	Probe of StartUp failed with status code: 1
2026-05-31T17:28:38.6394567Z	biomes-node-vnet--0000063	Probe of StartUp failed with status code: 1
2026-05-31T17:28:39.6036953Z	biomes-node-vnet--0000063	Probe of StartUp failed with status code: 1
2026-05-31T17:28:40.6147972Z	biomes-node-vnet--0000063	Probe of StartUp failed with status code: 1
2026-05-31T17:28:40.6147972Z	biomes-node-vnet--0000063	Probe of StartUp failed with status code: 1
2026-05-31T17:28:41.5741741Z	biomes-node-vnet--0000063	Probe of StartUp failed with status code: 1
2026-05-31T17:28:42.6115142Z	biomes-node-vnet--0000063	Probe of StartUp failed with status code: 1
2026-05-31T17:28:44.623352Z	biomes-node-vnet--0000063	Probe of StartUp failed with status code: 1
2026-05-31T17:28:44.623352Z	biomes-node-vnet--0000063	Probe of StartUp failed with status code: 1
2026-05-31T17:28:45.6007288Z	biomes-node-vnet--0000063	Probe of StartUp failed with status code: 1
2026-05-31T17:28:46.7032876Z	biomes-node-vnet--0000063	Probe of StartUp failed with status code: 1
2026-05-31T17:28:47.6067525Z	biomes-node-vnet--0000063	Probe of StartUp failed with status code: 1
2026-05-31T17:28:49.6201091Z	biomes-node-vnet--0000063	Probe of StartUp failed with status code: 1
2026-05-31T17:28:49.6201091Z	biomes-node-vnet--0000063	Probe of StartUp failed with status code: 1
2026-05-31T17:28:50.6262458Z	biomes-node-vnet--0000063	Probe of StartUp failed with status code: 1
2026-05-31T17:28:51.626271Z	biomes-node-vnet--0000063	Probe of StartUp failed with status code: 1
2026-05-31T17:28:53.5668596Z	biomes-node-vnet--0000063	Probe of StartUp failed with status code: 1
2026-05-31T17:28:53.5668596Z	biomes-node-vnet--0000063	Probe of StartUp failed with status code: 1
2026-05-31T17:28:55.5702726Z	biomes-node-vnet--0000063	Probe of StartUp failed with status code: 1
2026-05-31T17:28:55.5702726Z	biomes-node-vnet--0000063	Probe of StartUp failed with status code: 1
2026-05-31T17:28:56.6186083Z	biomes-node-vnet--0000063	Probe of StartUp failed with status code: 1
2026-05-31T17:30:30.6381141Z	biomes-node-vnet--0000063	Probe of StartUp failed with status code: 1
2026-05-31T17:30:31.7249012Z	biomes-node-vnet--0000063	Probe of StartUp failed with status code: 1
2026-05-31T17:30:32.6279515Z	biomes-node-vnet--0000063	Probe of StartUp failed with status code: 1
2026-05-31T17:30:33.6103372Z	biomes-node-vnet--0000063	Probe of StartUp failed with status code: 1
2026-05-31T17:30:34.629809Z	biomes-node-vnet--0000063	Probe of StartUp failed with status code: 1
2026-05-31T17:30:35.6517178Z	biomes-node-vnet--0000063	Probe of StartUp failed with status code: 1
2026-05-31T17:30:36.6567556Z	biomes-node-vnet--0000063	Probe of StartUp failed with status code: 1
2026-05-31T17:30:37.6020332Z	biomes-node-vnet--0000063	Probe of StartUp failed with status code: 1
2026-05-31T17:30:38.594252Z	biomes-node-vnet--0000063	Probe of StartUp failed with status code: 1
2026-05-31T17:30:39.5835184Z	biomes-node-vnet--0000063	Probe of StartUp failed with status code: 1
2026-05-31T17:30:40.6863336Z	biomes-node-vnet--0000063	Probe of StartUp failed with status code: 1
2026-05-31T17:30:41.623678Z	biomes-node-vnet--0000063	Probe of StartUp failed with status code: 1
2026-05-31T17:30:42.6249724Z	biomes-node-vnet--0000063	Probe of StartUp failed with status code: 1
2026-05-31T17:30:43.6034541Z	biomes-node-vnet--0000063	Probe of StartUp failed with status code: 1
2026-05-31T17:30:44.622869Z	biomes-node-vnet--0000063	Probe of StartUp failed with status code: 1
2026-05-31T17:30:45.6638466Z	biomes-node-vnet--0000063	Probe of StartUp failed with status code: 1
2026-05-31T17:30:46.5894135Z	biomes-node-vnet--0000063	Probe of StartUp failed with status code: 1
2026-05-31T17:30:47.6110255Z	biomes-node-vnet--0000063	Probe of StartUp failed with status code: 1
2026-05-31T17:30:48.5926797Z	biomes-node-vnet--0000063	Probe of StartUp failed with status code: 1
2026-05-31T17:30:49.6965129Z	biomes-node-vnet--0000063	Probe of StartUp failed with status code: 1
2026-05-31T17:30:50.596791Z	biomes-node-vnet--0000063	Probe of StartUp failed with status code: 1
2026-05-31T17:30:51.5922105Z	biomes-node-vnet--0000063	Probe of StartUp failed with status code: 1
2026-05-31T17:30:52.6148453Z	biomes-node-vnet--0000063	Probe of StartUp failed with status code: 1
2026-05-31T17:30:53.6312842Z	biomes-node-vnet--0000063	Probe of StartUp failed with status code: 1
2026-05-31T17:30:54.620588Z	biomes-node-vnet--0000063	Probe of StartUp failed with status code: 1
2026-05-31T17:30:55.5957463Z	biomes-node-vnet--0000063	Probe of StartUp failed with status code: 1
2026-05-31T17:30:56.7038056Z	biomes-node-vnet--0000063	Probe of StartUp failed with status code: 1
2026-05-31T17:30:57.6275028Z	biomes-node-vnet--0000063	Probe of StartUp failed with status code: 1
2026-05-31T17:30:58.6403239Z	biomes-node-vnet--0000063	Probe of StartUp failed with status code: 1
2026-05-31T17:30:59.6663558Z	biomes-node-vnet--0000063	Probe of StartUp failed with status code: 1
2026-05-31T17:31:00.6412798Z	biomes-node-vnet--0000063	Probe of StartUp failed with status code: 1
2026-05-31T17:31:01.6277799Z	biomes-node-vnet--0000063	Probe of StartUp failed with status code: 1
2026-05-31T17:31:02.6383128Z	biomes-node-vnet--0000063	Probe of StartUp failed with status code: 1
2026-05-31T17:31:03.5807346Z	biomes-node-vnet--0000063	Probe of StartUp failed with status code: 1
2026-05-31T17:31:04.6345324Z	biomes-node-vnet--0000063	Probe of StartUp failed with status code: 1
2026-05-31T17:31:05.627467Z	biomes-node-vnet--0000063	Probe of StartUp failed with status code: 1
2026-05-31T17:31:06.6447007Z	biomes-node-vnet--0000063	Probe of StartUp failed with status code: 1
2026-05-31T17:31:07.6143251Z	biomes-node-vnet--0000063	Probe of StartUp failed with status code: 1
2026-05-31T17:31:08.614186Z	biomes-node-vnet--0000063	Probe of StartUp failed with status code: 1
2026-05-31T17:31:09.6403467Z	biomes-node-vnet--0000063	Probe of StartUp failed with status code: 1
2026-05-31T17:31:10.6150109Z	biomes-node-vnet--0000063	Probe of StartUp failed with status code: 1
2026-05-31T17:31:11.625117Z	biomes-node-vnet--0000063	Probe of StartUp failed with status code: 1
2026-05-31T17:31:12.6112517Z	biomes-node-vnet--0000063	Probe of StartUp failed with status code: 1
2026-05-31T17:31:13.6094458Z	biomes-node-vnet--0000063	Probe of StartUp failed with status code: 1
2026-05-31T17:31:14.6507986Z	biomes-node-vnet--0000063	Probe of StartUp failed with status code: 1
2026-05-31T17:31:15.5984029Z	biomes-node-vnet--0000063	Probe of StartUp failed with status code: 1
2026-05-31T17:31:16.6298102Z	biomes-node-vnet--0000063	Probe of StartUp failed with status code: 1
2026-05-31T17:31:17.6277347Z	biomes-node-vnet--0000063	Probe of StartUp failed with status code: 1
2026-05-31T17:31:18.6012718Z	biomes-node-vnet--0000063	Probe of StartUp failed with status code: 1
2026-05-31T17:31:19.6349512Z	biomes-node-vnet--0000063	Probe of StartUp failed with status code: 1
2026-05-31T17:31:20.6283126Z	biomes-node-vnet--0000063	Probe of StartUp failed with status code: 1
2026-05-31T17:31:21.6150804Z	biomes-node-vnet--0000063	Probe of StartUp failed with status code: 1
2026-05-31T17:31:22.7658852Z	biomes-node-vnet--0000063	Probe of StartUp failed with status code: 1
2026-05-31T17:31:23.5993323Z	biomes-node-vnet--0000063	Probe of StartUp failed with status code: 1
2026-05-31T17:31:24.6631745Z	biomes-node-vnet--0000063	Probe of StartUp failed with status code: 1
2026-05-31T17:31:25.5883167Z	biomes-node-vnet--0000063	Probe of StartUp failed with status code: 1
2026-05-31T17:31:26.7384475Z	biomes-node-vnet--0000063	Probe of StartUp failed with status code: 1
2026-05-31T17:31:27.5949048Z	biomes-node-vnet--0000063	Probe of StartUp failed with status code: 1
2026-05-31T17:31:28.6432257Z	biomes-node-vnet--0000063	Probe of StartUp failed with status code: 1
2026-05-31T17:31:29.6234115Z	biomes-node-vnet--0000063	Probe of StartUp failed with status code: 1
2026-05-31T17:31:30.5846945Z	biomes-node-vnet--0000063	Probe of StartUp failed with status code: 1
2026-05-31T17:31:31.6834408Z	biomes-node-vnet--0000063	Probe of StartUp failed with status code: 1
2026-05-31T17:31:32.7054078Z	biomes-node-vnet--0000063	Probe of StartUp failed with status code: 1
2026-05-31T17:31:33.5983151Z	biomes-node-vnet--0000063	Probe of StartUp failed with status code: 1
2026-05-31T17:31:34.5965673Z	biomes-node-vnet--0000063	Probe of StartUp failed with status code: 1
2026-05-31T17:31:35.6078189Z	biomes-node-vnet--0000063	Probe of StartUp failed with status code: 1
2026-05-31T17:31:36.6693278Z	biomes-node-vnet--0000063	Probe of StartUp failed with status code: 1
2026-05-31T17:31:37.6085439Z	biomes-node-vnet--0000063	Probe of StartUp failed with status code: 1
2026-05-31T17:31:38.6176784Z	biomes-node-vnet--0000063	Probe of StartUp failed with status code: 1
2026-05-31T17:31:39.6133497Z	biomes-node-vnet--0000063	Probe of StartUp failed with status code: 1
2026-05-31T17:31:40.6082973Z	biomes-node-vnet--0000063	Probe of StartUp failed with status code: 1
2026-05-31T17:31:41.6565752Z	biomes-node-vnet--0000063	Probe of StartUp failed with status code: 1
2026-05-31T17:31:42.6052595Z	biomes-node-vnet--0000063	Probe of StartUp failed with status code: 1
2026-05-31T17:31:43.6201151Z	biomes-node-vnet--0000063	Probe of StartUp failed with status code: 1
2026-05-31T17:31:44.6122117Z	biomes-node-vnet--0000063	Probe of StartUp failed with status code: 1
2026-05-31T17:31:45.6596737Z	biomes-node-vnet--0000063	Probe of StartUp failed with status code: 1
2026-05-31T17:31:46.6103568Z	biomes-node-vnet--0000063	Probe of StartUp failed with status code: 1
2026-05-31T17:31:47.629295Z	biomes-node-vnet--0000063	Probe of StartUp failed with status code: 1
2026-05-31T17:31:48.6131715Z	biomes-node-vnet--0000063	Probe of StartUp failed with status code: 1
2026-05-31T17:31:49.6320861Z	biomes-node-vnet--0000063	Probe of StartUp failed with status code: 1
2026-05-31T17:31:50.641205Z	biomes-node-vnet--0000063	Probe of StartUp failed with status code: 1
2026-05-31T17:31:51.6159613Z	biomes-node-vnet--0000063	Probe of StartUp failed with status code: 1
2026-05-31T17:31:52.5917737Z	biomes-node-vnet--0000063	Probe of StartUp failed with status code: 1
2026-05-31T17:31:53.5835398Z	biomes-node-vnet--0000063	Probe of StartUp failed with status code: 1
2026-05-31T17:31:54.6074465Z	biomes-node-vnet--0000063	Probe of StartUp failed with status code: 1
2026-05-31T17:31:55.6107581Z	biomes-node-vnet--0000063	Probe of StartUp failed with status code: 1
2026-05-31T17:31:56.7013234Z	biomes-node-vnet--0000063	Probe of StartUp failed with status code: 1
2026-05-31T17:31:57.611584Z	biomes-node-vnet--0000063	Probe of StartUp failed with status code: 1
2026-05-31T17:31:58.6469857Z	biomes-node-vnet--0000063	Probe of StartUp failed with status code: 1
2026-05-31T17:31:59.7378448Z	biomes-node-vnet--0000063	Probe of StartUp failed with status code: 1
2026-05-31T17:32:00.5985789Z	biomes-node-vnet--0000063	Probe of StartUp failed with status code: 1
2026-05-31T17:32:01.6635463Z	biomes-node-vnet--0000063	Probe of StartUp failed with status code: 1
2026-05-31T17:32:02.6115358Z	biomes-node-vnet--0000063	Probe of StartUp failed with status code: 1
2026-05-31T17:32:03.619812Z	biomes-node-vnet--0000063	Probe of StartUp failed with status code: 1
2026-05-31T17:32:04.6660055Z	biomes-node-vnet--0000063	Probe of StartUp failed with status code: 1
2026-05-31T17:32:05.6279193Z	biomes-node-vnet--0000063	Probe of StartUp failed with status code: 1
2026-05-31T17:32:06.6090327Z	biomes-node-vnet--0000063	Probe of StartUp failed with status code: 1
2026-05-31T17:32:07.6689373Z	biomes-node-vnet--0000063	Probe of StartUp failed with status code: 1
2026-05-31T17:32:08.6448986Z	biomes-node-vnet--0000063	Probe of StartUp failed with status code: 1
2026-05-31T17:32:09.631174Z	biomes-node-vnet--0000063	Probe of StartUp failed with status code: 1
2026-05-31T17:32:10.6115094Z	biomes-node-vnet--0000063	Probe of StartUp failed with status code: 1
2026-05-31T17:32:11.6223502Z	biomes-node-vnet--0000063	Probe of StartUp failed with status code: 1
2026-05-31T17:32:12.8203654Z	biomes-node-vnet--0000063	Probe of StartUp failed with status code: 1
2026-05-31T17:32:13.6333826Z	biomes-node-vnet--0000063	Probe of StartUp failed with status code: 1
2026-05-31T17:32:14.5999016Z	biomes-node-vnet--0000063	Probe of StartUp failed with status code: 1
2026-05-31T17:32:15.6350646Z	biomes-node-vnet--0000063	Probe of StartUp failed with status code: 1
2026-05-31T17:32:16.5956879Z	biomes-node-vnet--0000063	Probe of StartUp failed with status code: 1
2026-05-31T17:32:17.6110196Z	biomes-node-vnet--0000063	Probe of StartUp failed with status code: 1
2026-05-31T17:32:18.630787Z	biomes-node-vnet--0000063	Probe of StartUp failed with status code: 1
2026-05-31T17:32:19.6245486Z	biomes-node-vnet--0000063	Probe of StartUp failed with status code: 1
2026-05-31T17:32:20.5884664Z	biomes-node-vnet--0000063	Probe of StartUp failed with status code: 1
2026-05-31T17:32:21.6040151Z	biomes-node-vnet--0000063	Probe of StartUp failed with status code: 1
2026-05-31T17:32:22.7289681Z	biomes-node-vnet--0000063	Probe of StartUp failed with status code: 1
2026-05-31T17:32:23.64615Z	biomes-node-vnet--0000063	Probe of StartUp failed with status code: 1
2026-05-31T17:32:24.6272657Z	biomes-node-vnet--0000063	Probe of StartUp failed with status code: 1
2026-05-31T17:32:25.6163471Z	biomes-node-vnet--0000063	Probe of StartUp failed with status code: 1
2026-05-31T17:32:26.6162809Z	biomes-node-vnet--0000063	Probe of StartUp failed with status code: 1
2026-05-31T17:32:27.6762033Z	biomes-node-vnet--0000063	Probe of StartUp failed with status code: 1
2026-05-31T17:32:28.6577067Z	biomes-node-vnet--0000063	Probe of StartUp failed with status code: 1
2026-05-31T17:32:29.759548Z	biomes-node-vnet--0000063	Probe of StartUp failed with status code: 1
2026-05-31T17:32:30.7066324Z	biomes-node-vnet--0000063	Probe of StartUp failed with status code: 1
2026-05-31T17:32:31.5892616Z	biomes-node-vnet--0000063	Probe of StartUp failed with status code: 1
2026-05-31T17:32:32.6218122Z	biomes-node-vnet--0000063	Probe of StartUp failed with status code: 1
2026-05-31T17:32:33.6766919Z	biomes-node-vnet--0000063	Probe of StartUp failed with status code: 1
2026-05-31T17:32:34.6145754Z	biomes-node-vnet--0000063	Probe of StartUp failed with status code: 1
2026-05-31T17:32:35.6338065Z	biomes-node-vnet--0000063	Probe of StartUp failed with status code: 1
2026-05-31T17:32:36.6388345Z	biomes-node-vnet--0000063	Probe of StartUp failed with status code: 1
2026-05-31T17:32:37.620609Z	biomes-node-vnet--0000063	Probe of StartUp failed with status code: 1
2026-05-31T17:32:38.5846067Z	biomes-node-vnet--0000063	Probe of StartUp failed with status code: 1
2026-05-31T17:32:38.5846067Z	biomes-node-vnet--0000063	Creating a new revision: biomes-node-vnet--0000064
2026-05-31T17:32:38.5846067Z	biomes-node-vnet--0000064	KEDA is starting a watch for revision 'biomes-node-vnet--0000064' to monitor scale operations for this revision
2026-05-31T17:32:38.5846067Z	biomes-node-vnet--0000064	Updating revision : biomes-node-vnet--0000064
2026-05-31T17:32:38.5846067Z		Rolling Transition: Successfully completed rolling over existing to latest revision for containerApp: biomes-node-vnet
2026-05-31T17:32:39.6523681Z	biomes-node-vnet--0000063	Probe of StartUp failed with status code: 1
2026-05-31T17:32:39.6523681Z	biomes-node-vnet--0000064	Updating revision : biomes-node-vnet--0000064
2026-05-31T17:32:39.6523681Z	biomes-node-vnet--0000064	Updating revision : biomes-node-vnet--0000064
2026-05-31T17:32:40.6234118Z		Setting a traffic weight of '100%' for revision 'biomes-node-vnet--0000062'
2026-05-31T17:32:40.6234118Z	biomes-node-vnet--0000064	Updating revision : biomes-node-vnet--0000064
2026-05-31T17:32:40.6234118Z	biomes-node-vnet--0000064	Updating revision : biomes-node-vnet--0000064
2026-05-31T17:32:40.6234118Z	biomes-node-vnet--0000064	Successfully provisioned revision 'biomes-node-vnet--0000064'
2026-05-31T17:32:40.6234118Z	biomes-node-vnet--0000063	Probe of StartUp failed with status code: 1
2026-05-31T17:32:40.6234118Z		Setting a traffic weight of '100%' for revision 'biomes-node-vnet--0000062'
2026-05-31T17:32:40.6234118Z	biomes-node-vnet--0000064	Successfully provisioned revision 'biomes-node-vnet--0000064'
2026-05-31T17:32:40.6234118Z		Rolling Transition: Successfully completed rolling over existing to latest revision for containerApp: biomes-node-vnet
2026-05-31T17:32:41.6285746Z	biomes-node-vnet--0000064	Successfully provisioned revision 'biomes-node-vnet--0000064'
2026-05-31T17:32:41.6285746Z	biomes-node-vnet--0000063	Probe of StartUp failed with status code: 1
2026-05-31T17:32:41.6285746Z		Setting a traffic weight of '100%' for revision 'biomes-node-vnet--0000062'
2026-05-31T17:32:42.611157Z	biomes-node-vnet--0000063	The TargetPort 3000 does not match any of the listening ports: [4704 4701 3604 3601 4901 3104 3101 3401 4601 3504 3501].
2026-05-31T17:32:42.611157Z	biomes-node-vnet--0000063	Probe of StartUp failed with status code: 1
2026-05-31T17:32:43.7097418Z	biomes-node-vnet--0000063	Probe of StartUp failed with status code: 1
2026-05-31T17:32:44.6362805Z	biomes-node-vnet--0000063	Probe of StartUp failed with status code: 1
2026-05-31T17:32:45.6589101Z	biomes-node-vnet--0000063	Probe of StartUp failed with status code: 1
2026-05-31T17:32:46.6502496Z	biomes-node-vnet--0000063	Probe of StartUp failed with status code: 1
2026-05-31T17:32:47.5963555Z	biomes-node-vnet--0000063	Probe of StartUp failed with status code: 1
2026-05-31T17:32:48.6237996Z	biomes-node-vnet--0000063	Probe of StartUp failed with status code: 1
2026-05-31T17:32:49.612935Z	biomes-node-vnet--0000063	Probe of StartUp failed with status code: 1
2026-05-31T17:32:50.6318183Z	biomes-node-vnet--0000063	Probe of StartUp failed with status code: 1
2026-05-31T17:32:51.6407438Z	biomes-node-vnet--0000063	Probe of StartUp failed with status code: 1
2026-05-31T17:32:52.6845805Z	biomes-node-vnet--0000063	Probe of StartUp failed with status code: 1
2026-05-31T17:32:53.6041466Z	biomes-node-vnet--0000063	Probe of StartUp failed with status code: 1
2026-05-31T17:32:54.5926807Z	biomes-node-vnet--0000063	Probe of StartUp failed with status code: 1
2026-05-31T17:32:56.7052817Z	biomes-node-vnet--0000063	Probe of StartUp failed with status code: 1
2026-05-31T17:32:57.6441975Z	biomes-node-vnet--0000063	Probe of StartUp failed with status code: 1
2026-05-31T17:32:58.6514711Z	biomes-node-vnet--0000063	Probe of StartUp failed with status code: 1
2026-05-31T17:32:58.8731423Z	biomes-node-vnet--0000063	Probe of StartUp failed with status code: 1
2026-05-31T17:32:59.6305866Z	biomes-node-vnet--0000063	Probe of StartUp failed with status code: 1
2026-05-31T17:33:00.6693622Z	biomes-node-vnet--0000063	Probe of StartUp failed with status code: 1
2026-05-31T17:33:01.6341398Z	biomes-node-vnet--0000063	Probe of StartUp failed with status code: 1
2026-05-31T17:33:02.648002Z	biomes-node-vnet--0000063	Probe of StartUp failed with status code: 1
2026-05-31T17:33:03.6486768Z	biomes-node-vnet--0000063	Probe of StartUp failed with status code: 1
2026-05-31T17:33:04.6373096Z	biomes-node-vnet--0000063	Probe of StartUp failed with status code: 1
2026-05-31T17:33:05.6475864Z	biomes-node-vnet--0000063	Probe of StartUp failed with status code: 1
2026-05-31T17:33:06.6287569Z	biomes-node-vnet--0000063	Probe of StartUp failed with status code: 1
2026-05-31T17:33:07.6307853Z	biomes-node-vnet--0000063	Probe of StartUp failed with status code: 1
2026-05-31T17:33:08.607024Z	biomes-node-vnet--0000063	Probe of StartUp failed with status code: 1
2026-05-31T17:33:09.6204893Z	biomes-node-vnet--0000063	Probe of StartUp failed with status code: 1
2026-05-31T17:33:10.6501147Z	biomes-node-vnet--0000063	Probe of StartUp failed with status code: 1
2026-05-31T17:33:11.7544125Z	biomes-node-vnet--0000063	Probe of StartUp failed with status code: 1
2026-05-31T17:33:12.6228929Z	biomes-node-vnet--0000063	Probe of StartUp failed with status code: 1
2026-05-31T17:33:13.708501Z	biomes-node-vnet--0000063	Probe of StartUp failed with status code: 1
2026-05-31T17:33:14.7171124Z	biomes-node-vnet--0000063	Probe of StartUp failed with status code: 1
2026-05-31T17:33:15.6003357Z	biomes-node-vnet--0000063	Probe of StartUp failed with status code: 1
2026-05-31T17:33:16.6132977Z	biomes-node-vnet--0000063	Probe of StartUp failed with status code: 1
2026-05-31T17:33:17.6016413Z	biomes-node-vnet--0000063	Probe of StartUp failed with status code: 1
2026-05-31T17:33:18.5863698Z	biomes-node-vnet--0000063	Probe of StartUp failed with status code: 1
2026-05-31T17:33:20.0795396Z	biomes-node-vnet--0000063	Probe of StartUp failed with status code: 1
2026-05-31T17:33:20.5978042Z	biomes-node-vnet--0000063	Probe of StartUp failed with status code: 1
2026-05-31T17:33:21.654603Z	biomes-node-vnet--0000063	Probe of StartUp failed with status code: 1
2026-05-31T17:33:22.6377512Z	biomes-node-vnet--0000063	Probe of StartUp failed with status code: 1
2026-05-31T17:34:41.6347789Z	biomes-node-vnet--0000064	startup probe failed: connection refused
2026-05-31T17:34:42.635831Z	biomes-node-vnet--0000064	startup probe failed: connection refused
2026-05-31T17:34:43.6210734Z	biomes-node-vnet--0000064	startup probe failed: connection refused
2026-05-31T17:34:44.5985887Z	biomes-node-vnet--0000064	startup probe failed: connection refused
2026-05-31T17:34:45.5973867Z	biomes-node-vnet--0000064	The TargetPort 3000 does not match the listening port 3101.
2026-05-31T17:34:45.5973867Z	biomes-node-vnet--0000064	The TargetPort 3000 does not match the listening port 3101.
2026-05-31T17:34:45.5973867Z	biomes-node-vnet--0000064	startup probe failed: connection refused
2026-05-31T17:34:46.6144758Z	biomes-node-vnet--0000064	startup probe failed: connection refused
2026-05-31T17:34:47.6406042Z	biomes-node-vnet--0000064	startup probe failed: connection refused
2026-05-31T17:34:47.6406042Z	biomes-node-vnet--0000064	The TargetPort 3000 does not match the listening port 3101.
2026-05-31T17:34:48.6245411Z	biomes-node-vnet--0000064	startup probe failed: connection refused
2026-05-31T17:34:49.6293778Z	biomes-node-vnet--0000064	startup probe failed: connection refused
2026-05-31T17:34:50.6194958Z	biomes-node-vnet--0000064	startup probe failed: connection refused
2026-05-31T17:34:50.6194958Z	biomes-node-vnet--0000064	The TargetPort 3000 does not match the listening port 3101.
2026-05-31T17:34:51.6238136Z	biomes-node-vnet--0000064	startup probe failed: connection refused
2026-05-31T17:34:52.6202493Z	biomes-node-vnet--0000064	startup probe failed: connection refused
2026-05-31T17:34:52.6202493Z	biomes-node-vnet--0000064	The TargetPort 3000 does not match the listening port 3101.
2026-05-31T17:34:53.6184835Z	biomes-node-vnet--0000064	startup probe failed: connection refused
2026-05-31T17:34:54.8565036Z	biomes-node-vnet--0000064	startup probe failed: connection refused
2026-05-31T17:34:55.8593805Z	biomes-node-vnet--0000064	startup probe failed: connection refused
2026-05-31T17:34:55.8593805Z	biomes-node-vnet--0000064	The TargetPort 3000 does not match the listening port 3101.
2026-05-31T17:34:56.7757938Z	biomes-node-vnet--0000064	startup probe failed: connection refused
2026-05-31T17:34:57.616295Z	biomes-node-vnet--0000064	startup probe failed: connection refused
2026-05-31T17:34:57.616295Z	biomes-node-vnet--0000064	The TargetPort 3000 does not match the listening port 3101.
2026-05-31T17:34:58.7012262Z	biomes-node-vnet--0000064	startup probe failed: connection refused
2026-05-31T17:34:59.6040546Z	biomes-node-vnet--0000064	startup probe failed: connection refused
2026-05-31T17:34:59.6040546Z	biomes-node-vnet--0000064	The TargetPort 3000 does not match the listening port 3101.
2026-05-31T17:35:00.664905Z	biomes-node-vnet--0000064	startup probe failed: connection refused
2026-05-31T17:35:01.6752448Z	biomes-node-vnet--0000064	startup probe failed: connection refused
2026-05-31T17:35:02.6484271Z	biomes-node-vnet--0000064	The TargetPort 3000 does not match the listening port 3101.
2026-05-31T17:35:02.6484271Z	biomes-node-vnet--0000064	startup probe failed: connection refused
2026-05-31T17:35:03.6686666Z	biomes-node-vnet--0000064	startup probe failed: connection refused
2026-05-31T17:35:04.6572651Z	biomes-node-vnet--0000064	The TargetPort 3000 does not match the listening port 3101.
2026-05-31T17:35:04.6572651Z	biomes-node-vnet--0000064	startup probe failed: connection refused
2026-05-31T17:35:05.6442338Z	biomes-node-vnet--0000064	startup probe failed: connection refused
2026-05-31T17:35:06.6391389Z	biomes-node-vnet--0000064	The TargetPort 3000 does not match any of the listening ports: [3101 3104].
2026-05-31T17:35:07.648674Z	biomes-node-vnet--0000064	The TargetPort 3000 does not match any of the listening ports: [3101 3104].
2026-05-31T17:35:09.6477756Z	biomes-node-vnet--0000064	The TargetPort 3000 does not match any of the listening ports: [3101 3104].
2026-05-31T17:35:11.631818Z	biomes-node-vnet--0000064	The TargetPort 3000 does not match any of the listening ports: [3601 3101 3104 3501 4701 4601].
2026-05-31T17:35:12.6533189Z	biomes-node-vnet--0000064	The TargetPort 3000 does not match any of the listening ports: [3601 3101 3104 3501 4701 4901 4601].
2026-05-31T17:35:12.6533189Z	biomes-node-vnet--0000064	The TargetPort 3000 does not match any of the listening ports: [3601 3101 3104 3501 3401 4701 4901 4601].
2026-05-31T17:35:13.6540962Z	biomes-node-vnet--0000064	The TargetPort 3000 does not match any of the listening ports: [3601 3101 3104 3501 3401 4701 4901 4601].
2026-05-31T17:35:14.6778253Z	biomes-node-vnet--0000064	The TargetPort 3000 does not match any of the listening ports: [3601 3101 3104 3501 3401 4701 4901 4601].
2026-05-31T17:35:16.7790181Z	biomes-node-vnet--0000064	The TargetPort 3000 does not match any of the listening ports: [3604 3601 3101 3104 3501 3401 4701 4704 4901 4601].
2026-05-31T17:35:17.7126428Z	biomes-node-vnet--0000064	The TargetPort 3000 does not match any of the listening ports: [3604 3601 3101 3104 3501 3401 4701 4704 4901 4601].
2026-05-31T17:35:19.675569Z	biomes-node-vnet--0000064	The TargetPort 3000 does not match any of the listening ports: [3604 3601 3101 3104 3501 3401 4701 4704 4901 4601].
2026-05-31T17:35:21.7285016Z	biomes-node-vnet--0000064	The TargetPort 3000 does not match any of the listening ports: [3604 3601 3101 3104 3501 3401 4701 4704 4901 4601].
2026-05-31T17:35:24.596788Z	biomes-node-vnet--0000064	The TargetPort 3000 does not match any of the listening ports: [3604 3601 3101 3104 3501 3401 4701 4704 4901 4601].
2026-05-31T17:35:26.597378Z	biomes-node-vnet--0000064	The TargetPort 3000 does not match any of the listening ports: [3604 3601 3101 3104 3501 3401 4701 4704 4901 4601].
2026-05-31T17:35:28.6029661Z	biomes-node-vnet--0000064	The TargetPort 3000 does not match any of the listening ports: [3604 3601 3101 3104 3501 3401 4701 4704 4901 4601].
2026-05-31T17:36:14.6185374Z	biomes-node-vnet--0000063	Probe of StartUp failed with status code: 1
2026-05-31T17:36:15.6001226Z	biomes-node-vnet--0000063	Probe of StartUp failed with status code: 1
2026-05-31T17:36:16.6300087Z	biomes-node-vnet--0000063	Probe of StartUp failed with status code: 1
2026-05-31T17:36:17.6498485Z	biomes-node-vnet--0000063	Probe of StartUp failed with status code: 1
2026-05-31T17:36:18.62169Z	biomes-node-vnet--0000063	Probe of StartUp failed with status code: 1
2026-05-31T17:36:19.631531Z	biomes-node-vnet--0000063	Probe of StartUp failed with status code: 1
2026-05-31T17:36:20.6287839Z	biomes-node-vnet--0000063	Probe of StartUp failed with status code: 1
2026-05-31T17:36:21.6442762Z	biomes-node-vnet--0000063	Probe of StartUp failed with status code: 1
2026-05-31T17:36:22.638541Z	biomes-node-vnet--0000063	Probe of StartUp failed with status code: 1
2026-05-31T17:36:23.7191001Z	biomes-node-vnet--0000063	Probe of StartUp failed with status code: 1
2026-05-31T17:36:24.6037996Z	biomes-node-vnet--0000063	Probe of StartUp failed with status code: 1
2026-05-31T17:36:25.6397779Z	biomes-node-vnet--0000063	Probe of StartUp failed with status code: 1
2026-05-31T17:36:26.6645309Z	biomes-node-vnet--0000063	Probe of StartUp failed with status code: 1
2026-05-31T17:36:27.6567659Z	biomes-node-vnet--0000063	Probe of StartUp failed with status code: 1
2026-05-31T17:36:28.637909Z	biomes-node-vnet--0000063	Probe of StartUp failed with status code: 1
2026-05-31T17:36:29.6195024Z	biomes-node-vnet--0000063	Probe of StartUp failed with status code: 1
2026-05-31T17:36:30.6173011Z	biomes-node-vnet--0000063	Probe of StartUp failed with status code: 1
2026-05-31T17:36:31.6883962Z	biomes-node-vnet--0000063	Probe of StartUp failed with status code: 1
2026-05-31T17:36:32.6773453Z	biomes-node-vnet--0000063	Probe of StartUp failed with status code: 1
2026-05-31T17:36:33.6471997Z	biomes-node-vnet--0000063	Probe of StartUp failed with status code: 1
2026-05-31T17:36:34.722662Z	biomes-node-vnet--0000063	Probe of StartUp failed with status code: 1
2026-05-31T17:36:35.6320902Z	biomes-node-vnet--0000063	Probe of StartUp failed with status code: 1
2026-05-31T17:36:36.6872993Z	biomes-node-vnet--0000063	Probe of StartUp failed with status code: 1
2026-05-31T17:36:37.6248093Z	biomes-node-vnet--0000063	Probe of StartUp failed with status code: 1
2026-05-31T17:36:38.6207878Z	biomes-node-vnet--0000063	Probe of StartUp failed with status code: 1
2026-05-31T17:36:39.6381971Z	biomes-node-vnet--0000063	Probe of StartUp failed with status code: 1
2026-05-31T17:36:40.600141Z	biomes-node-vnet--0000063	Probe of StartUp failed with status code: 1
2026-05-31T17:36:41.6140789Z	biomes-node-vnet--0000063	Probe of StartUp failed with status code: 1
2026-05-31T17:36:42.7518245Z	biomes-node-vnet--0000063	Probe of StartUp failed with status code: 1
2026-05-31T17:36:43.691315Z	biomes-node-vnet--0000063	Probe of StartUp failed with status code: 1
2026-05-31T17:36:44.6532695Z	biomes-node-vnet--0000063	Probe of StartUp failed with status code: 1
2026-05-31T17:36:45.614189Z	biomes-node-vnet--0000063	Probe of StartUp failed with status code: 1
2026-05-31T17:36:46.6699631Z	biomes-node-vnet--0000063	Probe of StartUp failed with status code: 1
2026-05-31T17:36:47.6301716Z	biomes-node-vnet--0000063	Probe of StartUp failed with status code: 1
2026-05-31T17:36:48.6201886Z	biomes-node-vnet--0000063	Probe of StartUp failed with status code: 1
2026-05-31T17:36:49.6220428Z	biomes-node-vnet--0000063	Probe of StartUp failed with status code: 1
2026-05-31T17:36:50.6135047Z	biomes-node-vnet--0000063	Probe of StartUp failed with status code: 1
2026-05-31T17:36:51.6075403Z	biomes-node-vnet--0000063	Probe of StartUp failed with status code: 1
2026-05-31T17:36:52.6174886Z	biomes-node-vnet--0000063	Probe of StartUp failed with status code: 1
2026-05-31T17:36:53.6208522Z	biomes-node-vnet--0000063	Probe of StartUp failed with status code: 1
2026-05-31T17:36:54.8350945Z	biomes-node-vnet--0000063	Probe of StartUp failed with status code: 1
2026-05-31T17:36:56.0496424Z	biomes-node-vnet--0000063	Probe of StartUp failed with status code: 1
2026-05-31T17:36:56.59856Z	biomes-node-vnet--0000063	Probe of StartUp failed with status code: 1
2026-05-31T17:36:57.6735787Z	biomes-node-vnet--0000063	Probe of StartUp failed with status code: 1
2026-05-31T17:36:58.659291Z	biomes-node-vnet--0000063	Probe of StartUp failed with status code: 1
2026-05-31T17:36:59.688057Z	biomes-node-vnet--0000063	Probe of StartUp failed with status code: 1
2026-05-31T17:37:00.6225711Z	biomes-node-vnet--0000063	Probe of StartUp failed with status code: 1
2026-05-31T17:37:01.6245877Z	biomes-node-vnet--0000063	Probe of StartUp failed with status code: 1
2026-05-31T17:37:02.6179226Z	biomes-node-vnet--0000063	Probe of StartUp failed with status code: 1
2026-05-31T17:37:03.6442543Z	biomes-node-vnet--0000063	Probe of StartUp failed with status code: 1
2026-05-31T17:37:04.6573996Z	biomes-node-vnet--0000063	Probe of StartUp failed with status code: 1
2026-05-31T17:37:05.6367486Z	biomes-node-vnet--0000063	Probe of StartUp failed with status code: 1
2026-05-31T17:37:06.7444256Z	biomes-node-vnet--0000063	Probe of StartUp failed with status code: 1
2026-05-31T17:37:07.6219421Z	biomes-node-vnet--0000063	Probe of StartUp failed with status code: 1
2026-05-31T17:37:08.6310199Z	biomes-node-vnet--0000063	Probe of StartUp failed with status code: 1
2026-05-31T17:37:09.6643062Z	biomes-node-vnet--0000063	Probe of StartUp failed with status code: 1
2026-05-31T17:37:10.6524363Z	biomes-node-vnet--0000063	Probe of StartUp failed with status code: 1
2026-05-31T17:37:11.7032776Z	biomes-node-vnet--0000063	Probe of StartUp failed with status code: 1
2026-05-31T17:37:12.6194685Z	biomes-node-vnet--0000063	Probe of StartUp failed with status code: 1
2026-05-31T17:37:13.6534323Z	biomes-node-vnet--0000063	Probe of StartUp failed with status code: 1
2026-05-31T17:37:14.7145133Z	biomes-node-vnet--0000063	Probe of StartUp failed with status code: 1
2026-05-31T17:37:15.6256273Z	biomes-node-vnet--0000063	Probe of StartUp failed with status code: 1
2026-05-31T17:37:16.7493168Z	biomes-node-vnet--0000063	Probe of StartUp failed with status code: 1
2026-05-31T17:37:17.6418422Z	biomes-node-vnet--0000063	Probe of StartUp failed with status code: 1
2026-05-31T17:37:18.6256524Z	biomes-node-vnet--0000063	Probe of StartUp failed with status code: 1
2026-05-31T17:37:19.6726169Z	biomes-node-vnet--0000063	Probe of StartUp failed with status code: 1
2026-05-31T17:37:20.6646329Z	biomes-node-vnet--0000063	Probe of StartUp failed with status code: 1
2026-05-31T17:37:21.6177473Z	biomes-node-vnet--0000063	Probe of StartUp failed with status code: 1
2026-05-31T17:37:22.6252576Z	biomes-node-vnet--0000063	Probe of StartUp failed with status code: 1
2026-05-31T17:37:23.6009027Z	biomes-node-vnet--0000063	Probe of StartUp failed with status code: 1
2026-05-31T17:37:24.6203713Z	biomes-node-vnet--0000063	Probe of StartUp failed with status code: 1
2026-05-31T17:37:25.6521086Z	biomes-node-vnet--0000063	Probe of StartUp failed with status code: 1
2026-05-31T17:37:26.6867817Z	biomes-node-vnet--0000063	Probe of StartUp failed with status code: 1
2026-05-31T17:37:27.670469Z	biomes-node-vnet--0000063	Probe of StartUp failed with status code: 1
2026-05-31T17:37:28.6243561Z	biomes-node-vnet--0000063	Probe of StartUp failed with status code: 1
2026-05-31T17:37:29.6353344Z	biomes-node-vnet--0000063	Probe of StartUp failed with status code: 1
2026-05-31T17:37:30.6581099Z	biomes-node-vnet--0000063	Probe of StartUp failed with status code: 1
2026-05-31T17:37:31.6129805Z	biomes-node-vnet--0000063	Probe of StartUp failed with status code: 1
2026-05-31T17:37:32.6137759Z	biomes-node-vnet--0000063	Probe of StartUp failed with status code: 1
2026-05-31T17:37:33.5856629Z	biomes-node-vnet--0000064	Updating revision : biomes-node-vnet--0000064
2026-05-31T17:37:33.5856629Z	biomes-node-vnet--0000063	Probe of StartUp failed with status code: 1
2026-05-31T17:37:34.6352779Z	biomes-node-vnet--0000063	Probe of StartUp failed with status code: 1
2026-05-31T17:37:34.6352779Z		Setting a traffic weight of '100%' for revision 'biomes-node-vnet--0000062'
2026-05-31T17:37:35.6238742Z	biomes-node-vnet--0000063	Probe of StartUp failed with status code: 1
2026-05-31T17:37:35.6238742Z	biomes-node-vnet--0000064	Successfully provisioned revision 'biomes-node-vnet--0000064'
2026-05-31T17:37:36.6272892Z	biomes-node-vnet--0000063	Probe of StartUp failed with status code: 1
2026-05-31T17:37:37.614716Z	biomes-node-vnet--0000063	Probe of StartUp failed with status code: 1
2026-05-31T17:37:38.6113988Z	biomes-node-vnet--0000063	Probe of StartUp failed with status code: 1
2026-05-31T17:37:39.6151641Z	biomes-node-vnet--0000063	Probe of StartUp failed with status code: 1
2026-05-31T17:37:40.7882504Z	biomes-node-vnet--0000063	Probe of StartUp failed with status code: 1
2026-05-31T17:37:41.5732496Z	biomes-node-vnet--0000063	Probe of StartUp failed with status code: 1
2026-05-31T17:37:42.6405946Z	biomes-node-vnet--0000063	Probe of StartUp failed with status code: 1
2026-05-31T17:37:43.6007435Z	biomes-node-vnet--0000063	Probe of StartUp failed with status code: 1
2026-05-31T17:37:44.6173861Z	biomes-node-vnet--0000063	Probe of StartUp failed with status code: 1
2026-05-31T17:37:45.6617313Z	biomes-node-vnet--0000063	Probe of StartUp failed with status code: 1
2026-05-31T17:37:46.5705013Z	biomes-node-vnet--0000063	Probe of StartUp failed with status code: 1
2026-05-31T17:37:47.6731492Z	biomes-node-vnet--0000063	Probe of StartUp failed with status code: 1
2026-05-31T17:37:48.5889535Z	biomes-node-vnet--0000063	Probe of StartUp failed with status code: 1
2026-05-31T17:37:48.5889535Z	biomes-node-vnet--0000063	The TargetPort 3000 does not match any of the listening ports: [4704 4701 3604 3601 4901 3104 3101 3401 4601 3501].
2026-05-31T17:37:49.7447989Z	biomes-node-vnet--0000063	Probe of StartUp failed with status code: 1
2026-05-31T17:37:50.6606379Z	biomes-node-vnet--0000063	Probe of StartUp failed with status code: 1
2026-05-31T17:37:51.6697776Z	biomes-node-vnet--0000063	Probe of StartUp failed with status code: 1
2026-05-31T17:37:52.6071137Z	biomes-node-vnet--0000063	Probe of StartUp failed with status code: 1
2026-05-31T17:37:53.5961579Z	biomes-node-vnet--0000063	Probe of StartUp failed with status code: 1
2026-05-31T17:37:54.5835662Z	biomes-node-vnet--0000063	Probe of StartUp failed with status code: 1
2026-05-31T17:37:55.7130713Z	biomes-node-vnet--0000063	Probe of StartUp failed with status code: 1
2026-05-31T17:37:56.6660053Z	biomes-node-vnet--0000063	Probe of StartUp failed with status code: 1
2026-05-31T17:37:57.670069Z	biomes-node-vnet--0000063	Probe of StartUp failed with status code: 1
2026-05-31T17:37:58.6332378Z	biomes-node-vnet--0000063	Probe of StartUp failed with status code: 1
2026-05-31T17:37:59.6013892Z	biomes-node-vnet--0000063	Probe of StartUp failed with status code: 1
2026-05-31T17:38:00.5777713Z	biomes-node-vnet--0000063	Probe of StartUp failed with status code: 1
2026-05-31T17:38:01.6090822Z	biomes-node-vnet--0000063	Probe of StartUp failed with status code: 1
2026-05-31T17:38:02.6579348Z	biomes-node-vnet--0000063	Probe of StartUp failed with status code: 1
2026-05-31T17:38:03.63016Z	biomes-node-vnet--0000063	Probe of StartUp failed with status code: 1
2026-05-31T17:38:04.6451355Z	biomes-node-vnet--0000063	Probe of StartUp failed with status code: 1
2026-05-31T17:38:05.6343458Z	biomes-node-vnet--0000063	Probe of StartUp failed with status code: 1
2026-05-31T17:38:06.6494172Z	biomes-node-vnet--0000063	Probe of StartUp failed with status code: 1
2026-05-31T17:38:07.647481Z	biomes-node-vnet--0000063	Probe of StartUp failed with status code: 1
2026-05-31T17:38:08.5831711Z	biomes-node-vnet--0000063	Probe of StartUp failed with status code: 1
2026-05-31T17:38:09.6150777Z	biomes-node-vnet--0000063	Probe of StartUp failed with status code: 1
2026-05-31T17:38:10.6584619Z	biomes-node-vnet--0000063	Probe of StartUp failed with status code: 1
2026-05-31T17:38:11.6465759Z	biomes-node-vnet--0000063	Probe of StartUp failed with status code: 1
2026-05-31T17:38:13.0340045Z	biomes-node-vnet--0000063	Probe of StartUp failed with status code: 1
2026-05-31T17:38:13.6105802Z	biomes-node-vnet--0000063	Probe of StartUp failed with status code: 1
2026-05-31T17:38:14.5909745Z	biomes-node-vnet--0000063	Probe of StartUp failed with status code: 1
2026-05-31T17:38:15.5820736Z	biomes-node-vnet--0000063	Probe of StartUp failed with status code: 1
2026-05-31T17:38:16.584961Z	biomes-node-vnet--0000063	Probe of StartUp failed with status code: 1
2026-05-31T17:38:17.7379336Z	biomes-node-vnet--0000063	Probe of StartUp failed with status code: 1
2026-05-31T17:38:18.5829638Z	biomes-node-vnet--0000063	Probe of StartUp failed with status code: 1
2026-05-31T17:38:19.610592Z	biomes-node-vnet--0000063	Probe of StartUp failed with status code: 1
2026-05-31T17:38:20.6663942Z	biomes-node-vnet--0000063	Probe of StartUp failed with status code: 1
2026-05-31T17:38:21.6642067Z	biomes-node-vnet--0000063	Probe of StartUp failed with status code: 1
2026-05-31T17:38:22.6025977Z	biomes-node-vnet--0000063	Probe of StartUp failed with status code: 1
2026-05-31T17:38:23.5997646Z	biomes-node-vnet--0000063	Probe of StartUp failed with status code: 1
2026-05-31T17:38:24.6394945Z	biomes-node-vnet--0000063	Probe of StartUp failed with status code: 1
2026-05-31T17:38:25.6071923Z	biomes-node-vnet--0000063	Probe of StartUp failed with status code: 1
2026-05-31T17:38:26.6935879Z	biomes-node-vnet--0000063	Probe of StartUp failed with status code: 1
2026-05-31T17:38:27.5789039Z	biomes-node-vnet--0000063	Probe of StartUp failed with status code: 1
2026-05-31T17:38:28.6510491Z	biomes-node-vnet--0000063	Probe of StartUp failed with status code: 1
2026-05-31T17:38:29.6930158Z	biomes-node-vnet--0000063	Probe of StartUp failed with status code: 1
2026-05-31T17:38:30.671758Z	biomes-node-vnet--0000063	Probe of StartUp failed with status code: 1
2026-05-31T17:38:31.6805761Z	biomes-node-vnet--0000063	Probe of StartUp failed with status code: 1
2026-05-31T17:38:32.6464183Z	biomes-node-vnet--0000063	Probe of StartUp failed with status code: 1
2026-05-31T17:38:33.7535131Z	biomes-node-vnet--0000063	Probe of StartUp failed with status code: 1
2026-05-31T17:38:34.662343Z	biomes-node-vnet--0000063	Probe of StartUp failed with status code: 1
2026-05-31T17:38:35.6526332Z	biomes-node-vnet--0000063	Probe of StartUp failed with status code: 1
2026-05-31T17:38:36.6566776Z	biomes-node-vnet--0000063	Probe of StartUp failed with status code: 1
2026-05-31T17:38:37.7032735Z	biomes-node-vnet--0000063	Probe of StartUp failed with status code: 1
2026-05-31T17:38:38.6608087Z	biomes-node-vnet--0000063	Probe of StartUp failed with status code: 1
2026-05-31T17:38:39.649631Z	biomes-node-vnet--0000063	Probe of StartUp failed with status code: 1
2026-05-31T17:38:40.7343016Z	biomes-node-vnet--0000063	Probe of StartUp failed with status code: 1
2026-05-31T17:38:41.5800547Z	biomes-node-vnet--0000063	Probe of StartUp failed with status code: 1
2026-05-31T17:38:42.6023349Z	biomes-node-vnet--0000063	Probe of StartUp failed with status code: 1
2026-05-31T17:38:43.7658573Z	biomes-node-vnet--0000063	Probe of StartUp failed with status code: 1
2026-05-31T17:38:44.6718315Z	biomes-node-vnet--0000063	Probe of StartUp failed with status code: 1
2026-05-31T17:38:45.610419Z	biomes-node-vnet--0000063	Probe of StartUp failed with status code: 1
2026-05-31T17:38:46.6599629Z	biomes-node-vnet--0000063	Probe of StartUp failed with status code: 1
2026-05-31T17:38:47.7001347Z	biomes-node-vnet--0000063	Probe of StartUp failed with status code: 1
2026-05-31T17:38:48.6643102Z	biomes-node-vnet--0000063	Probe of StartUp failed with status code: 1
2026-05-31T17:38:49.615423Z	biomes-node-vnet--0000063	Probe of StartUp failed with status code: 1
2026-05-31T17:38:50.6364066Z	biomes-node-vnet--0000063	Probe of StartUp failed with status code: 1
2026-05-31T17:38:51.6757227Z	biomes-node-vnet--0000063	Probe of StartUp failed with status code: 1
2026-05-31T17:38:52.596707Z	biomes-node-vnet--0000063	Probe of StartUp failed with status code: 1
2026-05-31T17:38:53.6767166Z	biomes-node-vnet--0000063	Probe of StartUp failed with status code: 1
2026-05-31T17:38:54.5805982Z	biomes-node-vnet--0000063	Probe of StartUp failed with status code: 1
2026-05-31T17:38:55.6286584Z	biomes-node-vnet--0000063	Probe of StartUp failed with status code: 1
2026-05-31T17:38:56.6212208Z	biomes-node-vnet--0000063	Probe of StartUp failed with status code: 1
2026-05-31T17:38:57.6294263Z	biomes-node-vnet--0000063	Probe of StartUp failed with status code: 1
2026-05-31T17:38:58.8728041Z	biomes-node-vnet--0000063	Probe of StartUp failed with status code: 1
2026-05-31T17:38:59.7615771Z	biomes-node-vnet--0000063	Probe of StartUp failed with status code: 1
2026-05-31T17:39:00.6012984Z	biomes-node-vnet--0000063	Probe of StartUp failed with status code: 1
2026-05-31T17:39:01.6519939Z	biomes-node-vnet--0000063	Probe of StartUp failed with status code: 1
2026-05-31T17:39:02.7286627Z	biomes-node-vnet--0000063	Probe of StartUp failed with status code: 1
2026-05-31T17:39:03.5858042Z	biomes-node-vnet--0000063	Probe of StartUp failed with status code: 1
2026-05-31T17:39:04.6684542Z	biomes-node-vnet--0000063	Probe of StartUp failed with status code: 1
2026-05-31T17:39:05.6140406Z	biomes-node-vnet--0000063	Probe of StartUp failed with status code: 1
2026-05-31T17:39:06.6274776Z	biomes-node-vnet--0000063	Probe of StartUp failed with status code: 1
2026-05-31T17:39:07.7206321Z	biomes-node-vnet--0000063	Probe of StartUp failed with status code: 1
2026-05-31T17:39:08.6507562Z	biomes-node-vnet--0000063	Probe of StartUp failed with status code: 1
2026-05-31T17:39:09.6699825Z	biomes-node-vnet--0000063	Probe of StartUp failed with status code: 1
2026-05-31T17:39:10.644508Z	biomes-node-vnet--0000063	Probe of StartUp failed with status code: 1
2026-05-31T17:39:11.6071206Z	biomes-node-vnet--0000063	Probe of StartUp failed with status code: 1
2026-05-31T17:39:12.6083121Z	biomes-node-vnet--0000063	Probe of StartUp failed with status code: 1
2026-05-31T17:39:13.6360008Z	biomes-node-vnet--0000063	Probe of StartUp failed with status code: 1
2026-05-31T17:39:14.6466111Z	biomes-node-vnet--0000063	Probe of StartUp failed with status code: 1
2026-05-31T17:39:15.6414891Z	biomes-node-vnet--0000063	Probe of StartUp failed with status code: 1
2026-05-31T17:39:16.6789496Z	biomes-node-vnet--0000063	Probe of StartUp failed with status code: 1
2026-05-31T17:39:17.6527629Z	biomes-node-vnet--0000063	Probe of StartUp failed with status code: 1
2026-05-31T17:39:18.9083485Z	biomes-node-vnet--0000063	Probe of StartUp failed with status code: 1
2026-05-31T17:39:18.9083485Z	biomes-node-vnet--0000064	Updating revision : biomes-node-vnet--0000064
2026-05-31T17:39:19.6164355Z	biomes-node-vnet--0000064	Successfully provisioned revision 'biomes-node-vnet--0000064'
2026-05-31T17:39:19.6164355Z	biomes-node-vnet--0000064	Successfully provisioned revision 'biomes-node-vnet--0000064'
2026-05-31T17:39:19.6164355Z		Setting a traffic weight of '100%' for revision 'biomes-node-vnet--0000064'
2026-05-31T17:39:19.6164355Z	biomes-node-vnet--0000063	Probe of StartUp failed with status code: 1
2026-05-31T17:39:19.6164355Z		Setting a traffic weight of '100%' for revision 'biomes-node-vnet--0000064'
2026-05-31T17:39:19.6164355Z	biomes-node-vnet--0000064	Updating revision : biomes-node-vnet--0000064
2026-05-31T17:39:20.6385439Z	biomes-node-vnet--0000063	Probe of StartUp failed with status code: 1
2026-05-31T17:39:21.6198464Z	biomes-node-vnet--0000063	Probe of StartUp failed with status code: 1
2026-05-31T17:39:23.1576113Z	biomes-node-vnet--0000063	Probe of StartUp failed with status code: 1
2026-05-31T17:39:23.6173685Z	biomes-node-vnet--0000063	Probe of StartUp failed with status code: 1
2026-05-31T17:39:24.642094Z	biomes-node-vnet--0000063	Probe of StartUp failed with status code: 1
2026-05-31T17:39:25.63438Z	biomes-node-vnet--0000063	Probe of StartUp failed with status code: 1
2026-05-31T17:39:26.6277045Z	biomes-node-vnet--0000063	Probe of StartUp failed with status code: 1
2026-05-31T17:39:27.755398Z	biomes-node-vnet--0000063	Probe of StartUp failed with status code: 1
2026-05-31T17:39:28.6300919Z	biomes-node-vnet--0000063	Probe of StartUp failed with status code: 1
2026-05-31T17:39:29.6294394Z	biomes-node-vnet--0000063	Probe of StartUp failed with status code: 1
2026-05-31T17:39:30.6409308Z	biomes-node-vnet--0000063	Probe of StartUp failed with status code: 1
2026-05-31T17:39:31.5922958Z	biomes-node-vnet--0000063	Probe of StartUp failed with status code: 1
2026-05-31T17:39:32.6474549Z	biomes-node-vnet--0000063	Probe of StartUp failed with status code: 1
2026-05-31T17:39:33.6498052Z	biomes-node-vnet--0000063	Probe of StartUp failed with status code: 1
2026-05-31T17:39:34.7039178Z	biomes-node-vnet--0000063	Probe of StartUp failed with status code: 1
2026-05-31T17:39:35.6175061Z	biomes-node-vnet--0000063	Probe of StartUp failed with status code: 1
2026-05-31T17:39:36.7771216Z	biomes-node-vnet--0000063	Probe of StartUp failed with status code: 1
2026-05-31T17:39:37.6335495Z	biomes-node-vnet--0000063	Probe of StartUp failed with status code: 1
2026-05-31T17:39:38.6192791Z	biomes-node-vnet--0000063	Probe of StartUp failed with status code: 1
2026-05-31T17:39:39.6183684Z	biomes-node-vnet--0000063	Probe of StartUp failed with status code: 1
2026-05-31T17:39:40.6569843Z	biomes-node-vnet--0000063	Probe of StartUp failed with status code: 1
2026-05-31T17:39:41.5773005Z	biomes-node-vnet--0000063	Probe of StartUp failed with status code: 1
2026-05-31T17:39:42.6555223Z	biomes-node-vnet--0000063	Probe of StartUp failed with status code: 1
2026-05-31T17:39:43.6139421Z	biomes-node-vnet--0000063	Probe of StartUp failed with status code: 1
2026-05-31T17:39:44.6299135Z	biomes-node-vnet--0000063	Probe of StartUp failed with status code: 1
2026-05-31T17:39:45.6568608Z	biomes-node-vnet--0000063	Probe of StartUp failed with status code: 1
2026-05-31T17:39:46.6153995Z	biomes-node-vnet--0000063	Probe of StartUp failed with status code: 1
2026-05-31T17:39:47.6359131Z	biomes-node-vnet--0000063	KEDA is stopping the watch for revision 'biomes-node-vnet--0000063' to monitor scale operations for this revision
2026-05-31T17:39:47.6359131Z	biomes-node-vnet--0000063	Probe of StartUp failed with status code: 1
2026-05-31T17:42:40.6201348Z	biomes-node-vnet--0000062	Revision 'biomes-node-vnet--0000062' provisioning timed out after progression deadline.
2026-05-31T17:42:40.6201348Z	biomes-node-vnet--0000062	Revision 'biomes-node-vnet--0000062' provisioning timed out after progression deadline.
2026-05-31T17:42:41.6836744Z	biomes-node-vnet--0000062	Revision 'biomes-node-vnet--0000062' provisioning timed out after progression deadline.
2026-05-31T22:48:05.6075808Z		Rolling Transition: Successfully completed rolling over existing to latest revision for containerApp: biomes-node-vnet
2026-05-31T22:48:05.6075808Z	biomes-node-vnet--0000064	Creating a new revision: biomes-node-vnet--0000065
2026-05-31T22:48:05.6075808Z	biomes-node-vnet--0000065	Updating revision : biomes-node-vnet--0000065
2026-05-31T22:48:06.6048662Z	biomes-node-vnet--0000065	Updating revision : biomes-node-vnet--0000065
2026-05-31T22:48:06.6048662Z	biomes-node-vnet--0000065	Updating revision : biomes-node-vnet--0000065
2026-05-31T22:48:06.6048662Z	biomes-node-vnet--0000065	KEDA is starting a watch for revision 'biomes-node-vnet--0000065' to monitor scale operations for this revision
2026-05-31T22:48:07.6173236Z		Setting a traffic weight of '100%' for revision 'biomes-node-vnet--0000064'
2026-05-31T22:48:07.6173236Z	biomes-node-vnet--0000065	Updating revision : biomes-node-vnet--0000065
2026-05-31T22:48:07.6173236Z	biomes-node-vnet--0000065	Updating revision : biomes-node-vnet--0000065
2026-05-31T22:48:07.6173236Z		Setting a traffic weight of '100%' for revision 'biomes-node-vnet--0000064'
2026-05-31T22:48:07.6173236Z	biomes-node-vnet--0000065	Successfully provisioned revision 'biomes-node-vnet--0000065'
2026-05-31T22:48:07.6173236Z	biomes-node-vnet--0000065	Successfully provisioned revision 'biomes-node-vnet--0000065'
2026-05-31T22:48:07.6173236Z		Rolling Transition: Successfully completed rolling over existing to latest revision for containerApp: biomes-node-vnet
2026-05-31T22:48:08.6246732Z	biomes-node-vnet--0000065	Successfully provisioned revision 'biomes-node-vnet--0000065'
2026-05-31T22:48:08.6246732Z		Setting a traffic weight of '100%' for revision 'biomes-node-vnet--0000064'
2026-05-31T22:55:09.6283049Z	biomes-node-vnet--0000062	KEDA is stopping the watch for revision 'biomes-node-vnet--0000062' to monitor scale operations for this revision
2026-05-31T22:58:06.6133402Z	biomes-node-vnet--0000065	Revision 'biomes-node-vnet--0000065' provisioning timed out after progression deadline.
2026-05-31T22:58:06.6133402Z	biomes-node-vnet--0000065	Revision 'biomes-node-vnet--0000065' provisioning timed out after progression deadline.
2026-05-31T22:58:06.6133402Z	biomes-node-vnet--0000065	Revision 'biomes-node-vnet--0000065' provisioning timed out after progression deadline.
2026-05-31T23:03:15.5993956Z	biomes-node-vnet--0000065	startup probe failed: connection refused
2026-05-31T23:03:16.5953076Z	biomes-node-vnet--0000065	startup probe failed: connection refused
2026-05-31T23:03:17.618873Z	biomes-node-vnet--0000065	startup probe failed: connection refused
2026-05-31T23:03:18.5994107Z	biomes-node-vnet--0000065	startup probe failed: connection refused
2026-05-31T23:03:19.605245Z	biomes-node-vnet--0000065	startup probe failed: connection refused
2026-05-31T23:03:20.6602407Z	biomes-node-vnet--0000065	startup probe failed: connection refused
2026-05-31T23:03:21.5945108Z	biomes-node-vnet--0000065	startup probe failed: connection refused
2026-05-31T23:03:22.6282676Z	biomes-node-vnet--0000065	startup probe failed: connection refused
2026-05-31T23:03:23.6056811Z	biomes-node-vnet--0000065	startup probe failed: connection refused
2026-05-31T23:03:24.630139Z	biomes-node-vnet--0000065	startup probe failed: connection refused
2026-05-31T23:03:25.6087129Z	biomes-node-vnet--0000065	startup probe failed: connection refused
2026-05-31T23:03:26.6003512Z	biomes-node-vnet--0000065	startup probe failed: connection refused
2026-05-31T23:03:27.5976373Z	biomes-node-vnet--0000065	startup probe failed: connection refused
2026-05-31T23:03:28.7299261Z	biomes-node-vnet--0000065	startup probe failed: connection refused
2026-05-31T23:03:29.5852614Z	biomes-node-vnet--0000065	startup probe failed: connection refused
2026-05-31T23:03:30.6231491Z	biomes-node-vnet--0000065	startup probe failed: connection refused
2026-05-31T23:03:31.5900681Z	biomes-node-vnet--0000065	startup probe failed: connection refused
2026-05-31T23:03:32.5862695Z	biomes-node-vnet--0000065	startup probe failed: connection refused
2026-05-31T23:03:33.5886043Z	biomes-node-vnet--0000065	startup probe failed: connection refused
2026-05-31T23:03:34.7937587Z	biomes-node-vnet--0000065	startup probe failed: connection refused
2026-05-31T23:03:35.5994829Z	biomes-node-vnet--0000065	startup probe failed: connection refused
2026-05-31T23:03:36.945511Z	biomes-node-vnet--0000065	startup probe failed: connection refused
2026-05-31T23:03:37.6389295Z	biomes-node-vnet--0000065	startup probe failed: connection refused
2026-05-31T23:03:38.660457Z	biomes-node-vnet--0000065	startup probe failed: connection refused
2026-05-31T23:03:39.6021321Z	biomes-node-vnet--0000065	startup probe failed: connection refused
2026-05-31T23:07:15.6178664Z	biomes-node-vnet--0000065	Container biomes-node-vnet failed startup probe, will be restarted
2026-05-31T23:08:15.6435775Z	biomes-node-vnet--0000065	startup probe failed: connection refused
2026-05-31T23:10:42.6349467Z	biomes-node-vnet--0000066	Updating revision : biomes-node-vnet--0000066
2026-05-31T23:10:42.6349467Z		Rolling Transition: Successfully completed rolling over existing to latest revision for containerApp: biomes-node-vnet
2026-05-31T23:10:42.6349467Z	biomes-node-vnet--0000066	KEDA is starting a watch for revision 'biomes-node-vnet--0000066' to monitor scale operations for this revision
2026-05-31T23:10:42.6349467Z		Rolling Transition: Successfully completed rolling over existing to latest revision for containerApp: biomes-node-vnet
2026-05-31T23:10:42.6349467Z	biomes-node-vnet--0000065	Creating a new revision: biomes-node-vnet--0000066
2026-05-31T23:10:42.6349467Z		Rolling Transition: Successfully completed rolling over existing to latest revision for containerApp: biomes-node-vnet
2026-05-31T23:10:42.6349467Z		Rolling Transition: Successfully completed rolling over existing to latest revision for containerApp: biomes-node-vnet
2026-05-31T23:10:43.6308281Z		Rolling Transition: Successfully completed rolling over existing to latest revision for containerApp: biomes-node-vnet
2026-05-31T23:10:43.6308281Z	biomes-node-vnet--0000066	Updating revision : biomes-node-vnet--0000066
2026-05-31T23:10:43.6308281Z		Setting a traffic weight of '100%' for revision 'biomes-node-vnet--0000064'
2026-05-31T23:10:43.6308281Z	biomes-node-vnet--0000066	Successfully provisioned revision 'biomes-node-vnet--0000066'
2026-05-31T23:10:44.6341636Z	biomes-node-vnet--0000066	Updating revision : biomes-node-vnet--0000066
2026-05-31T23:10:44.6341636Z		Setting a traffic weight of '100%' for revision 'biomes-node-vnet--0000064'
2026-05-31T23:10:44.6341636Z	biomes-node-vnet--0000066	Successfully provisioned revision 'biomes-node-vnet--0000066'
2026-05-31T23:10:44.6341636Z	biomes-node-vnet--0000066	Successfully provisioned revision 'biomes-node-vnet--0000066'
2026-05-31T23:10:44.6341636Z		Setting a traffic weight of '100%' for revision 'biomes-node-vnet--0000064'
2026-05-31T23:10:56.6095964Z	biomes-node-vnet--0000065	KEDA is stopping the watch for revision 'biomes-node-vnet--0000065' to monitor scale operations for this revision
2026-05-31T23:12:33.6948205Z	biomes-node-vnet--0000066	startup probe failed: connection refused
2026-05-31T23:12:38.6898495Z	biomes-node-vnet--0000066	startup probe failed: connection refused
2026-05-31T23:12:38.6898495Z	biomes-node-vnet--0000066	The TargetPort 3000 does not match the listening port 3101.
2026-05-31T23:12:38.6898495Z	biomes-node-vnet--0000066	The TargetPort 3000 does not match the listening port 3101.
2026-05-31T23:12:40.607986Z	biomes-node-vnet--0000066	The TargetPort 3000 does not match the listening port 3101.
2026-05-31T23:12:43.6022373Z	biomes-node-vnet--0000066	startup probe failed: connection refused
2026-05-31T23:12:43.6022373Z	biomes-node-vnet--0000066	The TargetPort 3000 does not match the listening port 3101.
2026-05-31T23:12:45.7305169Z	biomes-node-vnet--0000066	The TargetPort 3000 does not match the listening port 3101.
2026-05-31T23:12:47.6185357Z	biomes-node-vnet--0000066	The TargetPort 3000 does not match the listening port 3101.
2026-05-31T23:12:48.6176139Z	biomes-node-vnet--0000066	startup probe failed: connection refused
2026-05-31T23:12:50.6070305Z	biomes-node-vnet--0000066	The TargetPort 3000 does not match the listening port 3101.
2026-05-31T23:12:52.6330745Z	biomes-node-vnet--0000066	The TargetPort 3000 does not match the listening port 3101.
2026-05-31T23:12:53.6302381Z	biomes-node-vnet--0000066	startup probe failed: connection refused
2026-05-31T23:12:54.6242203Z	biomes-node-vnet--0000066	The TargetPort 3000 does not match the listening port 3101.
2026-05-31T23:12:57.6298092Z	biomes-node-vnet--0000066	The TargetPort 3000 does not match the listening port 3101.
2026-05-31T23:12:58.5942989Z	biomes-node-vnet--0000066	startup probe failed: connection refused
2026-05-31T23:12:59.6136322Z	biomes-node-vnet--0000066	The TargetPort 3000 does not match any of the listening ports: [3104 3101].
2026-05-31T23:13:00.6327084Z	biomes-node-vnet--0000066	The TargetPort 3000 does not match any of the listening ports: [3104 3101].
2026-05-31T23:13:02.6237613Z	biomes-node-vnet--0000066	The TargetPort 3000 does not match any of the listening ports: [3104 3101].
2026-05-31T23:13:03.6041721Z	biomes-node-vnet--0000066	startup probe failed: connection refused
2026-05-31T23:13:04.6167805Z	biomes-node-vnet--0000066	The TargetPort 3000 does not match any of the listening ports: [3501 3104 3101 3601 4601 4701].
2026-05-31T23:13:05.5914571Z	biomes-node-vnet--0000066	The TargetPort 3000 does not match any of the listening ports: [3501 3104 3101 3301 3601 4601 4701].
2026-05-31T23:13:05.5914571Z	biomes-node-vnet--0000066	The TargetPort 3000 does not match any of the listening ports: [3501 3104 3101 3301 3601 4601 4901 4701].
2026-05-31T23:13:05.5914571Z	biomes-node-vnet--0000066	The TargetPort 3000 does not match any of the listening ports: [3501 3104 3101 3301 3601 4601 4901 4701].
2026-05-31T23:13:07.6248356Z	biomes-node-vnet--0000066	The TargetPort 3000 does not match any of the listening ports: [3401 3501 3104 3101 3301 3604 3601 4601 4901 4704 4701].
2026-05-31T23:13:07.6248356Z	biomes-node-vnet--0000066	The TargetPort 3000 does not match any of the listening ports: [3401 3501 3104 3101 3301 3604 3601 4601 4901 4704 4701].
2026-05-31T23:13:07.6248356Z	biomes-node-vnet--0000066	The TargetPort 3000 does not match any of the listening ports: [3501 3104 3101 3301 3604 3601 4601 4901 4701].
2026-05-31T23:13:08.7306141Z	biomes-node-vnet--0000066	startup probe failed: connection refused
2026-05-31T23:13:09.5943535Z	biomes-node-vnet--0000066	The TargetPort 3000 does not match any of the listening ports: [3401 3501 3104 3101 3301 3604 3601 4601 4901 4704 4701].
2026-05-31T23:13:11.6849888Z	biomes-node-vnet--0000066	The TargetPort 3000 does not match any of the listening ports: [3401 3501 3104 3101 3301 3604 3601 4601 4901 4704 4701].
2026-05-31T23:13:13.6008552Z	biomes-node-vnet--0000066	startup probe failed: connection refused
2026-05-31T23:13:14.6222215Z	biomes-node-vnet--0000066	The TargetPort 3000 does not match any of the listening ports: [3401 3501 3104 3101 3301 3604 3601 4601 4901 4704 4701].
2026-05-31T23:13:16.6147273Z	biomes-node-vnet--0000066	The TargetPort 3000 does not match any of the listening ports: [3401 3501 3104 3101 3301 3604 3601 4601 4901 4704 4701].
2026-05-31T23:13:18.7259722Z	biomes-node-vnet--0000066	startup probe failed: connection refused
2026-05-31T23:13:19.6247857Z	biomes-node-vnet--0000066	The TargetPort 3000 does not match any of the listening ports: [3401 3501 3104 3101 3301 3604 3601 4601 4901 4704 4701].
2026-05-31T23:13:23.6078174Z	biomes-node-vnet--0000066	startup probe failed: connection refused
2026-05-31T23:13:28.5917168Z	biomes-node-vnet--0000066	startup probe failed: connection refused
2026-05-31T23:13:33.6910108Z	biomes-node-vnet--0000066	startup probe failed: connection refused
2026-05-31T23:13:38.6567101Z	biomes-node-vnet--0000066	startup probe failed: connection refused
2026-05-31T23:13:43.6116637Z	biomes-node-vnet--0000066	startup probe failed: connection refused
2026-05-31T23:13:48.6071638Z	biomes-node-vnet--0000066	startup probe failed: connection refused
2026-05-31T23:13:53.7592238Z	biomes-node-vnet--0000066	startup probe failed: connection refused
2026-05-31T23:13:58.6413348Z	biomes-node-vnet--0000066	startup probe failed: connection refused
2026-05-31T23:14:03.6257801Z	biomes-node-vnet--0000066	startup probe failed: connection refused
2026-05-31T23:14:08.6342477Z	biomes-node-vnet--0000066	startup probe failed: connection refused
2026-05-31T23:14:13.6240994Z	biomes-node-vnet--0000066	startup probe failed: connection refused
2026-05-31T23:14:18.6021586Z	biomes-node-vnet--0000066	startup probe failed: connection refused
2026-05-31T23:14:23.6082648Z	biomes-node-vnet--0000066	startup probe failed: connection refused
2026-05-31T23:14:28.6331036Z	biomes-node-vnet--0000066	startup probe failed: connection refused
2026-05-31T23:14:33.7191956Z	biomes-node-vnet--0000066	startup probe failed: connection refused
2026-05-31T23:17:38.6272074Z	biomes-node-vnet--0000066	startup probe failed: connection refused
2026-05-31T23:17:39.6219951Z	biomes-node-vnet--0000066	The TargetPort 3000 does not match any of the listening ports: [3401 3501 3104 3101 3301 3604 3601 4601 4901 4704 4701].
2026-05-31T23:20:43.6811985Z	biomes-node-vnet--0000066	Revision 'biomes-node-vnet--0000066' provisioning timed out after progression deadline.
2026-05-31T23:20:44.6348568Z	biomes-node-vnet--0000066	Revision 'biomes-node-vnet--0000066' provisioning timed out after progression deadline.
2026-05-31T23:20:48.6259595Z	biomes-node-vnet--0000066	KEDA is stopping the watch for revision 'biomes-node-vnet--0000066' to monitor scale operations for this revision
2026-05-31T23:20:57.6373338Z		Rolling Transition: Successfully completed rolling over existing to latest revision for containerApp: biomes-node-vnet
2026-05-31T23:20:57.6373338Z		Rolling Transition: Successfully completed rolling over existing to latest revision for containerApp: biomes-node-vnet
2026-05-31T23:20:57.6373338Z	biomes-node-vnet--0000066	Creating a new revision: biomes-node-vnet--0000067
2026-05-31T23:20:57.6373338Z		Rolling Transition: Successfully completed rolling over existing to latest revision for containerApp: biomes-node-vnet
2026-05-31T23:20:57.6373338Z		Rolling Transition: Successfully completed rolling over existing to latest revision for containerApp: biomes-node-vnet
2026-05-31T23:20:57.6373338Z	biomes-node-vnet--0000067	Successfully provisioned revision 'biomes-node-vnet--0000067'
2026-05-31T23:20:57.6373338Z		Setting a traffic weight of '100%' for revision 'biomes-node-vnet--0000064'
2026-05-31T23:20:58.636443Z	biomes-node-vnet--0000067	KEDA is starting a watch for revision 'biomes-node-vnet--0000067' to monitor scale operations for this revision
2026-05-31T23:20:58.636443Z		Setting a traffic weight of '100%' for revision 'biomes-node-vnet--0000064'
2026-05-31T23:20:58.636443Z		Rolling Transition: Successfully completed rolling over existing to latest revision for containerApp: biomes-node-vnet
2026-05-31T23:20:58.636443Z	biomes-node-vnet--0000067	Successfully provisioned revision 'biomes-node-vnet--0000067'
2026-05-31T23:20:58.636443Z	biomes-node-vnet--0000067	Updating revision : biomes-node-vnet--0000067
2026-05-31T23:20:58.636443Z	biomes-node-vnet--0000067	Updating revision : biomes-node-vnet--0000067
2026-05-31T23:20:58.636443Z	biomes-node-vnet--0000067	Successfully provisioned revision 'biomes-node-vnet--0000067'
2026-05-31T23:20:58.636443Z	biomes-node-vnet--0000067	Updating revision : biomes-node-vnet--0000067
2026-05-31T23:20:58.636443Z		Setting a traffic weight of '100%' for revision 'biomes-node-vnet--0000064'
2026-05-31T23:21:03.6296048Z	biomes-node-vnet--0000067	startup probe failed: connection refused
2026-05-31T23:21:08.6249593Z	biomes-node-vnet--0000067	startup probe failed: connection refused
2026-05-31T23:21:09.6332947Z	biomes-node-vnet--0000067	The TargetPort 3000 does not match the listening port 3101.
2026-05-31T23:21:09.6332947Z	biomes-node-vnet--0000067	The TargetPort 3000 does not match the listening port 3101.
2026-05-31T23:21:11.6253683Z	biomes-node-vnet--0000067	The TargetPort 3000 does not match the listening port 3101.
2026-05-31T23:21:13.620352Z	biomes-node-vnet--0000067	The TargetPort 3000 does not match the listening port 3101.
2026-05-31T23:21:13.620352Z	biomes-node-vnet--0000067	startup probe failed: connection refused
2026-05-31T23:21:16.6250351Z	biomes-node-vnet--0000067	The TargetPort 3000 does not match the listening port 3101.
2026-05-31T23:21:18.6424539Z	biomes-node-vnet--0000067	startup probe failed: connection refused
2026-05-31T23:21:18.6424539Z	biomes-node-vnet--0000067	The TargetPort 3000 does not match the listening port 3101.
2026-05-31T23:21:20.6171224Z	biomes-node-vnet--0000067	The TargetPort 3000 does not match the listening port 3101.
2026-05-31T23:21:23.6327776Z	biomes-node-vnet--0000067	The TargetPort 3000 does not match the listening port 3101.
2026-05-31T23:21:23.6327776Z	biomes-node-vnet--0000067	startup probe failed: connection refused
2026-05-31T23:21:25.6567303Z	biomes-node-vnet--0000067	The TargetPort 3000 does not match the listening port 3101.
2026-05-31T23:21:28.6270955Z	biomes-node-vnet--0000067	The TargetPort 3000 does not match the listening port 3101.
2026-05-31T23:21:28.6270955Z	biomes-node-vnet--0000067	startup probe failed: connection refused
2026-05-31T23:21:30.6373554Z	biomes-node-vnet--0000067	The TargetPort 3000 does not match any of the listening ports: [3104 3101].
2026-05-31T23:21:31.7512076Z	biomes-node-vnet--0000067	The TargetPort 3000 does not match any of the listening ports: [3104 3101].
2026-05-31T23:21:33.6192058Z	biomes-node-vnet--0000067	startup probe failed: connection refused
2026-05-31T23:21:33.6192058Z	biomes-node-vnet--0000067	The TargetPort 3000 does not match any of the listening ports: [3501 3104 3101 3301 3601 4701].
2026-05-31T23:21:33.6192058Z	biomes-node-vnet--0000067	The TargetPort 3000 does not match any of the listening ports: [3501 3104 3101 3301 3601 4601 4701].
2026-05-31T23:21:33.6192058Z	biomes-node-vnet--0000067	The TargetPort 3000 does not match any of the listening ports: [3501 3104 3101 3301 3601 4601 4701].
2026-05-31T23:21:35.780833Z	biomes-node-vnet--0000067	The TargetPort 3000 does not match any of the listening ports: [3401 3501 3104 3101 3301 3601 4601 4701].
2026-05-31T23:21:36.6516659Z	biomes-node-vnet--0000067	The TargetPort 3000 does not match any of the listening ports: [3401 3501 3104 3101 3301 3601 4601 4901 4701].
2026-05-31T23:21:36.6516659Z	biomes-node-vnet--0000067	The TargetPort 3000 does not match any of the listening ports: [3401 3501 3104 3101 3301 3601 4601 4901 4701].
2026-05-31T23:21:37.608827Z	biomes-node-vnet--0000067	The TargetPort 3000 does not match any of the listening ports: [3401 3501 3104 3101 3301 3601 4601 4901 4704 4701].
2026-05-31T23:21:38.741096Z	biomes-node-vnet--0000067	The TargetPort 3000 does not match any of the listening ports: [3401 3501 3104 3101 3301 3604 3601 4601 4901 4704 4701].
2026-05-31T23:21:38.741096Z	biomes-node-vnet--0000067	startup probe failed: connection refused
2026-05-31T23:21:38.741096Z	biomes-node-vnet--0000067	The TargetPort 3000 does not match any of the listening ports: [3401 3501 3104 3101 3301 3604 3601 4601 4901 4704 4701].
2026-05-31T23:21:40.6221622Z	biomes-node-vnet--0000067	The TargetPort 3000 does not match any of the listening ports: [3401 3501 3104 3101 3301 3604 3601 4601 4901 4704 4701].
2026-05-31T23:21:42.6871126Z	biomes-node-vnet--0000067	The TargetPort 3000 does not match any of the listening ports: [3401 3501 3104 3101 3301 3604 3601 4601 4901 4704 4701].
2026-05-31T23:21:43.7406617Z	biomes-node-vnet--0000067	startup probe failed: connection refused
2026-05-31T23:21:45.6230875Z	biomes-node-vnet--0000067	The TargetPort 3000 does not match any of the listening ports: [3401 3501 3104 3101 3301 3604 3601 4601 4901 4704 4701].
2026-05-31T23:21:47.6600556Z	biomes-node-vnet--0000067	The TargetPort 3000 does not match any of the listening ports: [3401 3501 3104 3101 3301 3604 3601 4601 4901 4704 4701].
2026-05-31T23:21:48.6354509Z	biomes-node-vnet--0000067	startup probe failed: connection refused
2026-05-31T23:21:54.3083013Z	biomes-node-vnet--0000067	startup probe failed: connection refused
2026-05-31T23:21:59.1611599Z	biomes-node-vnet--0000067	startup probe failed: connection refused
2026-05-31T23:22:03.6523917Z	biomes-node-vnet--0000067	startup probe failed: connection refused
2026-05-31T23:22:08.6654469Z	biomes-node-vnet--0000067	startup probe failed: connection refused
2026-05-31T23:22:13.6399641Z	biomes-node-vnet--0000067	startup probe failed: connection refused
2026-05-31T23:22:18.6566049Z	biomes-node-vnet--0000067	startup probe failed: connection refused
2026-05-31T23:22:23.6316406Z	biomes-node-vnet--0000067	startup probe failed: connection refused
2026-05-31T23:22:28.7077491Z	biomes-node-vnet--0000067	startup probe failed: connection refused
2026-05-31T23:22:33.7348265Z	biomes-node-vnet--0000067	startup probe failed: connection refused
2026-05-31T23:22:38.6471827Z	biomes-node-vnet--0000067	startup probe failed: connection refused
2026-05-31T23:22:43.6382073Z	biomes-node-vnet--0000067	startup probe failed: connection refused
2026-05-31T23:22:48.6174262Z	biomes-node-vnet--0000067	startup probe failed: connection refused
2026-05-31T23:22:53.6328497Z	biomes-node-vnet--0000067	startup probe failed: connection refused
2026-05-31T23:22:58.6190936Z	biomes-node-vnet--0000067	startup probe failed: connection refused
2026-05-31T23:23:03.6439223Z	biomes-node-vnet--0000067	startup probe failed: connection refused
2026-05-31T23:26:03.5976682Z	biomes-node-vnet--0000067	startup probe failed: connection refused
2026-05-31T23:26:10.738894Z	biomes-node-vnet--0000067	The TargetPort 3000 does not match any of the listening ports: [3401 3504 3501 3104 3101 3301 3604 3601 4601 4904 4901 4704 4701 4900].
2026-05-31T23:30:58.6498517Z	biomes-node-vnet--0000067	Revision 'biomes-node-vnet--0000067' provisioning timed out after progression deadline.
2026-05-31T23:30:59.6532318Z	biomes-node-vnet--0000067	Revision 'biomes-node-vnet--0000067' provisioning timed out after progression deadline.
2026-05-31T23:30:59.6532318Z	biomes-node-vnet--0000067	Revision 'biomes-node-vnet--0000067' provisioning timed out after progression deadline.
2026-05-31T23:31:08.6566027Z	biomes-node-vnet--0000067	startup probe failed: connection refused
2026-05-31T23:35:01.7062534Z	biomes-node-vnet--0000067	Updating revision : biomes-node-vnet--0000067
2026-05-31T23:35:02.6974556Z		Setting a traffic weight of '100%' for revision 'biomes-node-vnet--0000064'
2026-05-31T23:35:03.6935369Z	biomes-node-vnet--0000067	Successfully provisioned revision 'biomes-node-vnet--0000067'
2026-05-31T23:36:03.5967229Z	biomes-node-vnet--0000067	readiness probe failed: connection refused
2026-05-31T23:37:18.67908Z	biomes-node-vnet--0000067	Container biomes-node-vnet failed liveness probe, will be restarted
2026-05-31T23:37:55.6762281Z	biomes-node-vnet--0000067	The TargetPort 3000 does not match the listening port 3101.
2026-05-31T23:37:55.6762281Z	biomes-node-vnet--0000067	The TargetPort 3000 does not match the listening port 3101.
2026-05-31T23:39:49.6110334Z	biomes-node-vnet--0000067	Creating a new revision: biomes-node-vnet--0000068
2026-05-31T23:39:49.6110334Z		Rolling Transition: Successfully completed rolling over existing to latest revision for containerApp: biomes-node-vnet
2026-05-31T23:39:49.6110334Z	biomes-node-vnet--0000068	Updating revision : biomes-node-vnet--0000068
2026-05-31T23:39:50.6117425Z	biomes-node-vnet--0000068	Successfully provisioned revision 'biomes-node-vnet--0000068'
2026-05-31T23:39:50.6117425Z	biomes-node-vnet--0000068	KEDA is starting a watch for revision 'biomes-node-vnet--0000068' to monitor scale operations for this revision
2026-05-31T23:39:50.6117425Z	biomes-node-vnet--0000068	Updating revision : biomes-node-vnet--0000068
2026-05-31T23:39:50.6117425Z		Rolling Transition: Successfully completed rolling over existing to latest revision for containerApp: biomes-node-vnet
2026-05-31T23:39:51.6355832Z	biomes-node-vnet--0000068	Updating revision : biomes-node-vnet--0000068
2026-05-31T23:39:51.6355832Z	biomes-node-vnet--0000068	Successfully provisioned revision 'biomes-node-vnet--0000068'
2026-05-31T23:39:51.6355832Z	biomes-node-vnet--0000068	Updating revision : biomes-node-vnet--0000068
2026-05-31T23:39:52.5938393Z	biomes-node-vnet--0000068	Successfully provisioned revision 'biomes-node-vnet--0000068'
2026-05-31T23:41:03.7258379Z	biomes-node-vnet--0000067	startup probe failed: connection refused
2026-05-31T23:41:11.6879567Z	biomes-node-vnet--0000067	The TargetPort 3000 does not match any of the listening ports: [3401 3504 3501 3104 3101 3301 3604 3601 4601 4904 4901 4704 4701 4900].
2026-05-31T23:44:56.6418466Z	biomes-node-vnet--0000068	startup probe failed: connection refused
2026-05-31T23:44:57.61715Z	biomes-node-vnet--0000068	The TargetPort 3000 does not match the listening port 3101.
2026-05-31T23:44:57.61715Z	biomes-node-vnet--0000068	The TargetPort 3000 does not match the listening port 3101.
2026-05-31T23:44:59.6045881Z	biomes-node-vnet--0000068	The TargetPort 3000 does not match the listening port 3101.
2026-05-31T23:45:01.6343239Z	biomes-node-vnet--0000068	startup probe failed: connection refused
2026-05-31T23:45:02.6374089Z	biomes-node-vnet--0000068	The TargetPort 3000 does not match the listening port 3101.
2026-05-31T23:45:04.6484465Z	biomes-node-vnet--0000068	The TargetPort 3000 does not match the listening port 3101.
2026-05-31T23:45:06.6142463Z	biomes-node-vnet--0000068	startup probe failed: connection refused
2026-05-31T23:45:07.6392057Z	biomes-node-vnet--0000068	The TargetPort 3000 does not match the listening port 3101.
2026-05-31T23:45:09.6405553Z	biomes-node-vnet--0000068	The TargetPort 3000 does not match the listening port 3101.
2026-05-31T23:45:11.6344135Z	biomes-node-vnet--0000068	startup probe failed: connection refused
2026-05-31T23:45:11.6344135Z	biomes-node-vnet--0000068	The TargetPort 3000 does not match the listening port 3101.
2026-05-31T23:45:14.6992737Z	biomes-node-vnet--0000068	The TargetPort 3000 does not match the listening port 3101.
2026-05-31T23:45:16.6430614Z	biomes-node-vnet--0000068	The TargetPort 3000 does not match the listening port 3101.
2026-05-31T23:45:16.6430614Z	biomes-node-vnet--0000068	startup probe failed: connection refused
2026-05-31T23:45:18.7402738Z	biomes-node-vnet--0000068	The TargetPort 3000 does not match any of the listening ports: [3104 3101].
2026-05-31T23:45:19.637219Z	biomes-node-vnet--0000068	The TargetPort 3000 does not match any of the listening ports: [3104 3101].
2026-05-31T23:45:21.6338694Z	biomes-node-vnet--0000068	The TargetPort 3000 does not match any of the listening ports: [3104 3101].
2026-05-31T23:45:21.6338694Z	biomes-node-vnet--0000068	startup probe failed: connection refused
2026-05-31T23:45:23.6334157Z	biomes-node-vnet--0000068	The TargetPort 3000 does not match any of the listening ports: [4901 4701 4601 3601 3501 3104 3101 3301].
2026-05-31T23:45:24.8118462Z	biomes-node-vnet--0000068	The TargetPort 3000 does not match any of the listening ports: [4901 4701 4601 3601 3501 3104 3101 3301].
2026-05-31T23:45:26.6557205Z	biomes-node-vnet--0000068	The TargetPort 3000 does not match any of the listening ports: [4901 4704 4701 4601 3601 3401 3501 3104 3101 3301].
2026-05-31T23:45:26.6557205Z	biomes-node-vnet--0000068	The TargetPort 3000 does not match any of the listening ports: [4901 4704 4701 4601 3604 3601 3401 3501 3104 3101 3301].
2026-05-31T23:45:26.6557205Z	biomes-node-vnet--0000068	startup probe failed: connection refused
2026-05-31T23:45:27.7570765Z	biomes-node-vnet--0000068	The TargetPort 3000 does not match any of the listening ports: [4901 4704 4701 4601 3604 3601 3401 3501 3104 3101 3301].
2026-05-31T23:45:28.6799479Z	biomes-node-vnet--0000068	The TargetPort 3000 does not match any of the listening ports: [4901 4704 4701 4601 3604 3601 3401 3501 3104 3101 3301].
2026-05-31T23:45:30.6460279Z	biomes-node-vnet--0000068	The TargetPort 3000 does not match any of the listening ports: [4901 4704 4701 4601 3604 3601 3401 3501 3104 3101 3301].
2026-05-31T23:45:31.665459Z	biomes-node-vnet--0000068	startup probe failed: connection refused
2026-05-31T23:45:33.6971344Z	biomes-node-vnet--0000068	The TargetPort 3000 does not match any of the listening ports: [4901 4704 4701 4601 3604 3601 3401 3501 3104 3101 3301].
2026-05-31T23:45:35.6454461Z	biomes-node-vnet--0000068	The TargetPort 3000 does not match any of the listening ports: [4901 4704 4701 4601 3604 3601 3401 3501 3104 3101 3301].
2026-05-31T23:45:36.6479168Z	biomes-node-vnet--0000068	startup probe failed: connection refused
2026-05-31T23:45:38.6514844Z	biomes-node-vnet--0000068	The TargetPort 3000 does not match any of the listening ports: [4901 4704 4701 4601 3604 3601 3401 3501 3104 3101 3301].
2026-05-31T23:45:40.6459417Z	biomes-node-vnet--0000068	The TargetPort 3000 does not match any of the listening ports: [4901 4704 4701 4601 3604 3601 3401 3501 3104 3101 3301].
2026-05-31T23:45:41.6131102Z	biomes-node-vnet--0000068	startup probe failed: connection refused
2026-05-31T23:45:42.6245907Z	biomes-node-vnet--0000068	The TargetPort 3000 does not match any of the listening ports: [4901 4704 4701 4601 3604 3601 3401 3501 3104 3101 3301].
2026-05-31T23:45:46.6576287Z	biomes-node-vnet--0000068	startup probe failed: connection refused
2026-05-31T23:45:51.6230644Z	biomes-node-vnet--0000068	startup probe failed: connection refused
2026-05-31T23:45:56.6246495Z	biomes-node-vnet--0000068	startup probe failed: connection refused
2026-05-31T23:46:01.6337067Z	biomes-node-vnet--0000068	startup probe failed: connection refused
2026-05-31T23:46:03.6569833Z	biomes-node-vnet--0000067	startup probe failed: connection refused
2026-05-31T23:46:06.6412454Z	biomes-node-vnet--0000068	startup probe failed: connection refused
2026-05-31T23:46:09.6028349Z	biomes-node-vnet--0000067	The TargetPort 3000 does not match any of the listening ports: [3401 3504 3501 3104 3101 3301 3604 3601 4601 4904 4901 4704 4701 4900].
2026-05-31T23:46:11.6375352Z	biomes-node-vnet--0000068	startup probe failed: connection refused
2026-05-31T23:46:16.6784111Z	biomes-node-vnet--0000068	startup probe failed: connection refused
2026-05-31T23:46:21.6271807Z	biomes-node-vnet--0000068	startup probe failed: connection refused
2026-05-31T23:46:26.63419Z	biomes-node-vnet--0000068	startup probe failed: connection refused
2026-05-31T23:46:31.6392796Z	biomes-node-vnet--0000068	startup probe failed: connection refused
2026-05-31T23:46:36.6305164Z	biomes-node-vnet--0000068	startup probe failed: connection refused
2026-05-31T23:46:41.6257885Z	biomes-node-vnet--0000068	startup probe failed: connection refused
2026-05-31T23:46:46.6431329Z	biomes-node-vnet--0000068	startup probe failed: connection refused
2026-05-31T23:46:51.6251098Z	biomes-node-vnet--0000068	startup probe failed: connection refused
2026-05-31T23:46:56.706071Z	biomes-node-vnet--0000068	startup probe failed: connection refused
2026-05-31T23:49:33.6570717Z	biomes-node-vnet--0000068	Creating a new revision: biomes-node-vnet--0000069
2026-05-31T23:49:33.6570717Z		Rolling Transition: Successfully completed rolling over existing to latest revision for containerApp: biomes-node-vnet
2026-05-31T23:49:33.6570717Z		Rolling Transition: Successfully completed rolling over existing to latest revision for containerApp: biomes-node-vnet
2026-05-31T23:49:33.6570717Z		Rolling Transition: Successfully completed rolling over existing to latest revision for containerApp: biomes-node-vnet
2026-05-31T23:49:34.62158Z	biomes-node-vnet--0000069	Updating revision : biomes-node-vnet--0000069
2026-05-31T23:49:34.62158Z	biomes-node-vnet--0000069	KEDA is starting a watch for revision 'biomes-node-vnet--0000069' to monitor scale operations for this revision
2026-05-31T23:49:34.62158Z		Rolling Transition: Successfully completed rolling over existing to latest revision for containerApp: biomes-node-vnet
2026-05-31T23:49:34.62158Z	biomes-node-vnet--0000069	Updating revision : biomes-node-vnet--0000069
2026-05-31T23:49:35.6357934Z	biomes-node-vnet--0000069	Updating revision : biomes-node-vnet--0000069
2026-05-31T23:49:36.6783144Z	biomes-node-vnet--0000069	Updating revision : biomes-node-vnet--0000069
2026-05-31T23:49:36.6783144Z	biomes-node-vnet--0000069	Successfully provisioned revision 'biomes-node-vnet--0000069'
2026-05-31T23:49:36.6783144Z		Rolling Transition: Successfully completed rolling over existing to latest revision for containerApp: biomes-node-vnet
2026-05-31T23:49:36.6783144Z	biomes-node-vnet--0000069	Successfully provisioned revision 'biomes-node-vnet--0000069'
2026-05-31T23:49:36.6783144Z	biomes-node-vnet--0000069	Updating revision : biomes-node-vnet--0000069
2026-05-31T23:49:37.6197066Z	biomes-node-vnet--0000069	Successfully provisioned revision 'biomes-node-vnet--0000069'
2026-05-31T23:49:50.5854125Z	biomes-node-vnet--0000068	Revision 'biomes-node-vnet--0000068' provisioning timed out after progression deadline.
2026-05-31T23:49:51.6034037Z	biomes-node-vnet--0000068	Revision 'biomes-node-vnet--0000068' provisioning timed out after progression deadline.
2026-05-31T23:49:52.657381Z	biomes-node-vnet--0000068	Revision 'biomes-node-vnet--0000068' provisioning timed out after progression deadline.
2026-05-31T23:50:01.6405814Z	biomes-node-vnet--0000068	startup probe failed: connection refused
2026-05-31T23:51:03.738409Z	biomes-node-vnet--0000067	startup probe failed: connection refused
2026-05-31T23:51:10.6311359Z	biomes-node-vnet--0000067	The TargetPort 3000 does not match any of the listening ports: [3401 3504 3501 3104 3101 3301 3604 3601 4601 4904 4901 4704 4701 4900].
2026-05-31T23:51:30.6474973Z	biomes-node-vnet--0000069	startup probe failed: connection refused
2026-05-31T23:51:31.6234672Z	biomes-node-vnet--0000069	The TargetPort 3000 does not match the listening port 3101.
2026-05-31T23:51:32.5802311Z	biomes-node-vnet--0000069	The TargetPort 3000 does not match the listening port 3101.
2026-05-31T23:51:34.5968723Z	biomes-node-vnet--0000069	The TargetPort 3000 does not match the listening port 3101.
2026-05-31T23:51:35.6482381Z	biomes-node-vnet--0000069	startup probe failed: connection refused
2026-05-31T23:51:36.6960809Z	biomes-node-vnet--0000069	The TargetPort 3000 does not match the listening port 3101.
2026-05-31T23:51:39.675317Z	biomes-node-vnet--0000069	The TargetPort 3000 does not match the listening port 3101.
2026-05-31T23:51:40.6185268Z	biomes-node-vnet--0000069	startup probe failed: connection refused
2026-05-31T23:51:41.5798005Z	biomes-node-vnet--0000069	The TargetPort 3000 does not match the listening port 3101.
2026-05-31T23:51:43.6285066Z	biomes-node-vnet--0000069	The TargetPort 3000 does not match the listening port 3101.
2026-05-31T23:51:45.7187329Z	biomes-node-vnet--0000069	startup probe failed: connection refused
2026-05-31T23:51:46.6066113Z	biomes-node-vnet--0000069	The TargetPort 3000 does not match the listening port 3101.
2026-05-31T23:51:48.6332517Z	biomes-node-vnet--0000069	The TargetPort 3000 does not match the listening port 3101.
2026-05-31T23:51:50.6324089Z	biomes-node-vnet--0000069	startup probe failed: connection refused
2026-05-31T23:51:51.6296821Z	biomes-node-vnet--0000069	The TargetPort 3000 does not match the listening port 3101.
2026-05-31T23:51:53.696878Z	biomes-node-vnet--0000069	The TargetPort 3000 does not match any of the listening ports: [3104 3101].
2026-05-31T23:51:54.6545147Z	biomes-node-vnet--0000069	The TargetPort 3000 does not match any of the listening ports: [3104 3101].
2026-05-31T23:51:55.631042Z	biomes-node-vnet--0000069	startup probe failed: connection refused
2026-05-31T23:51:56.6365355Z	biomes-node-vnet--0000069	The TargetPort 3000 does not match any of the listening ports: [3104 3101].
2026-05-31T23:51:58.6565698Z	biomes-node-vnet--0000069	The TargetPort 3000 does not match any of the listening ports: [3601 3501 3104 3101 4701 4601].
2026-05-31T23:51:59.6005874Z	biomes-node-vnet--0000069	The TargetPort 3000 does not match any of the listening ports: [3601 3501 3104 3101 3301 4701 4601].
2026-05-31T23:51:59.6005874Z	biomes-node-vnet--0000069	The TargetPort 3000 does not match any of the listening ports: [3604 3601 3501 3104 3101 3301 4701 4601].
2026-05-31T23:52:00.6092055Z	biomes-node-vnet--0000069	startup probe failed: connection refused
2026-05-31T23:52:00.6092055Z	biomes-node-vnet--0000069	The TargetPort 3000 does not match any of the listening ports: [3604 3601 3401 3501 3104 3101 3301 4901 4704 4701 4601].
2026-05-31T23:52:00.6092055Z	biomes-node-vnet--0000069	The TargetPort 3000 does not match any of the listening ports: [3604 3601 3501 3104 3101 3301 4901 4704 4701 4601].
2026-05-31T23:52:01.6434358Z	biomes-node-vnet--0000069	The TargetPort 3000 does not match any of the listening ports: [3604 3601 3401 3501 3104 3101 3301 4901 4704 4701 4601].
2026-05-31T23:52:03.6393182Z	biomes-node-vnet--0000069	The TargetPort 3000 does not match any of the listening ports: [3604 3601 3401 3501 3104 3101 3301 4901 4704 4701 4601].
2026-05-31T23:52:05.588454Z	biomes-node-vnet--0000069	startup probe failed: connection refused
2026-05-31T23:52:05.588454Z	biomes-node-vnet--0000069	The TargetPort 3000 does not match any of the listening ports: [3604 3601 3401 3501 3104 3101 3301 4901 4704 4701 4601].
2026-05-31T23:52:08.6340607Z	biomes-node-vnet--0000069	The TargetPort 3000 does not match any of the listening ports: [3604 3601 3401 3501 3104 3101 3301 4901 4704 4701 4601].
2026-05-31T23:52:10.7073469Z	biomes-node-vnet--0000069	startup probe failed: connection refused
2026-05-31T23:52:10.7073469Z	biomes-node-vnet--0000069	The TargetPort 3000 does not match any of the listening ports: [3604 3601 3401 3501 3104 3101 3301 4901 4704 4701 4601].
2026-05-31T23:52:12.601669Z	biomes-node-vnet--0000069	The TargetPort 3000 does not match any of the listening ports: [3604 3601 3401 3501 3104 3101 3301 4901 4704 4701 4601].
2026-05-31T23:52:15.6466853Z	biomes-node-vnet--0000069	startup probe failed: connection refused
2026-05-31T23:52:15.6466853Z	biomes-node-vnet--0000069	The TargetPort 3000 does not match any of the listening ports: [3604 3601 3401 3501 3104 3101 3301 4901 4704 4701 4601].
2026-05-31T23:52:20.7512146Z	biomes-node-vnet--0000069	startup probe failed: connection refused
2026-05-31T23:52:25.6556949Z	biomes-node-vnet--0000069	startup probe failed: connection refused
2026-05-31T23:52:30.6420613Z	biomes-node-vnet--0000069	startup probe failed: connection refused
2026-05-31T23:52:35.6675365Z	biomes-node-vnet--0000069	startup probe failed: connection refused
2026-05-31T23:52:40.5919691Z	biomes-node-vnet--0000069	startup probe failed: connection refused
2026-05-31T23:52:45.6786318Z	biomes-node-vnet--0000069	startup probe failed: connection refused
2026-05-31T23:52:48.6200634Z	biomes-node-vnet--0000067	Container biomes-node-vnet failed startup probe, will be restarted
2026-05-31T23:52:50.6154795Z	biomes-node-vnet--0000069	startup probe failed: connection refused
2026-05-31T23:52:55.5968748Z	biomes-node-vnet--0000069	startup probe failed: connection refused
2026-05-31T23:53:00.5859599Z	biomes-node-vnet--0000069	startup probe failed: connection refused
2026-05-31T23:53:05.5929323Z	biomes-node-vnet--0000069	startup probe failed: connection refused
